ts2vec_0,ts2vec_1,ts2vec_2,ts2vec_3,ts2vec_4,ts2vec_5,ts2vec_6,ts2vec_7,ts2vec_8,ts2vec_9,ts2vec_10,ts2vec_11,ts2vec_12,ts2vec_13,ts2vec_14,ts2vec_15
-0.28964525,-0.067299105,-0.39160386,-0.7238614,-0.17730546,0.09116818,-0.5607948,0.07045472,0.056677353,0.016591597,0.080046,-0.08401678,-0.70012885,0.1732927,-0.434483,-0.5688509
