ts2vec_0,ts2vec_1,ts2vec_2,ts2vec_3,ts2vec_4,ts2vec_5,ts2vec_6,ts2vec_7,ts2vec_8,ts2vec_9,ts2vec_10,ts2vec_11,ts2vec_12,ts2vec_13,ts2vec_14,ts2vec_15
-0.39873996,0.18735895,-0.16543685,-0.6417014,-0.324367,0.22784638,-0.39509186,-0.09079653,0.20217004,-0.20224068,-0.0068491567,-0.19429429,-0.7329416,0.060362015,-0.7059505,-0.43846235
