ts2vec_0,ts2vec_1,ts2vec_2,ts2vec_3,ts2vec_4,ts2vec_5,ts2vec_6,ts2vec_7,ts2vec_8,ts2vec_9,ts2vec_10,ts2vec_11,ts2vec_12,ts2vec_13,ts2vec_14,ts2vec_15
-0.37982288,-0.018916741,-0.7720307,1.0256681,-0.62393284,0.4391106,-0.048705254,-0.70522755,0.3283568,-0.4853147,-0.5556472,-0.45949647,-0.40751335,-0.3603433,-0.6539743,-0.015518409
