ts2vec_0,ts2vec_1,ts2vec_2,ts2vec_3,ts2vec_4,ts2vec_5,ts2vec_6,ts2vec_7,ts2vec_8,ts2vec_9,ts2vec_10,ts2vec_11,ts2vec_12,ts2vec_13,ts2vec_14,ts2vec_15
-0.42329916,-0.061563466,-0.32494274,-0.619285,-0.2990188,0.035663135,-0.3108404,-0.076452576,0.2785353,-0.15688968,-0.11205458,0.021138454,-0.73447007,0.31372598,-0.76261854,-0.3992215
