ts2vec_0,ts2vec_1,ts2vec_2,ts2vec_3,ts2vec_4,ts2vec_5,ts2vec_6,ts2vec_7,ts2vec_8,ts2vec_9,ts2vec_10,ts2vec_11,ts2vec_12,ts2vec_13,ts2vec_14,ts2vec_15
-0.1024912,-0.3875635,-0.40664303,-0.9020133,-0.107964315,-0.43250704,-0.34841722,-0.370845,-0.26699778,0.2187537,0.28226656,0.12683037,-0.3997205,0.35790265,0.12647237,-0.36896497
