ts2vec_0,ts2vec_1,ts2vec_2,ts2vec_3,ts2vec_4,ts2vec_5,ts2vec_6,ts2vec_7,ts2vec_8,ts2vec_9,ts2vec_10,ts2vec_11,ts2vec_12,ts2vec_13,ts2vec_14,ts2vec_15
-0.30130467,-0.16531397,-0.33100897,-0.7797329,-0.2190358,-0.13473456,-0.35142082,-0.053532857,0.13443582,-0.07076074,0.059972357,0.06715829,-0.6914988,0.3576907,-0.52934444,-0.43222174
