ts2vec_0,ts2vec_1,ts2vec_2,ts2vec_3,ts2vec_4,ts2vec_5,ts2vec_6,ts2vec_7,ts2vec_8,ts2vec_9,ts2vec_10,ts2vec_11,ts2vec_12,ts2vec_13,ts2vec_14,ts2vec_15
0.06289264,-0.52337205,-0.5594797,-0.7660729,-0.109214395,-0.6186971,-0.17998536,-0.6725661,-0.4183174,0.24321981,0.38649336,0.12616442,-0.15017672,0.30252895,0.5045871,-0.26704815
