ts2vec_0,ts2vec_1,ts2vec_2,ts2vec_3,ts2vec_4,ts2vec_5,ts2vec_6,ts2vec_7,ts2vec_8,ts2vec_9,ts2vec_10,ts2vec_11,ts2vec_12,ts2vec_13,ts2vec_14,ts2vec_15
-0.33994034,-0.028967217,-0.77968484,0.99036616,-0.67574424,0.43613404,0.03487872,-0.79988784,0.33717436,-0.5261928,-0.5524023,-0.46414408,-0.34264928,-0.38962162,-0.66083163,0.063943274
