ts2vec_0,ts2vec_1,ts2vec_2,ts2vec_3,ts2vec_4,ts2vec_5,ts2vec_6,ts2vec_7,ts2vec_8,ts2vec_9,ts2vec_10,ts2vec_11,ts2vec_12,ts2vec_13,ts2vec_14,ts2vec_15
-0.38944075,-0.0018350086,-0.7465942,0.96665615,-0.62437814,0.4596534,-0.050972894,-0.68715405,0.35081723,-0.46405664,-0.5502838,-0.43727297,-0.43434832,-0.34126422,-0.6830309,-0.017998535
