ts2vec_0,ts2vec_1,ts2vec_2,ts2vec_3,ts2vec_4,ts2vec_5,ts2vec_6,ts2vec_7,ts2vec_8,ts2vec_9,ts2vec_10,ts2vec_11,ts2vec_12,ts2vec_13,ts2vec_14,ts2vec_15
-0.12378822,-0.13246651,-0.5815404,-0.67461574,-0.01468086,0.10177223,-0.6743788,0.24991462,0.037573345,0.113991395,0.16334215,-0.093455784,-0.81982404,0.20700641,-0.3500111,-0.67494375
