ts2vec_0,ts2vec_1,ts2vec_2,ts2vec_3,ts2vec_4,ts2vec_5,ts2vec_6,ts2vec_7,ts2vec_8,ts2vec_9,ts2vec_10,ts2vec_11,ts2vec_12,ts2vec_13,ts2vec_14,ts2vec_15
0.02587766,-0.56012547,-0.5553458,-0.6253536,-0.14766102,-0.62124705,0.022562834,-0.7115431,-0.33284578,0.23651728,0.25729367,0.22591789,0.039344303,0.2963337,0.45593867,-0.18250932
