ts2vec_0,ts2vec_1,ts2vec_2,ts2vec_3,ts2vec_4,ts2vec_5,ts2vec_6,ts2vec_7,ts2vec_8,ts2vec_9,ts2vec_10,ts2vec_11,ts2vec_12,ts2vec_13,ts2vec_14,ts2vec_15
-0.3710539,-0.009997942,-0.7599333,1.0078429,-0.63457876,0.43571913,-0.043370873,-0.7263223,0.3399283,-0.4888587,-0.5468993,-0.46622777,-0.40669242,-0.36897916,-0.6540891,-0.00065094564
