ts2vec_0,ts2vec_1,ts2vec_2,ts2vec_3,ts2vec_4,ts2vec_5,ts2vec_6,ts2vec_7,ts2vec_8,ts2vec_9,ts2vec_10,ts2vec_11,ts2vec_12,ts2vec_13,ts2vec_14,ts2vec_15
-0.47325864,0.22150074,-0.088802144,-0.59814894,-0.4399878,0.24534525,-0.28524217,-0.30845553,0.31223774,-0.3216337,-0.107263856,-0.20482083,-0.7315507,0.029420933,-0.85425097,-0.29021803
