ts2vec_0,ts2vec_1,ts2vec_2,ts2vec_3,ts2vec_4,ts2vec_5,ts2vec_6,ts2vec_7,ts2vec_8,ts2vec_9,ts2vec_10,ts2vec_11,ts2vec_12,ts2vec_13,ts2vec_14,ts2vec_15
-0.3402938,-0.018564092,-0.7540225,0.98421824,-0.6582923,0.4002941,-0.02524685,-0.8146583,0.33641404,-0.52252626,-0.53005046,-0.50123364,-0.37681687,-0.41227502,-0.6132254,0.055865236
