ts2vec_0,ts2vec_1,ts2vec_2,ts2vec_3,ts2vec_4,ts2vec_5,ts2vec_6,ts2vec_7,ts2vec_8,ts2vec_9,ts2vec_10,ts2vec_11,ts2vec_12,ts2vec_13,ts2vec_14,ts2vec_15
0.37338188,-0.5286219,-0.70395464,-0.7616781,-0.008087695,-0.6946113,-0.37715247,-0.8791107,-0.58886844,0.55132675,0.5868111,0.11475286,-0.23999608,0.24722198,0.85919243,-0.35720104
