ts2vec_0,ts2vec_1,ts2vec_2,ts2vec_3,ts2vec_4,ts2vec_5,ts2vec_6,ts2vec_7,ts2vec_8,ts2vec_9,ts2vec_10,ts2vec_11,ts2vec_12,ts2vec_13,ts2vec_14,ts2vec_15
-0.0982506,-0.56000894,-0.5460567,-0.5613182,-0.08857044,-0.58316255,0.10057489,-0.6151591,-0.5073911,0.23045605,0.17611314,-0.019886136,0.42248002,0.15379475,0.710242,-0.2650663
