ts2vec_0,ts2vec_1,ts2vec_2,ts2vec_3,ts2vec_4,ts2vec_5,ts2vec_6,ts2vec_7,ts2vec_8,ts2vec_9,ts2vec_10,ts2vec_11,ts2vec_12,ts2vec_13,ts2vec_14,ts2vec_15
-0.5504344,0.15867776,-0.42035615,0.0016017042,-0.54317665,0.47926313,-0.17028804,-0.38438076,0.4279533,-0.37969348,-0.4509359,-0.26467487,-0.664338,-0.04241958,-0.98160946,-0.20408592
