ts2vec_0,ts2vec_1,ts2vec_2,ts2vec_3,ts2vec_4,ts2vec_5,ts2vec_6,ts2vec_7,ts2vec_8,ts2vec_9,ts2vec_10,ts2vec_11,ts2vec_12,ts2vec_13,ts2vec_14,ts2vec_15
-0.51451844,0.23960593,-0.5676792,0.41901347,-0.59407955,0.6550614,-0.15606102,-0.5122018,0.42659807,-0.42829943,-0.5315286,-0.43149397,-0.57969725,-0.25044876,-0.9365225,-0.15789917
