ts2vec_0,ts2vec_1,ts2vec_2,ts2vec_3,ts2vec_4,ts2vec_5,ts2vec_6,ts2vec_7,ts2vec_8,ts2vec_9,ts2vec_10,ts2vec_11,ts2vec_12,ts2vec_13,ts2vec_14,ts2vec_15
-0.42295307,0.11483201,-0.116404854,-0.6763009,-0.3742306,0.10216552,-0.32972035,-0.2556076,0.21649902,-0.2583945,-0.01144536,-0.12413659,-0.7047262,0.13578106,-0.7267334,-0.33854118
