ts2vec_0,ts2vec_1,ts2vec_2,ts2vec_3,ts2vec_4,ts2vec_5,ts2vec_6,ts2vec_7,ts2vec_8,ts2vec_9,ts2vec_10,ts2vec_11,ts2vec_12,ts2vec_13,ts2vec_14,ts2vec_15
-0.55923,0.1719211,0.52645195,-0.50410587,-0.31205526,-0.26402438,-0.1869381,0.12141117,-0.62645453,-0.40607932,0.019696029,-0.56984097,0.53562975,-0.3871067,0.26838064,-0.44205913
