ts2vec_0,ts2vec_1,ts2vec_2,ts2vec_3,ts2vec_4,ts2vec_5,ts2vec_6,ts2vec_7,ts2vec_8,ts2vec_9,ts2vec_10,ts2vec_11,ts2vec_12,ts2vec_13,ts2vec_14,ts2vec_15
-0.53811425,-0.0777016,-0.7677811,0.81665415,-0.4520944,0.4915867,-0.1873236,-0.1433836,0.32438675,-0.31380314,-0.62155163,-0.18415411,-0.5923019,-0.013013509,-0.88697886,-0.32074
