ts2vec_0,ts2vec_1,ts2vec_2,ts2vec_3,ts2vec_4,ts2vec_5,ts2vec_6,ts2vec_7,ts2vec_8,ts2vec_9,ts2vec_10,ts2vec_11,ts2vec_12,ts2vec_13,ts2vec_14,ts2vec_15
-0.5286115,0.26109323,-0.488734,0.26557252,-0.511062,0.5907459,-0.24237613,-0.4697517,0.4285563,-0.3799854,-0.49181405,-0.4253449,-0.68004817,-0.24369629,-0.9318058,-0.13090076
