ts2vec_0,ts2vec_1,ts2vec_2,ts2vec_3,ts2vec_4,ts2vec_5,ts2vec_6,ts2vec_7,ts2vec_8,ts2vec_9,ts2vec_10,ts2vec_11,ts2vec_12,ts2vec_13,ts2vec_14,ts2vec_15
-0.486395,0.10358722,-0.68598413,0.72583896,-0.48088032,0.5113468,-0.21709977,-0.40065998,0.34068796,-0.3511195,-0.5572184,-0.36369643,-0.61570024,-0.17974977,-0.828569,-0.21294165
