ts2vec_0,ts2vec_1,ts2vec_2,ts2vec_3,ts2vec_4,ts2vec_5,ts2vec_6,ts2vec_7,ts2vec_8,ts2vec_9,ts2vec_10,ts2vec_11,ts2vec_12,ts2vec_13,ts2vec_14,ts2vec_15
-0.4979363,-0.031392064,-0.7572729,0.96958435,-0.466175,0.46395442,-0.20711905,-0.32927555,0.28477237,-0.35588795,-0.5845515,-0.32640776,-0.57550097,-0.16880804,-0.76442647,-0.24878736
