ts2vec_0,ts2vec_1,ts2vec_2,ts2vec_3,ts2vec_4,ts2vec_5,ts2vec_6,ts2vec_7,ts2vec_8,ts2vec_9,ts2vec_10,ts2vec_11,ts2vec_12,ts2vec_13,ts2vec_14,ts2vec_15
-0.53407276,0.32748976,-0.3592499,-0.034389134,-0.47344372,0.57456535,-0.29617375,-0.39969018,0.4364482,-0.3421073,-0.40289202,-0.40413204,-0.74047494,-0.20264521,-0.97186166,-0.18576111
