ts2vec_0,ts2vec_1,ts2vec_2,ts2vec_3,ts2vec_4,ts2vec_5,ts2vec_6,ts2vec_7,ts2vec_8,ts2vec_9,ts2vec_10,ts2vec_11,ts2vec_12,ts2vec_13,ts2vec_14,ts2vec_15
0.105787545,-0.5316495,-0.6859774,-0.656408,0.005374496,-0.5399391,-0.26539567,-0.71239066,-0.5657907,0.39899352,0.35928357,-0.08268902,0.21411957,0.09232516,0.8392911,-0.3809295
