ts2vec_0,ts2vec_1,ts2vec_2,ts2vec_3,ts2vec_4,ts2vec_5,ts2vec_6,ts2vec_7,ts2vec_8,ts2vec_9,ts2vec_10,ts2vec_11,ts2vec_12,ts2vec_13,ts2vec_14,ts2vec_15
-0.5107583,-0.034215033,-0.75339377,0.89178866,-0.45655116,0.45502484,-0.2211293,-0.29535314,0.28984776,-0.3478776,-0.59493405,-0.3068708,-0.5817135,-0.13283516,-0.79572564,-0.2839773
