ts2vec_0,ts2vec_1,ts2vec_2,ts2vec_3,ts2vec_4,ts2vec_5,ts2vec_6,ts2vec_7,ts2vec_8,ts2vec_9,ts2vec_10,ts2vec_11,ts2vec_12,ts2vec_13,ts2vec_14,ts2vec_15
-0.47350115,0.11904447,-0.5290411,-0.0489385,-0.34363106,0.53083575,-0.3942942,0.015046681,0.37272853,-0.21269299,-0.34157395,-0.20659348,-0.7851529,0.028599294,-0.91876674,-0.45384368
