ts2vec_0,ts2vec_1,ts2vec_2,ts2vec_3,ts2vec_4,ts2vec_5,ts2vec_6,ts2vec_7,ts2vec_8,ts2vec_9,ts2vec_10,ts2vec_11,ts2vec_12,ts2vec_13,ts2vec_14,ts2vec_15
-0.50075483,0.49129677,-0.31818837,0.01748229,-0.4495443,0.4963485,-0.331859,-0.28664815,0.36230868,-0.26131585,-0.35665426,-0.42957255,-0.7342676,-0.12968646,-0.98168653,-0.33787373
