ts2vec_0,ts2vec_1,ts2vec_2,ts2vec_3,ts2vec_4,ts2vec_5,ts2vec_6,ts2vec_7,ts2vec_8,ts2vec_9,ts2vec_10,ts2vec_11,ts2vec_12,ts2vec_13,ts2vec_14,ts2vec_15
0.045227736,-0.40440118,-0.62712246,-0.6710118,-0.052624308,-0.24313293,-0.45355442,-0.124043114,0.04983957,0.2531638,0.25046194,0.34939304,-0.85053706,0.50890964,-0.23870544,-0.4297512
