ts2vec_0,ts2vec_1,ts2vec_2,ts2vec_3,ts2vec_4,ts2vec_5,ts2vec_6,ts2vec_7,ts2vec_8,ts2vec_9,ts2vec_10,ts2vec_11,ts2vec_12,ts2vec_13,ts2vec_14,ts2vec_15
-0.21700701,-0.05336281,-0.50159067,-0.6479635,-0.130476,0.19879706,-0.6000251,0.21155776,0.10530177,0.01445952,0.10540399,-0.14037982,-0.79964745,0.17537992,-0.4767361,-0.66296947
