ts2vec_0,ts2vec_1,ts2vec_2,ts2vec_3,ts2vec_4,ts2vec_5,ts2vec_6,ts2vec_7,ts2vec_8,ts2vec_9,ts2vec_10,ts2vec_11,ts2vec_12,ts2vec_13,ts2vec_14,ts2vec_15
-0.47663504,0.65670437,-0.089072555,-0.23249868,-0.65192896,0.7229844,-0.21177131,-0.6267086,0.5032271,-0.42626154,-0.22885576,-0.544822,-0.63961226,-0.39715043,-1.0612016,-0.13498923
