ts2vec_0,ts2vec_1,ts2vec_2,ts2vec_3,ts2vec_4,ts2vec_5,ts2vec_6,ts2vec_7,ts2vec_8,ts2vec_9,ts2vec_10,ts2vec_11,ts2vec_12,ts2vec_13,ts2vec_14,ts2vec_15
-0.5459784,-0.12434087,-0.7684407,0.71108663,-0.42215976,0.5167577,-0.22871794,-0.013052776,0.3313356,-0.26606658,-0.6115927,-0.11835407,-0.6354897,0.059346974,-0.89866745,-0.37240985
