ts2vec_0,ts2vec_1,ts2vec_2,ts2vec_3,ts2vec_4,ts2vec_5,ts2vec_6,ts2vec_7,ts2vec_8,ts2vec_9,ts2vec_10,ts2vec_11,ts2vec_12,ts2vec_13,ts2vec_14,ts2vec_15
0.038179327,-0.4365159,-0.5288501,-0.7421375,-0.09588959,-0.3530977,-0.36763203,-0.29609835,-0.32296208,0.32460725,0.3166764,0.14380655,-0.53915936,0.23448384,0.29456493,-0.3607144
