ts2vec_0,ts2vec_1,ts2vec_2,ts2vec_3,ts2vec_4,ts2vec_5,ts2vec_6,ts2vec_7,ts2vec_8,ts2vec_9,ts2vec_10,ts2vec_11,ts2vec_12,ts2vec_13,ts2vec_14,ts2vec_15
-0.32390982,-0.14950699,-0.5082639,-0.43219966,-0.2330779,0.1759302,-0.37721312,0.12407156,0.2377076,-0.0037920785,-0.089262284,0.12774909,-0.8374093,0.28394777,-0.6649901,-0.45169416
