ts2vec_0,ts2vec_1,ts2vec_2,ts2vec_3,ts2vec_4,ts2vec_5,ts2vec_6,ts2vec_7,ts2vec_8,ts2vec_9,ts2vec_10,ts2vec_11,ts2vec_12,ts2vec_13,ts2vec_14,ts2vec_15
-0.49677995,-0.065686665,-0.77426577,0.91513,-0.5329715,0.53349453,-0.12066538,-0.3142848,0.34472096,-0.3567301,-0.61201185,-0.25502646,-0.52966154,-0.11655056,-0.83340293,-0.22450274
