ts2vec_0,ts2vec_1,ts2vec_2,ts2vec_3,ts2vec_4,ts2vec_5,ts2vec_6,ts2vec_7,ts2vec_8,ts2vec_9,ts2vec_10,ts2vec_11,ts2vec_12,ts2vec_13,ts2vec_14,ts2vec_15
-0.16702674,-0.21664178,-0.5820138,-0.52393776,-0.12095855,0.060484678,-0.4872241,0.12041266,0.1807713,0.09479583,0.06649537,0.13698174,-0.85847837,0.37161046,-0.52215576,-0.5248751
