ts2vec_0,ts2vec_1,ts2vec_2,ts2vec_3,ts2vec_4,ts2vec_5,ts2vec_6,ts2vec_7,ts2vec_8,ts2vec_9,ts2vec_10,ts2vec_11,ts2vec_12,ts2vec_13,ts2vec_14,ts2vec_15
-0.53483856,-0.122089826,-0.77280676,0.80698943,-0.46011063,0.5007428,-0.18136434,-0.12537943,0.3276579,-0.29655543,-0.6190358,-0.15011641,-0.5895886,0.009575853,-0.87520397,-0.31761402
