ts2vec_0,ts2vec_1,ts2vec_2,ts2vec_3,ts2vec_4,ts2vec_5,ts2vec_6,ts2vec_7,ts2vec_8,ts2vec_9,ts2vec_10,ts2vec_11,ts2vec_12,ts2vec_13,ts2vec_14,ts2vec_15
-0.6740665,-0.62728995,-0.38481808,-0.14360903,-0.010254447,-0.6295431,0.833321,-0.09408588,-0.511843,-0.25398496,-0.5017334,-0.46888524,1.8259578,-0.24597956,0.8864924,-0.31633306
