ts2vec_0,ts2vec_1,ts2vec_2,ts2vec_3,ts2vec_4,ts2vec_5,ts2vec_6,ts2vec_7,ts2vec_8,ts2vec_9,ts2vec_10,ts2vec_11,ts2vec_12,ts2vec_13,ts2vec_14,ts2vec_15
-0.47094455,0.18952475,-0.46772283,-0.11072046,-0.42592916,0.54610485,-0.32061747,-0.06323586,0.42033434,-0.17663026,-0.30345815,-0.16180423,-0.7739714,0.010283529,-0.92910355,-0.41789404
