ts2vec_0,ts2vec_1,ts2vec_2,ts2vec_3,ts2vec_4,ts2vec_5,ts2vec_6,ts2vec_7,ts2vec_8,ts2vec_9,ts2vec_10,ts2vec_11,ts2vec_12,ts2vec_13,ts2vec_14,ts2vec_15
-0.5054523,-0.03340756,-0.7542376,0.84100544,-0.5404963,0.5560568,-0.12211316,-0.32164434,0.35152748,-0.36839798,-0.60401374,-0.2689867,-0.5374953,-0.13246222,-0.85179156,-0.22111817
