ts2vec_0,ts2vec_1,ts2vec_2,ts2vec_3,ts2vec_4,ts2vec_5,ts2vec_6,ts2vec_7,ts2vec_8,ts2vec_9,ts2vec_10,ts2vec_11,ts2vec_12,ts2vec_13,ts2vec_14,ts2vec_15
-0.538384,-0.02598002,-0.71230495,0.5198334,-0.43118548,0.56763786,-0.24748373,-0.020694006,0.37797156,-0.25967562,-0.5502083,-0.15517645,-0.66436267,0.037654772,-0.93441087,-0.3844949
