ts2vec_0,ts2vec_1,ts2vec_2,ts2vec_3,ts2vec_4,ts2vec_5,ts2vec_6,ts2vec_7,ts2vec_8,ts2vec_9,ts2vec_10,ts2vec_11,ts2vec_12,ts2vec_13,ts2vec_14,ts2vec_15
-0.3176045,-0.07143817,-0.5545423,-0.38410452,-0.19973283,0.27848577,-0.48213956,0.172676,0.25569558,-0.040734872,-0.099230856,-0.017392343,-0.8237044,0.23465922,-0.70443684,-0.5611016
