ts2vec_0,ts2vec_1,ts2vec_2,ts2vec_3,ts2vec_4,ts2vec_5,ts2vec_6,ts2vec_7,ts2vec_8,ts2vec_9,ts2vec_10,ts2vec_11,ts2vec_12,ts2vec_13,ts2vec_14,ts2vec_15
-0.4756612,-0.028607158,-0.77020806,0.93157804,-0.5589891,0.5469928,-0.10296241,-0.39532736,0.35209963,-0.38017365,-0.60165584,-0.30481628,-0.51270455,-0.17958383,-0.809994,-0.1832121
