ts2vec_0,ts2vec_1,ts2vec_2,ts2vec_3,ts2vec_4,ts2vec_5,ts2vec_6,ts2vec_7,ts2vec_8,ts2vec_9,ts2vec_10,ts2vec_11,ts2vec_12,ts2vec_13,ts2vec_14,ts2vec_15
-0.5410651,-0.113279894,-0.7665209,0.7387573,-0.44303402,0.49198252,-0.1965194,-0.08225997,0.3250392,-0.28168762,-0.6166044,-0.12594172,-0.6042071,0.03989546,-0.8939136,-0.3473676
