ts2vec_0,ts2vec_1,ts2vec_2,ts2vec_3,ts2vec_4,ts2vec_5,ts2vec_6,ts2vec_7,ts2vec_8,ts2vec_9,ts2vec_10,ts2vec_11,ts2vec_12,ts2vec_13,ts2vec_14,ts2vec_15
-0.3998697,-0.04367625,-0.7997381,1.0791996,-0.6100483,0.4817682,-0.039892897,-0.60695016,0.33146203,-0.4459636,-0.57865256,-0.39229798,-0.42185488,-0.3058499,-0.6987259,-0.06258472
