ts2vec_0,ts2vec_1,ts2vec_2,ts2vec_3,ts2vec_4,ts2vec_5,ts2vec_6,ts2vec_7,ts2vec_8,ts2vec_9,ts2vec_10,ts2vec_11,ts2vec_12,ts2vec_13,ts2vec_14,ts2vec_15
-0.39428025,-0.1267296,-0.6379475,-0.15158133,-0.22725411,0.32843992,-0.4194387,0.2077765,0.3162915,-0.06804319,-0.24767913,0.03845359,-0.8177103,0.2535035,-0.80550015,-0.51960194
