ts2vec_0,ts2vec_1,ts2vec_2,ts2vec_3,ts2vec_4,ts2vec_5,ts2vec_6,ts2vec_7,ts2vec_8,ts2vec_9,ts2vec_10,ts2vec_11,ts2vec_12,ts2vec_13,ts2vec_14,ts2vec_15
0.115509264,-0.5059643,-0.6362897,-0.70404446,-0.069448404,-0.4127581,-0.37979528,-0.35263768,0.04897209,0.31512338,0.27579185,0.53884006,-0.83939004,0.60481834,-0.16547787,-0.29511622
