ts2vec_0,ts2vec_1,ts2vec_2,ts2vec_3,ts2vec_4,ts2vec_5,ts2vec_6,ts2vec_7,ts2vec_8,ts2vec_9,ts2vec_10,ts2vec_11,ts2vec_12,ts2vec_13,ts2vec_14,ts2vec_15
-0.32514727,-0.3092779,-0.6562175,-0.21464454,-0.18004113,0.10709046,-0.36030653,0.16331695,0.27949783,0.016417475,-0.19995062,0.27182052,-0.8496066,0.4305879,-0.7343637,-0.43407056
