ts2vec_0,ts2vec_1,ts2vec_2,ts2vec_3,ts2vec_4,ts2vec_5,ts2vec_6,ts2vec_7,ts2vec_8,ts2vec_9,ts2vec_10,ts2vec_11,ts2vec_12,ts2vec_13,ts2vec_14,ts2vec_15
-0.056062214,-0.39825675,-0.6209903,-0.5828472,-0.09090296,-0.16372475,-0.41616845,-0.039830577,0.13195626,0.17458841,0.13292353,0.37758696,-0.8813622,0.519961,-0.4002265,-0.39703545
