ts2vec_0,ts2vec_1,ts2vec_2,ts2vec_3,ts2vec_4,ts2vec_5,ts2vec_6,ts2vec_7,ts2vec_8,ts2vec_9,ts2vec_10,ts2vec_11,ts2vec_12,ts2vec_13,ts2vec_14,ts2vec_15
-0.47137207,0.6366251,-0.17050593,-0.08758114,-0.68353903,0.7781794,-0.16943385,-0.67676187,0.5177294,-0.4464156,-0.29803377,-0.5638572,-0.6089835,-0.43657836,-1.0644131,-0.08379998
