ts2vec_0,ts2vec_1,ts2vec_2,ts2vec_3,ts2vec_4,ts2vec_5,ts2vec_6,ts2vec_7,ts2vec_8,ts2vec_9,ts2vec_10,ts2vec_11,ts2vec_12,ts2vec_13,ts2vec_14,ts2vec_15
-0.52855545,-0.031238362,-0.6554099,0.3222412,-0.42231914,0.5265993,-0.2572449,-0.03571459,0.39165118,-0.21402664,-0.48383892,-0.08212607,-0.7165182,0.07564646,-0.9265778,-0.35780945
