ts2vec_0,ts2vec_1,ts2vec_2,ts2vec_3,ts2vec_4,ts2vec_5,ts2vec_6,ts2vec_7,ts2vec_8,ts2vec_9,ts2vec_10,ts2vec_11,ts2vec_12,ts2vec_13,ts2vec_14,ts2vec_15
-0.4915254,-0.21140778,-0.7041825,0.1908196,-0.27663094,0.3216834,-0.3333668,0.17949536,0.30701852,-0.13464096,-0.46658385,0.10783914,-0.7328384,0.28225484,-0.88950723,-0.4516988
