ts2vec_0,ts2vec_1,ts2vec_2,ts2vec_3,ts2vec_4,ts2vec_5,ts2vec_6,ts2vec_7,ts2vec_8,ts2vec_9,ts2vec_10,ts2vec_11,ts2vec_12,ts2vec_13,ts2vec_14,ts2vec_15
0.25860107,-0.52580494,-0.6369458,-0.8643968,-0.06339764,-0.61803293,-0.36443016,-0.6722396,-0.22816585,0.35538435,0.49651837,0.3664936,-0.6170462,0.4679681,0.29157534,-0.29857734
