ts2vec_0,ts2vec_1,ts2vec_2,ts2vec_3,ts2vec_4,ts2vec_5,ts2vec_6,ts2vec_7,ts2vec_8,ts2vec_9,ts2vec_10,ts2vec_11,ts2vec_12,ts2vec_13,ts2vec_14,ts2vec_15
0.007919584,-0.36555597,-0.58694136,-0.6761299,-0.06911157,-0.19240692,-0.46076638,-0.06563847,0.03474548,0.22077927,0.24367116,0.26363832,-0.823464,0.44307458,-0.2286706,-0.4471489
