ts2vec_0,ts2vec_1,ts2vec_2,ts2vec_3,ts2vec_4,ts2vec_5,ts2vec_6,ts2vec_7,ts2vec_8,ts2vec_9,ts2vec_10,ts2vec_11,ts2vec_12,ts2vec_13,ts2vec_14,ts2vec_15
0.29257035,-0.5153734,-0.66001016,-0.824629,-0.013557323,-0.5468134,-0.44755927,-0.61196566,-0.25395244,0.44346672,0.5025708,0.37121528,-0.67322725,0.4609524,0.31570655,-0.33022788
