ts2vec_0,ts2vec_1,ts2vec_2,ts2vec_3,ts2vec_4,ts2vec_5,ts2vec_6,ts2vec_7,ts2vec_8,ts2vec_9,ts2vec_10,ts2vec_11,ts2vec_12,ts2vec_13,ts2vec_14,ts2vec_15
-0.5202299,-0.06845932,-0.7667007,0.8345278,-0.4982308,0.5334077,-0.15263489,-0.21916299,0.33931205,-0.32783258,-0.611036,-0.20129071,-0.55784154,-0.06532825,-0.86543924,-0.2662255
