ts2vec_0,ts2vec_1,ts2vec_2,ts2vec_3,ts2vec_4,ts2vec_5,ts2vec_6,ts2vec_7,ts2vec_8,ts2vec_9,ts2vec_10,ts2vec_11,ts2vec_12,ts2vec_13,ts2vec_14,ts2vec_15
-0.5245622,-0.1079938,-0.6939001,0.22624782,-0.32767054,0.4206695,-0.3122658,0.10770607,0.3405909,-0.18153012,-0.47956622,-0.023365233,-0.7382976,0.19628587,-0.92942065,-0.44109753
