ts2vec_0,ts2vec_1,ts2vec_2,ts2vec_3,ts2vec_4,ts2vec_5,ts2vec_6,ts2vec_7,ts2vec_8,ts2vec_9,ts2vec_10,ts2vec_11,ts2vec_12,ts2vec_13,ts2vec_14,ts2vec_15
-0.26578745,0.101081654,-0.08507969,-0.8286235,-0.18426053,0.07365036,-0.6245078,0.17174998,-0.2760117,-0.07234648,0.23452117,-0.431082,-0.38519126,-0.1308668,-0.04608578,-0.67094666
