ts2vec_0,ts2vec_1,ts2vec_2,ts2vec_3,ts2vec_4,ts2vec_5,ts2vec_6,ts2vec_7,ts2vec_8,ts2vec_9,ts2vec_10,ts2vec_11,ts2vec_12,ts2vec_13,ts2vec_14,ts2vec_15
-0.50795627,-0.19952412,-0.7024962,0.30057707,-0.32226273,0.36785758,-0.2789142,0.13186397,0.34658024,-0.14806217,-0.48088363,0.08603183,-0.742911,0.26646978,-0.9142998,-0.40807214
