ts2vec_0,ts2vec_1,ts2vec_2,ts2vec_3,ts2vec_4,ts2vec_5,ts2vec_6,ts2vec_7,ts2vec_8,ts2vec_9,ts2vec_10,ts2vec_11,ts2vec_12,ts2vec_13,ts2vec_14,ts2vec_15
-0.16121235,-0.12066845,-0.23546237,-0.82346517,-0.08722879,-0.10778554,-0.56010854,0.13789025,-0.38915473,0.04900244,0.263213,-0.32800415,-0.3059294,-0.037392274,0.1895188,-0.63344353
