ts2vec_0,ts2vec_1,ts2vec_2,ts2vec_3,ts2vec_4,ts2vec_5,ts2vec_6,ts2vec_7,ts2vec_8,ts2vec_9,ts2vec_10,ts2vec_11,ts2vec_12,ts2vec_13,ts2vec_14,ts2vec_15
-0.4547161,-0.25576106,-0.6874529,0.09801683,-0.25385958,0.25130954,-0.32274806,0.18026643,0.31091657,-0.087969124,-0.40416715,0.17902926,-0.77627164,0.3464257,-0.85818565,-0.43133935
