ts2vec_0,ts2vec_1,ts2vec_2,ts2vec_3,ts2vec_4,ts2vec_5,ts2vec_6,ts2vec_7,ts2vec_8,ts2vec_9,ts2vec_10,ts2vec_11,ts2vec_12,ts2vec_13,ts2vec_14,ts2vec_15
0.2624594,-0.5238589,-0.6524357,-0.80047816,-0.042568795,-0.53000474,-0.39778316,-0.57004595,-0.16645007,0.40792143,0.45824414,0.4448139,-0.7358251,0.50735784,0.18946187,-0.29777113
