ts2vec_0,ts2vec_1,ts2vec_2,ts2vec_3,ts2vec_4,ts2vec_5,ts2vec_6,ts2vec_7,ts2vec_8,ts2vec_9,ts2vec_10,ts2vec_11,ts2vec_12,ts2vec_13,ts2vec_14,ts2vec_15
-0.2639218,0.017965809,-0.37755668,-0.70789284,-0.19164081,0.19884472,-0.51288295,0.15773292,0.15269475,-0.11599651,0.058640007,-0.16959411,-0.74267507,0.14231814,-0.5623279,-0.6206293
