ts2vec_0,ts2vec_1,ts2vec_2,ts2vec_3,ts2vec_4,ts2vec_5,ts2vec_6,ts2vec_7,ts2vec_8,ts2vec_9,ts2vec_10,ts2vec_11,ts2vec_12,ts2vec_13,ts2vec_14,ts2vec_15
-0.2902706,0.15331218,0.1496335,-0.7973491,-0.2005875,-0.042129777,-0.55671394,0.2593125,-0.42298487,-0.25041717,0.24073301,-0.548414,-0.12021814,-0.24609411,0.09565531,-0.6619872
