ts2vec_0,ts2vec_1,ts2vec_2,ts2vec_3,ts2vec_4,ts2vec_5,ts2vec_6,ts2vec_7,ts2vec_8,ts2vec_9,ts2vec_10,ts2vec_11,ts2vec_12,ts2vec_13,ts2vec_14,ts2vec_15
-0.3994867,-0.67559105,-0.648556,0.02527008,-0.052181296,-0.5912261,0.6067805,-0.4056011,-0.59645176,-0.24693762,-0.23302008,-0.5241238,1.5556897,-0.31412885,1.0841371,-0.28411528
