ts2vec_0,ts2vec_1,ts2vec_2,ts2vec_3,ts2vec_4,ts2vec_5,ts2vec_6,ts2vec_7,ts2vec_8,ts2vec_9,ts2vec_10,ts2vec_11,ts2vec_12,ts2vec_13,ts2vec_14,ts2vec_15
-0.50928146,0.017514788,-0.7120759,0.71311516,-0.5435654,0.5876353,-0.13695097,-0.3092719,0.39243683,-0.34631532,-0.5664673,-0.25811183,-0.5682526,-0.12699428,-0.8834416,-0.22196673
