ts2vec_0,ts2vec_1,ts2vec_2,ts2vec_3,ts2vec_4,ts2vec_5,ts2vec_6,ts2vec_7,ts2vec_8,ts2vec_9,ts2vec_10,ts2vec_11,ts2vec_12,ts2vec_13,ts2vec_14,ts2vec_15
-0.42051274,0.7648924,0.4363662,-0.67982835,-0.5916734,0.38148904,-0.349188,-0.71956974,0.25396746,-0.48292515,0.21756622,-0.5752303,-0.6366239,-0.3905704,-0.866529,-0.120200396
