ts2vec_0,ts2vec_1,ts2vec_2,ts2vec_3,ts2vec_4,ts2vec_5,ts2vec_6,ts2vec_7,ts2vec_8,ts2vec_9,ts2vec_10,ts2vec_11,ts2vec_12,ts2vec_13,ts2vec_14,ts2vec_15
-0.18933152,0.012069298,-0.1623748,-0.8520467,-0.12008122,0.0037160546,-0.6268454,0.21663447,-0.31043953,-0.052763045,0.26581278,-0.42027733,-0.394572,-0.09912323,0.040763706,-0.6959291
