ts2vec_0,ts2vec_1,ts2vec_2,ts2vec_3,ts2vec_4,ts2vec_5,ts2vec_6,ts2vec_7,ts2vec_8,ts2vec_9,ts2vec_10,ts2vec_11,ts2vec_12,ts2vec_13,ts2vec_14,ts2vec_15
-0.51158506,-0.056635227,-0.7590135,0.83601516,-0.5125109,0.54666865,-0.14780371,-0.2412265,0.3516897,-0.33875453,-0.607592,-0.22574158,-0.5646453,-0.087780334,-0.8528739,-0.26100147
