ts2vec_0,ts2vec_1,ts2vec_2,ts2vec_3,ts2vec_4,ts2vec_5,ts2vec_6,ts2vec_7,ts2vec_8,ts2vec_9,ts2vec_10,ts2vec_11,ts2vec_12,ts2vec_13,ts2vec_14,ts2vec_15
-0.47878975,-0.16589737,-0.70116985,0.13373716,-0.27594033,0.37639964,-0.3423308,0.19368024,0.3364846,-0.13375738,-0.41979605,0.047683567,-0.7651482,0.2631926,-0.8977262,-0.4793083
