ts2vec_0,ts2vec_1,ts2vec_2,ts2vec_3,ts2vec_4,ts2vec_5,ts2vec_6,ts2vec_7,ts2vec_8,ts2vec_9,ts2vec_10,ts2vec_11,ts2vec_12,ts2vec_13,ts2vec_14,ts2vec_15
-0.49212644,-0.026015326,-0.7574404,0.8736755,-0.5454843,0.5605018,-0.122277305,-0.3413895,0.3565181,-0.36855665,-0.5996741,-0.2848874,-0.52999204,-0.15147062,-0.83584094,-0.2118332
