ts2vec_0,ts2vec_1,ts2vec_2,ts2vec_3,ts2vec_4,ts2vec_5,ts2vec_6,ts2vec_7,ts2vec_8,ts2vec_9,ts2vec_10,ts2vec_11,ts2vec_12,ts2vec_13,ts2vec_14,ts2vec_15
-0.18248805,-0.45756584,-0.6776051,-0.31489393,-0.11525291,-0.11125157,-0.34059742,0.07413505,0.2666021,0.10724015,-0.08592083,0.4848659,-0.8690068,0.61680996,-0.6436828,-0.3602081
