ts2vec_0,ts2vec_1,ts2vec_2,ts2vec_3,ts2vec_4,ts2vec_5,ts2vec_6,ts2vec_7,ts2vec_8,ts2vec_9,ts2vec_10,ts2vec_11,ts2vec_12,ts2vec_13,ts2vec_14,ts2vec_15
0.04055828,-0.4333776,-0.6227689,-0.68567854,-0.056658532,-0.29261947,-0.42567748,-0.19271626,0.05753739,0.25905395,0.24542035,0.40621778,-0.83819526,0.5392279,-0.23795824,-0.37681636
