ts2vec_0,ts2vec_1,ts2vec_2,ts2vec_3,ts2vec_4,ts2vec_5,ts2vec_6,ts2vec_7,ts2vec_8,ts2vec_9,ts2vec_10,ts2vec_11,ts2vec_12,ts2vec_13,ts2vec_14,ts2vec_15
-0.52531236,-0.07927734,-0.76950616,0.8217401,-0.49681225,0.54411715,-0.16514744,-0.1933701,0.3437966,-0.32631174,-0.61815,-0.20912646,-0.5851596,-0.053676028,-0.86790323,-0.2878562
