ts2vec_0,ts2vec_1,ts2vec_2,ts2vec_3,ts2vec_4,ts2vec_5,ts2vec_6,ts2vec_7,ts2vec_8,ts2vec_9,ts2vec_10,ts2vec_11,ts2vec_12,ts2vec_13,ts2vec_14,ts2vec_15
-0.4028303,0.32675448,0.48010904,-0.7065693,-0.3212627,-0.08630898,-0.46658692,0.12426636,-0.47717708,-0.40093982,0.21679094,-0.5862092,0.019173361,-0.35904288,0.0532426,-0.54436886
