ts2vec_0,ts2vec_1,ts2vec_2,ts2vec_3,ts2vec_4,ts2vec_5,ts2vec_6,ts2vec_7,ts2vec_8,ts2vec_9,ts2vec_10,ts2vec_11,ts2vec_12,ts2vec_13,ts2vec_14,ts2vec_15
-0.5447977,-0.14970797,-0.75652283,0.6217862,-0.39549142,0.4593599,-0.22719634,0.022945799,0.3281596,-0.2337938,-0.58806777,-0.046303008,-0.6500615,0.12987654,-0.91634804,-0.38389763
