ts2vec_0,ts2vec_1,ts2vec_2,ts2vec_3,ts2vec_4,ts2vec_5,ts2vec_6,ts2vec_7,ts2vec_8,ts2vec_9,ts2vec_10,ts2vec_11,ts2vec_12,ts2vec_13,ts2vec_14,ts2vec_15
0.19801372,-0.49723113,-0.62118685,-0.75608045,0.029410021,-0.5493154,-0.36011866,-0.56909835,-0.6124246,0.37184668,0.4516557,-0.08129673,-0.045085877,0.12698244,0.84762585,-0.43477848
