ts2vec_0,ts2vec_1,ts2vec_2,ts2vec_3,ts2vec_4,ts2vec_5,ts2vec_6,ts2vec_7,ts2vec_8,ts2vec_9,ts2vec_10,ts2vec_11,ts2vec_12,ts2vec_13,ts2vec_14,ts2vec_15
-0.4290937,0.19702156,-0.3041436,-0.520841,-0.3591114,0.4148847,-0.40516722,-0.00040808725,0.31121376,-0.24198146,-0.14350168,-0.242546,-0.7510947,0.031055022,-0.83592814,-0.5087502
