ts2vec_0,ts2vec_1,ts2vec_2,ts2vec_3,ts2vec_4,ts2vec_5,ts2vec_6,ts2vec_7,ts2vec_8,ts2vec_9,ts2vec_10,ts2vec_11,ts2vec_12,ts2vec_13,ts2vec_14,ts2vec_15
-0.3398816,-0.025932495,-0.774,1.0041935,-0.6660026,0.42819718,0.009821748,-0.7950166,0.3377937,-0.51713586,-0.5439088,-0.47185358,-0.3595257,-0.39645663,-0.6422432,0.056119606
