ts2vec_0,ts2vec_1,ts2vec_2,ts2vec_3,ts2vec_4,ts2vec_5,ts2vec_6,ts2vec_7,ts2vec_8,ts2vec_9,ts2vec_10,ts2vec_11,ts2vec_12,ts2vec_13,ts2vec_14,ts2vec_15
0.32012215,-0.5234459,-0.6604409,-0.8021862,-0.045143403,-0.60096645,-0.39252344,-0.7102703,-0.32534838,0.44990098,0.5321855,0.33265013,-0.58346564,0.3971267,0.44513088,-0.31148726
