ts2vec_0,ts2vec_1,ts2vec_2,ts2vec_3,ts2vec_4,ts2vec_5,ts2vec_6,ts2vec_7,ts2vec_8,ts2vec_9,ts2vec_10,ts2vec_11,ts2vec_12,ts2vec_13,ts2vec_14,ts2vec_15
-0.21070826,-0.25610942,-0.6066156,-0.48917496,-0.13600472,0.06122328,-0.44804406,0.13166578,0.18238743,0.075910166,0.009633207,0.17756869,-0.84410095,0.38678807,-0.55359834,-0.4973819
