ts2vec_0,ts2vec_1,ts2vec_2,ts2vec_3,ts2vec_4,ts2vec_5,ts2vec_6,ts2vec_7,ts2vec_8,ts2vec_9,ts2vec_10,ts2vec_11,ts2vec_12,ts2vec_13,ts2vec_14,ts2vec_15
-0.65667397,-0.67926115,-0.50965345,-0.10838024,-0.03233477,-0.60747385,0.9117694,-0.28903675,-0.49149927,-0.1810105,-0.47183326,-0.44238055,1.851382,-0.2223212,0.9492722,-0.26906607
