ts2vec_0,ts2vec_1,ts2vec_2,ts2vec_3,ts2vec_4,ts2vec_5,ts2vec_6,ts2vec_7,ts2vec_8,ts2vec_9,ts2vec_10,ts2vec_11,ts2vec_12,ts2vec_13,ts2vec_14,ts2vec_15
0.2553757,-0.5589121,-0.6212161,-0.8216417,-0.1242219,-0.6727948,-0.23842603,-0.7663342,-0.2182819,0.34046504,0.4819616,0.43704233,-0.5597265,0.49651632,0.28758892,-0.20689753
