ts2vec_0,ts2vec_1,ts2vec_2,ts2vec_3,ts2vec_4,ts2vec_5,ts2vec_6,ts2vec_7,ts2vec_8,ts2vec_9,ts2vec_10,ts2vec_11,ts2vec_12,ts2vec_13,ts2vec_14,ts2vec_15
-0.5249656,0.119228475,-0.54202193,0.16895635,-0.47550693,0.52182204,-0.2269371,-0.19305234,0.40872806,-0.23746814,-0.44791424,-0.14125825,-0.6739959,-0.016507918,-0.9427968,-0.30617553
