ts2vec_0,ts2vec_1,ts2vec_2,ts2vec_3,ts2vec_4,ts2vec_5,ts2vec_6,ts2vec_7,ts2vec_8,ts2vec_9,ts2vec_10,ts2vec_11,ts2vec_12,ts2vec_13,ts2vec_14,ts2vec_15
-0.54611075,-0.13572243,-0.7557947,0.64379853,-0.41357625,0.4848702,-0.22018841,0.00066802854,0.33788046,-0.25233805,-0.5961556,-0.08195086,-0.6458235,0.09767563,-0.91463244,-0.37403977
