ts2vec_0,ts2vec_1,ts2vec_2,ts2vec_3,ts2vec_4,ts2vec_5,ts2vec_6,ts2vec_7,ts2vec_8,ts2vec_9,ts2vec_10,ts2vec_11,ts2vec_12,ts2vec_13,ts2vec_14,ts2vec_15
-0.53974336,-0.123506494,-0.7658494,0.734731,-0.4283252,0.49113896,-0.21207976,-0.04237476,0.3171526,-0.27235612,-0.6175516,-0.106218725,-0.60753125,0.046276405,-0.8898951,-0.36181232
