ts2vec_0,ts2vec_1,ts2vec_2,ts2vec_3,ts2vec_4,ts2vec_5,ts2vec_6,ts2vec_7,ts2vec_8,ts2vec_9,ts2vec_10,ts2vec_11,ts2vec_12,ts2vec_13,ts2vec_14,ts2vec_15
-0.562316,-0.22582965,-0.78853726,0.6719455,-0.36429814,0.42031762,-0.23791534,0.10596424,0.30077264,-0.22323428,-0.6262182,-0.008089516,-0.6498845,0.18562168,-0.9135313,-0.41101506
