ts2vec_0,ts2vec_1,ts2vec_2,ts2vec_3,ts2vec_4,ts2vec_5,ts2vec_6,ts2vec_7,ts2vec_8,ts2vec_9,ts2vec_10,ts2vec_11,ts2vec_12,ts2vec_13,ts2vec_14,ts2vec_15
-0.14216767,-0.46776396,-0.6416303,-0.39788178,-0.1346894,-0.17601413,-0.30960795,-0.02611203,0.24027556,0.14629415,-0.021774385,0.5362329,-0.8920246,0.6371276,-0.5801226,-0.30448142
