ts2vec_0,ts2vec_1,ts2vec_2,ts2vec_3,ts2vec_4,ts2vec_5,ts2vec_6,ts2vec_7,ts2vec_8,ts2vec_9,ts2vec_10,ts2vec_11,ts2vec_12,ts2vec_13,ts2vec_14,ts2vec_15
-0.4453252,-0.32827908,-0.07349812,-0.35220456,-0.033229407,-0.48004517,0.113057256,0.28781986,-0.6677268,-0.28981867,-0.18683648,-0.548004,1.1044927,-0.32055873,0.753958,-0.50031936
