ts2vec_0,ts2vec_1,ts2vec_2,ts2vec_3,ts2vec_4,ts2vec_5,ts2vec_6,ts2vec_7,ts2vec_8,ts2vec_9,ts2vec_10,ts2vec_11,ts2vec_12,ts2vec_13,ts2vec_14,ts2vec_15
-0.21594742,0.10381885,-0.27139246,-0.83554655,-0.11115335,0.20360897,-0.7342784,0.30217034,-0.15852346,-0.016985573,0.22809389,-0.4438413,-0.5701361,-0.07980523,-0.1652029,-0.7790046
