ts2vec_0,ts2vec_1,ts2vec_2,ts2vec_3,ts2vec_4,ts2vec_5,ts2vec_6,ts2vec_7,ts2vec_8,ts2vec_9,ts2vec_10,ts2vec_11,ts2vec_12,ts2vec_13,ts2vec_14,ts2vec_15
-0.69208264,-0.20242296,0.23218438,-0.32923627,-0.14079323,-0.5035304,0.3480017,0.27266932,-0.60675514,-0.39825743,-0.33826137,-0.5136113,1.2591903,-0.31831694,0.52454156,-0.4144349
