ts2vec_0,ts2vec_1,ts2vec_2,ts2vec_3,ts2vec_4,ts2vec_5,ts2vec_6,ts2vec_7,ts2vec_8,ts2vec_9,ts2vec_10,ts2vec_11,ts2vec_12,ts2vec_13,ts2vec_14,ts2vec_15
-0.2700241,-0.13874827,-0.5524589,-0.43656778,-0.18238673,0.16419728,-0.44092804,0.13641694,0.22576815,0.006967661,-0.05707672,0.09067455,-0.8258657,0.295909,-0.644403,-0.51559603
