ts2vec_0,ts2vec_1,ts2vec_2,ts2vec_3,ts2vec_4,ts2vec_5,ts2vec_6,ts2vec_7,ts2vec_8,ts2vec_9,ts2vec_10,ts2vec_11,ts2vec_12,ts2vec_13,ts2vec_14,ts2vec_15
0.22325438,-0.5134176,-0.6305206,-0.7761025,-0.031014964,-0.5320088,-0.41229555,-0.6382486,-0.47748634,0.45245314,0.48806548,0.14705865,-0.3884694,0.2335131,0.6404198,-0.34212217
