ts2vec_0,ts2vec_1,ts2vec_2,ts2vec_3,ts2vec_4,ts2vec_5,ts2vec_6,ts2vec_7,ts2vec_8,ts2vec_9,ts2vec_10,ts2vec_11,ts2vec_12,ts2vec_13,ts2vec_14,ts2vec_15
0.32293263,-0.56418335,-0.6573382,-0.78860587,-0.06598345,-0.60886216,-0.33959693,-0.73199505,-0.22723381,0.43899146,0.4911597,0.4936487,-0.68954957,0.48982167,0.32080558,-0.22770452
