ts2vec_0,ts2vec_1,ts2vec_2,ts2vec_3,ts2vec_4,ts2vec_5,ts2vec_6,ts2vec_7,ts2vec_8,ts2vec_9,ts2vec_10,ts2vec_11,ts2vec_12,ts2vec_13,ts2vec_14,ts2vec_15
0.39601466,-0.5094419,-0.6955739,-0.83440596,0.040693972,-0.58560175,-0.52728814,-0.71685296,-0.47833648,0.56719255,0.638254,0.21271954,-0.54916257,0.31805846,0.6858908,-0.40490153
