ts2vec_0,ts2vec_1,ts2vec_2,ts2vec_3,ts2vec_4,ts2vec_5,ts2vec_6,ts2vec_7,ts2vec_8,ts2vec_9,ts2vec_10,ts2vec_11,ts2vec_12,ts2vec_13,ts2vec_14,ts2vec_15
-0.42485276,-0.0128110945,-0.7883437,1.0301003,-0.59894544,0.5327835,-0.05571022,-0.53030103,0.3386699,-0.43112925,-0.58131135,-0.38544175,-0.44424003,-0.28417516,-0.7458132,-0.108676955
