ts2vec_0,ts2vec_1,ts2vec_2,ts2vec_3,ts2vec_4,ts2vec_5,ts2vec_6,ts2vec_7,ts2vec_8,ts2vec_9,ts2vec_10,ts2vec_11,ts2vec_12,ts2vec_13,ts2vec_14,ts2vec_15
0.11389644,-0.46925834,-0.64781314,-0.6782975,-0.04924112,-0.462508,-0.38209647,-0.33833373,0.065186106,0.29174596,0.25974268,0.54541904,-0.8036079,0.6195407,-0.23758154,-0.2803831
