ts2vec_0,ts2vec_1,ts2vec_2,ts2vec_3,ts2vec_4,ts2vec_5,ts2vec_6,ts2vec_7,ts2vec_8,ts2vec_9,ts2vec_10,ts2vec_11,ts2vec_12,ts2vec_13,ts2vec_14,ts2vec_15
0.1690528,-0.500478,-0.6531072,-0.71668226,-0.043599155,-0.520927,-0.36600676,-0.4459901,0.0051925015,0.35649058,0.3104326,0.57305527,-0.8020134,0.64531195,-0.14151098,-0.254344
