ts2vec_0,ts2vec_1,ts2vec_2,ts2vec_3,ts2vec_4,ts2vec_5,ts2vec_6,ts2vec_7,ts2vec_8,ts2vec_9,ts2vec_10,ts2vec_11,ts2vec_12,ts2vec_13,ts2vec_14,ts2vec_15
-0.46807498,0.08560449,-0.69847715,0.79800814,-0.5698467,0.58886486,-0.11411251,-0.47669822,0.37580207,-0.4015704,-0.5467738,-0.3665584,-0.53734183,-0.26777944,-0.8205181,-0.11902698
