ts2vec_0,ts2vec_1,ts2vec_2,ts2vec_3,ts2vec_4,ts2vec_5,ts2vec_6,ts2vec_7,ts2vec_8,ts2vec_9,ts2vec_10,ts2vec_11,ts2vec_12,ts2vec_13,ts2vec_14,ts2vec_15
-0.3466798,-0.004250506,-0.7446564,0.96448106,-0.6578804,0.41449693,-0.026263215,-0.80401886,0.3413551,-0.52209187,-0.5312248,-0.49948815,-0.38272643,-0.40683985,-0.63011056,0.050858077
