ts2vec_0,ts2vec_1,ts2vec_2,ts2vec_3,ts2vec_4,ts2vec_5,ts2vec_6,ts2vec_7,ts2vec_8,ts2vec_9,ts2vec_10,ts2vec_11,ts2vec_12,ts2vec_13,ts2vec_14,ts2vec_15
-0.4367169,0.5021954,0.37864244,-0.81645036,-0.45169514,0.16828002,-0.46286532,-0.34900683,-0.03673507,-0.38955247,0.23817877,-0.51316124,-0.55295134,-0.2487149,-0.53175324,-0.3619178
