ts2vec_0,ts2vec_1,ts2vec_2,ts2vec_3,ts2vec_4,ts2vec_5,ts2vec_6,ts2vec_7,ts2vec_8,ts2vec_9,ts2vec_10,ts2vec_11,ts2vec_12,ts2vec_13,ts2vec_14,ts2vec_15
-0.1937314,-0.12751514,-0.31146047,-0.79976106,-0.13254151,-0.18208624,-0.49700168,-0.13773231,-0.06662571,0.04654464,0.18117984,-0.02549263,-0.60840845,0.21825925,-0.26133147,-0.4460164
