ts2vec_0,ts2vec_1,ts2vec_2,ts2vec_3,ts2vec_4,ts2vec_5,ts2vec_6,ts2vec_7,ts2vec_8,ts2vec_9,ts2vec_10,ts2vec_11,ts2vec_12,ts2vec_13,ts2vec_14,ts2vec_15
-0.49576637,-0.2846576,-0.7324923,0.24523772,-0.19943044,0.15943468,-0.31845433,0.20370601,0.2853968,-0.04849484,-0.42884013,0.2421498,-0.7628844,0.44195184,-0.9248794,-0.43146977
