ts2vec_0,ts2vec_1,ts2vec_2,ts2vec_3,ts2vec_4,ts2vec_5,ts2vec_6,ts2vec_7,ts2vec_8,ts2vec_9,ts2vec_10,ts2vec_11,ts2vec_12,ts2vec_13,ts2vec_14,ts2vec_15
-0.26390696,-0.36097303,-0.30490613,-0.51917917,0.057639536,-0.35546464,-0.2283833,0.08201295,-0.74282146,0.15943208,0.035309594,-0.476834,0.7385183,-0.2568263,0.8996196,-0.5544752
