ts2vec_0,ts2vec_1,ts2vec_2,ts2vec_3,ts2vec_4,ts2vec_5,ts2vec_6,ts2vec_7,ts2vec_8,ts2vec_9,ts2vec_10,ts2vec_11,ts2vec_12,ts2vec_13,ts2vec_14,ts2vec_15
-0.3093527,-0.6354709,-0.6521761,-0.16144776,-0.026247673,-0.42228636,0.4551599,-0.46386167,-0.67292684,-0.0044152257,-0.11999447,-0.41814786,1.4303377,-0.32985234,1.1319526,-0.25026122
