ts2vec_0,ts2vec_1,ts2vec_2,ts2vec_3,ts2vec_4,ts2vec_5,ts2vec_6,ts2vec_7,ts2vec_8,ts2vec_9,ts2vec_10,ts2vec_11,ts2vec_12,ts2vec_13,ts2vec_14,ts2vec_15
-0.52946097,0.28079244,-0.47791728,0.083953455,-0.4764431,0.56284344,-0.2709659,-0.2509242,0.4267599,-0.3330928,-0.45547476,-0.32474458,-0.6871951,-0.12180342,-1.0135659,-0.2919958
