ts2vec_0,ts2vec_1,ts2vec_2,ts2vec_3,ts2vec_4,ts2vec_5,ts2vec_6,ts2vec_7,ts2vec_8,ts2vec_9,ts2vec_10,ts2vec_11,ts2vec_12,ts2vec_13,ts2vec_14,ts2vec_15
-0.121571526,-0.06504572,-0.26927286,-0.74396,-0.13712756,-0.19397458,-0.46721718,-0.041162938,-0.14765215,0.011417326,0.2042546,-0.14339533,-0.4630557,0.15571935,-0.17731835,-0.55141807
