ts2vec_0,ts2vec_1,ts2vec_2,ts2vec_3,ts2vec_4,ts2vec_5,ts2vec_6,ts2vec_7,ts2vec_8,ts2vec_9,ts2vec_10,ts2vec_11,ts2vec_12,ts2vec_13,ts2vec_14,ts2vec_15
-0.37997842,0.1803227,0.22069438,-0.7967876,-0.26602927,-0.034156322,-0.51175374,0.09276766,-0.42625704,-0.22325122,0.23601106,-0.49156293,-0.13173261,-0.2094766,0.039251212,-0.595152
