ts2vec_0,ts2vec_1,ts2vec_2,ts2vec_3,ts2vec_4,ts2vec_5,ts2vec_6,ts2vec_7,ts2vec_8,ts2vec_9,ts2vec_10,ts2vec_11,ts2vec_12,ts2vec_13,ts2vec_14,ts2vec_15
-0.4848828,-0.32079536,-0.037888315,-0.45923775,-0.07540257,-0.47415033,0.10743586,0.15156762,-0.63572836,-0.19473208,-0.14530562,-0.45158502,0.9378352,-0.2086655,0.64369583,-0.46786457
