ts2vec_0,ts2vec_1,ts2vec_2,ts2vec_3,ts2vec_4,ts2vec_5,ts2vec_6,ts2vec_7,ts2vec_8,ts2vec_9,ts2vec_10,ts2vec_11,ts2vec_12,ts2vec_13,ts2vec_14,ts2vec_15
-0.24648234,0.03845613,-0.35270017,-0.7034802,-0.21338853,0.22256276,-0.5610327,0.14714652,0.11961249,-0.06623815,0.13111405,-0.18541232,-0.7660718,0.122564375,-0.5071181,-0.6285171
