ts2vec_0,ts2vec_1,ts2vec_2,ts2vec_3,ts2vec_4,ts2vec_5,ts2vec_6,ts2vec_7,ts2vec_8,ts2vec_9,ts2vec_10,ts2vec_11,ts2vec_12,ts2vec_13,ts2vec_14,ts2vec_15
-0.49204203,0.15987563,-0.4903237,-0.10881971,-0.43917426,0.57568866,-0.3194228,-0.05509695,0.41211045,-0.25403395,-0.34504062,-0.22345066,-0.74942636,0.005078427,-0.9456497,-0.4324018
