ts2vec_0,ts2vec_1,ts2vec_2,ts2vec_3,ts2vec_4,ts2vec_5,ts2vec_6,ts2vec_7,ts2vec_8,ts2vec_9,ts2vec_10,ts2vec_11,ts2vec_12,ts2vec_13,ts2vec_14,ts2vec_15
-0.34607154,-0.13388939,-0.4980631,-0.4426013,-0.27902168,0.17920607,-0.35033247,0.062450066,0.29454008,-0.090536736,-0.13069245,0.08395191,-0.8107889,0.30417633,-0.7410178,-0.46447426
