ts2vec_0,ts2vec_1,ts2vec_2,ts2vec_3,ts2vec_4,ts2vec_5,ts2vec_6,ts2vec_7,ts2vec_8,ts2vec_9,ts2vec_10,ts2vec_11,ts2vec_12,ts2vec_13,ts2vec_14,ts2vec_15
0.12827177,-0.51652783,-0.5987338,-0.72310346,-0.00217755,-0.54788965,-0.32182735,-0.5800854,-0.632645,0.347274,0.42288634,-0.10841063,0.062464602,0.074172646,0.8643803,-0.42604703
