ts2vec_0,ts2vec_1,ts2vec_2,ts2vec_3,ts2vec_4,ts2vec_5,ts2vec_6,ts2vec_7,ts2vec_8,ts2vec_9,ts2vec_10,ts2vec_11,ts2vec_12,ts2vec_13,ts2vec_14,ts2vec_15
-0.5148641,0.2361321,-0.4994371,0.05405693,-0.5105926,0.6745158,-0.26607522,-0.17421521,0.44803074,-0.30844462,-0.41226852,-0.30255613,-0.6957269,-0.1100771,-0.98487014,-0.3593927
