ts2vec_0,ts2vec_1,ts2vec_2,ts2vec_3,ts2vec_4,ts2vec_5,ts2vec_6,ts2vec_7,ts2vec_8,ts2vec_9,ts2vec_10,ts2vec_11,ts2vec_12,ts2vec_13,ts2vec_14,ts2vec_15
-0.4550968,0.23736592,-0.46409968,-0.24145119,-0.3799157,0.618605,-0.42750502,0.07537365,0.38138318,-0.22451028,-0.27092987,-0.29911277,-0.76011,-0.046712242,-0.89935803,-0.54864305
