ts2vec_0,ts2vec_1,ts2vec_2,ts2vec_3,ts2vec_4,ts2vec_5,ts2vec_6,ts2vec_7,ts2vec_8,ts2vec_9,ts2vec_10,ts2vec_11,ts2vec_12,ts2vec_13,ts2vec_14,ts2vec_15
-0.37514696,-0.43203494,-0.21483228,-0.5278551,-0.10957007,-0.506154,0.16251346,-0.13522123,-0.49659905,-0.062329456,-0.06260126,-0.20760162,0.67785037,-0.022570021,0.54715526,-0.3444324
