ts2vec_0,ts2vec_1,ts2vec_2,ts2vec_3,ts2vec_4,ts2vec_5,ts2vec_6,ts2vec_7,ts2vec_8,ts2vec_9,ts2vec_10,ts2vec_11,ts2vec_12,ts2vec_13,ts2vec_14,ts2vec_15
-0.4208901,0.6668091,0.449931,-0.7586445,-0.50506914,0.2862413,-0.48618793,-0.3691537,-0.028643545,-0.34964293,0.2940442,-0.5368255,-0.5354051,-0.3467871,-0.54429394,-0.35552657
