ts2vec_0,ts2vec_1,ts2vec_2,ts2vec_3,ts2vec_4,ts2vec_5,ts2vec_6,ts2vec_7,ts2vec_8,ts2vec_9,ts2vec_10,ts2vec_11,ts2vec_12,ts2vec_13,ts2vec_14,ts2vec_15
-0.33377182,-0.53991604,-0.5206301,-0.26975498,0.03712766,-0.39846432,0.2548718,-0.21256875,-0.7194734,0.085459456,-0.16027331,-0.48301706,1.3558893,-0.34021887,1.1060929,-0.37644124
