ts2vec_0,ts2vec_1,ts2vec_2,ts2vec_3,ts2vec_4,ts2vec_5,ts2vec_6,ts2vec_7,ts2vec_8,ts2vec_9,ts2vec_10,ts2vec_11,ts2vec_12,ts2vec_13,ts2vec_14,ts2vec_15
-0.2809285,-0.13348307,-0.47124407,-0.6788685,-0.10077013,-0.016010428,-0.58642554,0.0038754304,0.060078286,0.08281797,-0.026252883,-0.013332287,-0.673402,0.25018412,-0.46853718,-0.55395925
