ts2vec_0,ts2vec_1,ts2vec_2,ts2vec_3,ts2vec_4,ts2vec_5,ts2vec_6,ts2vec_7,ts2vec_8,ts2vec_9,ts2vec_10,ts2vec_11,ts2vec_12,ts2vec_13,ts2vec_14,ts2vec_15
-0.43360054,-0.24904792,-0.026253032,-0.5826201,-0.14642613,-0.33369187,-0.03948342,-0.015353634,-0.51292455,-0.16216284,-0.04933073,-0.33054376,0.5535515,-0.19553643,0.3967126,-0.34522808
