ts2vec_0,ts2vec_1,ts2vec_2,ts2vec_3,ts2vec_4,ts2vec_5,ts2vec_6,ts2vec_7,ts2vec_8,ts2vec_9,ts2vec_10,ts2vec_11,ts2vec_12,ts2vec_13,ts2vec_14,ts2vec_15
-0.15218939,-0.32569468,-0.40416646,-0.6962364,-0.07485297,-0.33489725,-0.34407207,-0.16544797,-0.36629534,0.124341235,0.10640363,-0.06295399,-0.15293851,0.059383217,0.31581447,-0.33130485
