ts2vec_0,ts2vec_1,ts2vec_2,ts2vec_3,ts2vec_4,ts2vec_5,ts2vec_6,ts2vec_7,ts2vec_8,ts2vec_9,ts2vec_10,ts2vec_11,ts2vec_12,ts2vec_13,ts2vec_14,ts2vec_15
-0.5174909,-0.46737683,-0.22571135,-0.26539415,-0.11982833,-0.42494825,0.47098923,-0.004956818,-0.5741436,-0.35191256,-0.28984553,-0.40372312,1.1716484,-0.34211606,0.68164974,-0.1680618
