ts2vec_0,ts2vec_1,ts2vec_2,ts2vec_3,ts2vec_4,ts2vec_5,ts2vec_6,ts2vec_7,ts2vec_8,ts2vec_9,ts2vec_10,ts2vec_11,ts2vec_12,ts2vec_13,ts2vec_14,ts2vec_15
-0.4802085,-0.6035363,-0.48132858,-0.14565888,-0.054255947,-0.4996715,0.79682314,-0.24227053,-0.52263796,-0.30137613,-0.32680872,-0.39767468,1.7069607,-0.3103204,0.88769037,-0.1980949
