ts2vec_0,ts2vec_1,ts2vec_2,ts2vec_3,ts2vec_4,ts2vec_5,ts2vec_6,ts2vec_7,ts2vec_8,ts2vec_9,ts2vec_10,ts2vec_11,ts2vec_12,ts2vec_13,ts2vec_14,ts2vec_15
-0.3542246,0.213375,-0.15123694,-0.6708102,-0.19540009,0.2467137,-0.6422758,0.06547663,-0.009979572,-0.0009042947,0.080623515,-0.37289202,-0.6434159,-0.0877493,-0.4048166,-0.5668029
