ts2vec_0,ts2vec_1,ts2vec_2,ts2vec_3,ts2vec_4,ts2vec_5,ts2vec_6,ts2vec_7,ts2vec_8,ts2vec_9,ts2vec_10,ts2vec_11,ts2vec_12,ts2vec_13,ts2vec_14,ts2vec_15
-0.5220691,-0.62254256,-0.49837342,-0.19326517,-0.04657004,-0.42347732,0.9539538,-0.3423335,-0.5104016,-0.14921401,-0.43154544,-0.33484483,1.8587464,-0.2969663,0.99410033,-0.14463991
