ts2vec_0,ts2vec_1,ts2vec_2,ts2vec_3,ts2vec_4,ts2vec_5,ts2vec_6,ts2vec_7,ts2vec_8,ts2vec_9,ts2vec_10,ts2vec_11,ts2vec_12,ts2vec_13,ts2vec_14,ts2vec_15
-0.54302055,0.17187609,-0.5860225,0.37639812,-0.44576234,0.4753144,-0.28710055,-0.29414928,0.3448001,-0.3424843,-0.550569,-0.34282878,-0.66652274,-0.107957736,-0.93786263,-0.28061327
