ts2vec_0,ts2vec_1,ts2vec_2,ts2vec_3,ts2vec_4,ts2vec_5,ts2vec_6,ts2vec_7,ts2vec_8,ts2vec_9,ts2vec_10,ts2vec_11,ts2vec_12,ts2vec_13,ts2vec_14,ts2vec_15
-0.49211565,-0.05824522,0.041579653,-0.41530177,-0.1599147,-0.15445986,-0.05312484,0.100511245,-0.48186,-0.24400592,-0.09818056,-0.5202872,0.559978,-0.35308293,0.33795303,-0.33090943
