ts2vec_0,ts2vec_1,ts2vec_2,ts2vec_3,ts2vec_4,ts2vec_5,ts2vec_6,ts2vec_7,ts2vec_8,ts2vec_9,ts2vec_10,ts2vec_11,ts2vec_12,ts2vec_13,ts2vec_14,ts2vec_15
0.008040882,-0.3809598,-0.601366,-0.747429,0.029344482,-0.35294038,-0.5011642,-0.19450276,-0.10763452,0.31503415,0.21791145,0.26037005,-0.6518241,0.41946295,-0.032206565,-0.33488765
