ts2vec_0,ts2vec_1,ts2vec_2,ts2vec_3,ts2vec_4,ts2vec_5,ts2vec_6,ts2vec_7,ts2vec_8,ts2vec_9,ts2vec_10,ts2vec_11,ts2vec_12,ts2vec_13,ts2vec_14,ts2vec_15
-0.43407345,0.6979391,0.3580775,-0.62942743,-0.40225735,0.39042315,-0.6136039,-0.32849777,0.044122428,-0.1933239,0.1690357,-0.63534987,-0.6588891,-0.40845668,-0.5075223,-0.3113247
