ts2vec_0,ts2vec_1,ts2vec_2,ts2vec_3,ts2vec_4,ts2vec_5,ts2vec_6,ts2vec_7,ts2vec_8,ts2vec_9,ts2vec_10,ts2vec_11,ts2vec_12,ts2vec_13,ts2vec_14,ts2vec_15
-0.41891038,0.6935693,0.1777829,-0.5405375,-0.43441582,0.4787302,-0.5129796,-0.39407986,0.31335172,-0.27575806,0.030347535,-0.5732441,-0.7855988,-0.3408538,-0.80956805,-0.23409627
