ts2vec_0,ts2vec_1,ts2vec_2,ts2vec_3,ts2vec_4,ts2vec_5,ts2vec_6,ts2vec_7,ts2vec_8,ts2vec_9,ts2vec_10,ts2vec_11,ts2vec_12,ts2vec_13,ts2vec_14,ts2vec_15
-0.23951708,-0.03869091,-0.15805799,-0.7415762,-0.048315015,-0.13834526,-0.56827015,0.09583281,-0.41034237,0.058350023,0.16494226,-0.4393135,-0.0942968,-0.14675339,0.23664808,-0.60204774
