ts2vec_0,ts2vec_1,ts2vec_2,ts2vec_3,ts2vec_4,ts2vec_5,ts2vec_6,ts2vec_7,ts2vec_8,ts2vec_9,ts2vec_10,ts2vec_11,ts2vec_12,ts2vec_13,ts2vec_14,ts2vec_15
-0.59139204,-0.31978187,-0.039346583,-0.29003537,-0.05710593,-0.41051802,0.45713094,0.14687428,-0.5969276,-0.23564821,-0.3667843,-0.46690682,1.4843528,-0.3602333,0.7054041,-0.3234884
