ts2vec_0,ts2vec_1,ts2vec_2,ts2vec_3,ts2vec_4,ts2vec_5,ts2vec_6,ts2vec_7,ts2vec_8,ts2vec_9,ts2vec_10,ts2vec_11,ts2vec_12,ts2vec_13,ts2vec_14,ts2vec_15
-0.38669538,-0.5419013,-0.47547835,-0.19238304,-0.025375037,-0.43932158,0.47506556,-0.1622289,-0.63302505,-0.16097689,-0.23712528,-0.4655769,1.5059905,-0.3408112,0.96385735,-0.31592503
