ts2vec_0,ts2vec_1,ts2vec_2,ts2vec_3,ts2vec_4,ts2vec_5,ts2vec_6,ts2vec_7,ts2vec_8,ts2vec_9,ts2vec_10,ts2vec_11,ts2vec_12,ts2vec_13,ts2vec_14,ts2vec_15
-0.13575332,-0.6224799,-0.74194944,-0.24521416,-0.006971387,-0.44894004,0.16425793,-0.6580953,-0.74723864,0.23251031,0.0842389,-0.3899166,1.1258434,-0.25710994,1.260022,-0.3200461
