ts2vec_0,ts2vec_1,ts2vec_2,ts2vec_3,ts2vec_4,ts2vec_5,ts2vec_6,ts2vec_7,ts2vec_8,ts2vec_9,ts2vec_10,ts2vec_11,ts2vec_12,ts2vec_13,ts2vec_14,ts2vec_15
-0.5890096,-0.3503289,-0.07829345,-0.2828004,-0.048205674,-0.42193764,0.49574518,0.12705174,-0.59213763,-0.23240468,-0.38058406,-0.46105954,1.5273504,-0.35576928,0.72898185,-0.31620547
