ts2vec_0,ts2vec_1,ts2vec_2,ts2vec_3,ts2vec_4,ts2vec_5,ts2vec_6,ts2vec_7,ts2vec_8,ts2vec_9,ts2vec_10,ts2vec_11,ts2vec_12,ts2vec_13,ts2vec_14,ts2vec_15
-0.5016698,0.19560671,0.32007855,-0.53878576,-0.43269533,-0.20123301,-0.19114558,-0.30658042,-0.24787866,-0.19259988,0.06020617,-0.23850445,-0.14688054,-0.065949894,-0.28926638,-0.27583814
