ts2vec_0,ts2vec_1,ts2vec_2,ts2vec_3,ts2vec_4,ts2vec_5,ts2vec_6,ts2vec_7,ts2vec_8,ts2vec_9,ts2vec_10,ts2vec_11,ts2vec_12,ts2vec_13,ts2vec_14,ts2vec_15
-0.40784034,0.46964037,0.11520642,-0.6216435,-0.34393606,0.32076094,-0.5299843,-0.29608217,0.20698445,-0.24850419,0.05894989,-0.4266964,-0.73019564,-0.21876791,-0.676608,-0.28980792
