ts2vec_0,ts2vec_1,ts2vec_2,ts2vec_3,ts2vec_4,ts2vec_5,ts2vec_6,ts2vec_7,ts2vec_8,ts2vec_9,ts2vec_10,ts2vec_11,ts2vec_12,ts2vec_13,ts2vec_14,ts2vec_15
-0.5381137,0.19125602,-0.5684861,0.20914787,-0.3779183,0.5202523,-0.35920805,-0.14739166,0.33671796,-0.26340818,-0.5068784,-0.2889575,-0.7073493,-0.08797817,-0.9335064,-0.36298338
