ts2vec_0,ts2vec_1,ts2vec_2,ts2vec_3,ts2vec_4,ts2vec_5,ts2vec_6,ts2vec_7,ts2vec_8,ts2vec_9,ts2vec_10,ts2vec_11,ts2vec_12,ts2vec_13,ts2vec_14,ts2vec_15
-0.23014806,-0.37132984,-0.35750908,-0.5190875,0.06233927,-0.27963609,-0.2787048,0.028256286,-0.72737134,0.18838246,0.06288699,-0.5003925,0.69989514,-0.28959966,0.9015702,-0.5493935
