ts2vec_0,ts2vec_1,ts2vec_2,ts2vec_3,ts2vec_4,ts2vec_5,ts2vec_6,ts2vec_7,ts2vec_8,ts2vec_9,ts2vec_10,ts2vec_11,ts2vec_12,ts2vec_13,ts2vec_14,ts2vec_15
-0.5445257,-0.26365098,0.0039795907,-0.3248873,-0.06415733,-0.34428617,0.24887738,0.20175202,-0.64014775,-0.18269636,-0.27598527,-0.49763018,1.2816489,-0.38251013,0.6904007,-0.38027218
