ts2vec_0,ts2vec_1,ts2vec_2,ts2vec_3,ts2vec_4,ts2vec_5,ts2vec_6,ts2vec_7,ts2vec_8,ts2vec_9,ts2vec_10,ts2vec_11,ts2vec_12,ts2vec_13,ts2vec_14,ts2vec_15
-0.39331013,-0.2189488,-0.65942234,-0.099969484,-0.1329312,0.14027427,-0.3980041,0.22727324,0.2521477,-0.0003435269,-0.31078303,0.2126975,-0.82896316,0.33658394,-0.8385718,-0.43395656
