ts2vec_0,ts2vec_1,ts2vec_2,ts2vec_3,ts2vec_4,ts2vec_5,ts2vec_6,ts2vec_7,ts2vec_8,ts2vec_9,ts2vec_10,ts2vec_11,ts2vec_12,ts2vec_13,ts2vec_14,ts2vec_15
-0.13540201,-0.24514546,-0.6147787,-0.62635255,0.006680947,-0.16786392,-0.5677852,-0.002332719,0.0129657695,0.28082258,0.120146975,0.13198951,-0.7551132,0.39353058,-0.3277083,-0.4849373
