ts2vec_0,ts2vec_1,ts2vec_2,ts2vec_3,ts2vec_4,ts2vec_5,ts2vec_6,ts2vec_7,ts2vec_8,ts2vec_9,ts2vec_10,ts2vec_11,ts2vec_12,ts2vec_13,ts2vec_14,ts2vec_15
-0.43295547,0.47170556,-0.26562345,-0.34431753,-0.33845633,0.5851894,-0.54040635,-0.06409433,0.3300272,-0.117982276,-0.15927637,-0.44164845,-0.85450107,-0.14124124,-0.86232793,-0.49352583
