ts2vec_0,ts2vec_1,ts2vec_2,ts2vec_3,ts2vec_4,ts2vec_5,ts2vec_6,ts2vec_7,ts2vec_8,ts2vec_9,ts2vec_10,ts2vec_11,ts2vec_12,ts2vec_13,ts2vec_14,ts2vec_15
-0.5074684,-0.67614186,-0.6244731,-0.052701812,-0.094557166,-0.50198364,1.0072433,-0.46129233,-0.48067752,-0.27267033,-0.3683157,-0.3783682,1.889139,-0.29717693,0.9521524,-0.13836995
