ts2vec_0,ts2vec_1,ts2vec_2,ts2vec_3,ts2vec_4,ts2vec_5,ts2vec_6,ts2vec_7,ts2vec_8,ts2vec_9,ts2vec_10,ts2vec_11,ts2vec_12,ts2vec_13,ts2vec_14,ts2vec_15
-0.51021624,0.37348998,0.65280956,-0.49463764,-0.34168315,-0.12471592,-0.3635018,-0.07254038,-0.5204848,-0.37377277,0.13788953,-0.5928663,0.22809857,-0.4629947,0.12665485,-0.34108242
