ts2vec_0,ts2vec_1,ts2vec_2,ts2vec_3,ts2vec_4,ts2vec_5,ts2vec_6,ts2vec_7,ts2vec_8,ts2vec_9,ts2vec_10,ts2vec_11,ts2vec_12,ts2vec_13,ts2vec_14,ts2vec_15
-0.59266764,-0.6559983,-0.50965345,-0.1800313,-0.038904034,-0.4968981,0.98669624,-0.34869662,-0.49069074,-0.16079515,-0.447744,-0.35311,1.9363075,-0.28855556,0.9410611,-0.16740738
