ts2vec_0,ts2vec_1,ts2vec_2,ts2vec_3,ts2vec_4,ts2vec_5,ts2vec_6,ts2vec_7,ts2vec_8,ts2vec_9,ts2vec_10,ts2vec_11,ts2vec_12,ts2vec_13,ts2vec_14,ts2vec_15
0.19011898,-0.3303076,-0.70258427,-0.80290335,0.1644703,-0.27943054,-0.7915017,-0.087265186,-0.3462026,0.44175133,0.42549902,-0.16260426,-0.5171663,0.121355854,0.44727495,-0.64324504
