ts2vec_0,ts2vec_1,ts2vec_2,ts2vec_3,ts2vec_4,ts2vec_5,ts2vec_6,ts2vec_7,ts2vec_8,ts2vec_9,ts2vec_10,ts2vec_11,ts2vec_12,ts2vec_13,ts2vec_14,ts2vec_15
-0.40519917,-0.5738904,-0.5324467,-0.18252723,-0.030458566,-0.44855464,0.49578118,-0.25720805,-0.63543123,-0.11452943,-0.2290862,-0.44323593,1.4530089,-0.3421041,1.0056626,-0.25389037
