ts2vec_0,ts2vec_1,ts2vec_2,ts2vec_3,ts2vec_4,ts2vec_5,ts2vec_6,ts2vec_7,ts2vec_8,ts2vec_9,ts2vec_10,ts2vec_11,ts2vec_12,ts2vec_13,ts2vec_14,ts2vec_15
-0.11228532,-0.62564796,-0.72979075,-0.3305888,-0.016495874,-0.45373252,-0.0042782133,-0.699482,-0.7753541,0.3329297,0.15163797,-0.3458215,0.76387155,-0.25140303,1.2798524,-0.26630223
