ts2vec_0,ts2vec_1,ts2vec_2,ts2vec_3,ts2vec_4,ts2vec_5,ts2vec_6,ts2vec_7,ts2vec_8,ts2vec_9,ts2vec_10,ts2vec_11,ts2vec_12,ts2vec_13,ts2vec_14,ts2vec_15
-0.57831323,0.35938343,0.6348136,-0.58340305,-0.38831833,-0.053168368,-0.39544946,-0.22669077,-0.46646008,-0.3168081,0.12653251,-0.567333,0.007654159,-0.40477172,0.01940507,-0.2818216
