ts2vec_0,ts2vec_1,ts2vec_2,ts2vec_3,ts2vec_4,ts2vec_5,ts2vec_6,ts2vec_7,ts2vec_8,ts2vec_9,ts2vec_10,ts2vec_11,ts2vec_12,ts2vec_13,ts2vec_14,ts2vec_15
-0.34794357,-0.5749642,-0.60380965,-0.28966546,-0.09994861,-0.5083764,0.5828093,-0.4860803,-0.5008733,-0.10285159,-0.16874662,-0.31647366,1.3813726,-0.18620424,0.851668,-0.22399336
