ts2vec_0,ts2vec_1,ts2vec_2,ts2vec_3,ts2vec_4,ts2vec_5,ts2vec_6,ts2vec_7,ts2vec_8,ts2vec_9,ts2vec_10,ts2vec_11,ts2vec_12,ts2vec_13,ts2vec_14,ts2vec_15
-0.6379211,-0.096141495,0.2718189,-0.33211935,-0.15911831,-0.3408025,0.25356692,0.17006536,-0.59513503,-0.29542375,-0.24862665,-0.4795598,1.1760921,-0.38648054,0.490993,-0.31564203
