ts2vec_0,ts2vec_1,ts2vec_2,ts2vec_3,ts2vec_4,ts2vec_5,ts2vec_6,ts2vec_7,ts2vec_8,ts2vec_9,ts2vec_10,ts2vec_11,ts2vec_12,ts2vec_13,ts2vec_14,ts2vec_15
-0.49077052,-0.65743273,-0.59905857,-0.095591985,-0.08265563,-0.49708572,0.90704995,-0.42303506,-0.49486157,-0.24992746,-0.3289011,-0.3635464,1.7668117,-0.29230583,0.9354147,-0.14566855
