ts2vec_0,ts2vec_1,ts2vec_2,ts2vec_3,ts2vec_4,ts2vec_5,ts2vec_6,ts2vec_7,ts2vec_8,ts2vec_9,ts2vec_10,ts2vec_11,ts2vec_12,ts2vec_13,ts2vec_14,ts2vec_15
-0.48187283,-0.3187236,-0.0911998,-0.4225539,-0.09261256,-0.38680908,0.16016898,0.06399803,-0.63751185,-0.1854756,-0.18745402,-0.46711025,1.0045843,-0.32305378,0.6661404,-0.33304542
