ts2vec_0,ts2vec_1,ts2vec_2,ts2vec_3,ts2vec_4,ts2vec_5,ts2vec_6,ts2vec_7,ts2vec_8,ts2vec_9,ts2vec_10,ts2vec_11,ts2vec_12,ts2vec_13,ts2vec_14,ts2vec_15
-0.34614828,-0.15799052,-0.074739486,-0.32235405,-0.09610594,-0.29739755,0.036416035,0.16081303,-0.603223,-0.23172572,-0.14722458,-0.5424667,0.9503672,-0.3699078,0.6710181,-0.42306176
