ts2vec_0,ts2vec_1,ts2vec_2,ts2vec_3,ts2vec_4,ts2vec_5,ts2vec_6,ts2vec_7,ts2vec_8,ts2vec_9,ts2vec_10,ts2vec_11,ts2vec_12,ts2vec_13,ts2vec_14,ts2vec_15
-0.3016024,0.1633826,0.024054265,-0.73509115,-0.19817933,0.0688713,-0.6379379,0.004607662,-0.21098983,-0.03861477,0.19465679,-0.41741735,-0.44632673,-0.12398234,-0.12587678,-0.54232967
