ts2vec_0,ts2vec_1,ts2vec_2,ts2vec_3,ts2vec_4,ts2vec_5,ts2vec_6,ts2vec_7,ts2vec_8,ts2vec_9,ts2vec_10,ts2vec_11,ts2vec_12,ts2vec_13,ts2vec_14,ts2vec_15
-0.41027862,-0.5760779,-0.49838212,-0.25624016,0.005684864,-0.4257777,0.45820636,-0.25379673,-0.64068806,-0.0035378516,-0.24133128,-0.42079857,1.4992229,-0.30554613,1.0118889,-0.30559647
