ts2vec_0,ts2vec_1,ts2vec_2,ts2vec_3,ts2vec_4,ts2vec_5,ts2vec_6,ts2vec_7,ts2vec_8,ts2vec_9,ts2vec_10,ts2vec_11,ts2vec_12,ts2vec_13,ts2vec_14,ts2vec_15
-0.52905697,0.15227936,-0.63801146,0.49927673,-0.44428298,0.54358214,-0.28164342,-0.24960066,0.33419034,-0.29357997,-0.5426192,-0.31854635,-0.68145454,-0.101504534,-0.90547055,-0.30968916
