ts2vec_0,ts2vec_1,ts2vec_2,ts2vec_3,ts2vec_4,ts2vec_5,ts2vec_6,ts2vec_7,ts2vec_8,ts2vec_9,ts2vec_10,ts2vec_11,ts2vec_12,ts2vec_13,ts2vec_14,ts2vec_15
-0.47879687,0.07397811,0.29742453,-0.5448005,-0.17124651,-0.1530582,-0.31392685,0.1405915,-0.5788659,-0.16234317,0.03419766,-0.5464164,0.4356418,-0.36014736,0.3374226,-0.46867174
