ts2vec_0,ts2vec_1,ts2vec_2,ts2vec_3,ts2vec_4,ts2vec_5,ts2vec_6,ts2vec_7,ts2vec_8,ts2vec_9,ts2vec_10,ts2vec_11,ts2vec_12,ts2vec_13,ts2vec_14,ts2vec_15
-0.38847876,-0.31153786,-0.12414138,-0.3945172,-0.046673838,-0.3516571,0.07181362,0.15403333,-0.64454436,-0.18803221,-0.11966815,-0.4930989,1.0387471,-0.32564297,0.7099695,-0.4355157
