ts2vec_0,ts2vec_1,ts2vec_2,ts2vec_3,ts2vec_4,ts2vec_5,ts2vec_6,ts2vec_7,ts2vec_8,ts2vec_9,ts2vec_10,ts2vec_11,ts2vec_12,ts2vec_13,ts2vec_14,ts2vec_15
-0.39070067,0.64508367,0.31006658,-0.66177404,-0.3929999,0.36231822,-0.5949063,-0.2967799,0.11686886,-0.24830428,0.16411667,-0.59527606,-0.68052804,-0.35629928,-0.57918483,-0.3382612
