ts2vec_0,ts2vec_1,ts2vec_2,ts2vec_3,ts2vec_4,ts2vec_5,ts2vec_6,ts2vec_7,ts2vec_8,ts2vec_9,ts2vec_10,ts2vec_11,ts2vec_12,ts2vec_13,ts2vec_14,ts2vec_15
-0.42346045,0.54540515,0.14754473,-0.6133803,-0.36585203,0.26444927,-0.5110707,-0.34495518,0.11571627,-0.23223999,0.07892203,-0.52370584,-0.75983113,-0.27317536,-0.6046582,-0.2523216
