ts2vec_0,ts2vec_1,ts2vec_2,ts2vec_3,ts2vec_4,ts2vec_5,ts2vec_6,ts2vec_7,ts2vec_8,ts2vec_9,ts2vec_10,ts2vec_11,ts2vec_12,ts2vec_13,ts2vec_14,ts2vec_15
-0.37617993,0.1357137,-0.1325203,-0.650394,-0.24983479,0.14257762,-0.51578325,-0.079302505,0.06617784,-0.09231606,0.0019064369,-0.18819144,-0.68796366,0.004694591,-0.53328997,-0.40786391
