ts2vec_0,ts2vec_1,ts2vec_2,ts2vec_3,ts2vec_4,ts2vec_5,ts2vec_6,ts2vec_7,ts2vec_8,ts2vec_9,ts2vec_10,ts2vec_11,ts2vec_12,ts2vec_13,ts2vec_14,ts2vec_15
-0.46000135,0.43740982,-0.11445865,-0.34269196,-0.38557455,0.516035,-0.4533668,-0.18919833,0.279697,-0.19787623,-0.15780562,-0.40192062,-0.8171395,-0.24031033,-0.7962813,-0.2924865
