ts2vec_0,ts2vec_1,ts2vec_2,ts2vec_3,ts2vec_4,ts2vec_5,ts2vec_6,ts2vec_7,ts2vec_8,ts2vec_9,ts2vec_10,ts2vec_11,ts2vec_12,ts2vec_13,ts2vec_14,ts2vec_15
-0.017810415,-0.3447299,-0.6855523,-0.638175,0.053009283,-0.22306675,-0.6025864,-0.0089633865,0.051672935,0.2959267,0.15018769,0.22675419,-0.80184275,0.46413553,-0.29709142,-0.49080074
