ts2vec_0,ts2vec_1,ts2vec_2,ts2vec_3,ts2vec_4,ts2vec_5,ts2vec_6,ts2vec_7,ts2vec_8,ts2vec_9,ts2vec_10,ts2vec_11,ts2vec_12,ts2vec_13,ts2vec_14,ts2vec_15
-0.107994266,0.018223014,-0.3981975,-0.73865914,0.014110539,0.041148998,-0.7273147,0.31036654,-0.23699014,0.13139325,0.21458529,-0.47874644,-0.47663313,-0.118341096,0.046532694,-0.72030646
