ts2vec_0,ts2vec_1,ts2vec_2,ts2vec_3,ts2vec_4,ts2vec_5,ts2vec_6,ts2vec_7,ts2vec_8,ts2vec_9,ts2vec_10,ts2vec_11,ts2vec_12,ts2vec_13,ts2vec_14,ts2vec_15
-0.34983242,-0.4937439,-0.34645563,-0.37501517,-0.06089541,-0.4036303,0.12357785,-0.1762145,-0.6594929,-0.024813686,-0.07002993,-0.35471958,0.78665054,-0.2998818,0.8283567,-0.24666172
