ts2vec_0,ts2vec_1,ts2vec_2,ts2vec_3,ts2vec_4,ts2vec_5,ts2vec_6,ts2vec_7,ts2vec_8,ts2vec_9,ts2vec_10,ts2vec_11,ts2vec_12,ts2vec_13,ts2vec_14,ts2vec_15
-0.40547374,0.5998316,0.26865226,-0.6356366,-0.4095411,0.3740711,-0.5400739,-0.38186383,0.22129236,-0.28063098,0.10065509,-0.53407234,-0.73948365,-0.32618037,-0.68509316,-0.23874816
