ts2vec_0,ts2vec_1,ts2vec_2,ts2vec_3,ts2vec_4,ts2vec_5,ts2vec_6,ts2vec_7,ts2vec_8,ts2vec_9,ts2vec_10,ts2vec_11,ts2vec_12,ts2vec_13,ts2vec_14,ts2vec_15
-0.42193007,0.26997572,-0.5629892,0.6495745,-0.5928053,0.5867704,-0.1895096,-0.6632197,0.4007758,-0.4526883,-0.50883704,-0.5502811,-0.58580106,-0.4073506,-0.7846633,-0.013333131
