ts2vec_0,ts2vec_1,ts2vec_2,ts2vec_3,ts2vec_4,ts2vec_5,ts2vec_6,ts2vec_7,ts2vec_8,ts2vec_9,ts2vec_10,ts2vec_11,ts2vec_12,ts2vec_13,ts2vec_14,ts2vec_15
-0.44415465,0.61028606,0.4325442,-0.6394345,-0.3540644,0.26675582,-0.63181376,-0.11915017,-0.21197073,-0.14515556,0.1915605,-0.66204417,-0.42555875,-0.43519884,-0.22704862,-0.4367696
