ts2vec_0,ts2vec_1,ts2vec_2,ts2vec_3,ts2vec_4,ts2vec_5,ts2vec_6,ts2vec_7,ts2vec_8,ts2vec_9,ts2vec_10,ts2vec_11,ts2vec_12,ts2vec_13,ts2vec_14,ts2vec_15
-0.43852907,0.31278342,-0.5391044,0.579842,-0.5855292,0.62351286,-0.20932609,-0.6443509,0.41734496,-0.4278704,-0.49993142,-0.5541256,-0.6235283,-0.39475727,-0.8115645,-0.01352499
