ts2vec_0,ts2vec_1,ts2vec_2,ts2vec_3,ts2vec_4,ts2vec_5,ts2vec_6,ts2vec_7,ts2vec_8,ts2vec_9,ts2vec_10,ts2vec_11,ts2vec_12,ts2vec_13,ts2vec_14,ts2vec_15
-0.31515136,0.0332559,-0.04115855,-0.7622624,-0.09036592,-0.025072353,-0.6276284,0.17350319,-0.42965248,0.05122367,0.1600537,-0.49124834,-0.1279618,-0.18962727,0.17965187,-0.6242844
