ts2vec_0,ts2vec_1,ts2vec_2,ts2vec_3,ts2vec_4,ts2vec_5,ts2vec_6,ts2vec_7,ts2vec_8,ts2vec_9,ts2vec_10,ts2vec_11,ts2vec_12,ts2vec_13,ts2vec_14,ts2vec_15
-0.38397753,0.2643187,-0.11072781,-0.66481936,-0.22276823,0.13638158,-0.55930686,-0.152899,0.12920864,-0.16432643,0.007761787,-0.3675999,-0.6673331,-0.031745646,-0.57428086,-0.4098064
