ts2vec_0,ts2vec_1,ts2vec_2,ts2vec_3,ts2vec_4,ts2vec_5,ts2vec_6,ts2vec_7,ts2vec_8,ts2vec_9,ts2vec_10,ts2vec_11,ts2vec_12,ts2vec_13,ts2vec_14,ts2vec_15
-0.21822722,0.16259147,-0.13461609,-0.7166356,-0.06343421,0.08492096,-0.72116566,0.23447905,-0.2969375,0.070684664,0.20845576,-0.528996,-0.4111069,-0.18758279,0.04117135,-0.6646572
