ts2vec_0,ts2vec_1,ts2vec_2,ts2vec_3,ts2vec_4,ts2vec_5,ts2vec_6,ts2vec_7,ts2vec_8,ts2vec_9,ts2vec_10,ts2vec_11,ts2vec_12,ts2vec_13,ts2vec_14,ts2vec_15
-0.40805665,0.5926445,0.12731071,-0.6267824,-0.3562128,0.42220214,-0.5893686,-0.20607924,0.18297808,-0.22322756,0.043136787,-0.57062495,-0.70274967,-0.31546444,-0.67188203,-0.3842007
