ts2vec_0,ts2vec_1,ts2vec_2,ts2vec_3,ts2vec_4,ts2vec_5,ts2vec_6,ts2vec_7,ts2vec_8,ts2vec_9,ts2vec_10,ts2vec_11,ts2vec_12,ts2vec_13,ts2vec_14,ts2vec_15
-0.4994117,-0.16406323,0.10609929,-0.30303535,-0.112625346,-0.3459101,0.17770128,0.23889296,-0.614867,-0.35743502,-0.19143458,-0.5263974,1.1418872,-0.40722564,0.5812785,-0.36634466
