ts2vec_0,ts2vec_1,ts2vec_2,ts2vec_3,ts2vec_4,ts2vec_5,ts2vec_6,ts2vec_7,ts2vec_8,ts2vec_9,ts2vec_10,ts2vec_11,ts2vec_12,ts2vec_13,ts2vec_14,ts2vec_15
-0.4460919,-0.6896354,-0.6219567,-0.1442287,-0.061882768,-0.48442367,0.8073978,-0.49351534,-0.5191929,-0.1793003,-0.24427696,-0.34738222,1.6708752,-0.27342844,0.9677991,-0.1685124
