ts2vec_0,ts2vec_1,ts2vec_2,ts2vec_3,ts2vec_4,ts2vec_5,ts2vec_6,ts2vec_7,ts2vec_8,ts2vec_9,ts2vec_10,ts2vec_11,ts2vec_12,ts2vec_13,ts2vec_14,ts2vec_15
0.3260052,-0.479114,-0.7521573,-0.77823687,0.093782954,-0.6310524,-0.6185112,-0.80410814,-0.63632584,0.6810624,0.5573783,-0.0055822455,-0.18412323,0.16022801,0.9737996,-0.43953216
