ts2vec_0,ts2vec_1,ts2vec_2,ts2vec_3,ts2vec_4,ts2vec_5,ts2vec_6,ts2vec_7,ts2vec_8,ts2vec_9,ts2vec_10,ts2vec_11,ts2vec_12,ts2vec_13,ts2vec_14,ts2vec_15
-0.60090643,-0.6264126,-0.4480513,-0.18788606,-0.035150852,-0.5033752,0.95872045,-0.26133743,-0.49902257,-0.19211066,-0.46714061,-0.37209052,1.9352041,-0.2973187,0.9132182,-0.1925626
