ts2vec_0,ts2vec_1,ts2vec_2,ts2vec_3,ts2vec_4,ts2vec_5,ts2vec_6,ts2vec_7,ts2vec_8,ts2vec_9,ts2vec_10,ts2vec_11,ts2vec_12,ts2vec_13,ts2vec_14,ts2vec_15
-0.21435903,-0.15339638,-0.52766967,-0.6850518,-0.041556716,0.00049099966,-0.60934573,0.10536793,-0.012171847,0.166533,0.08586956,-0.06748573,-0.73363936,0.2463696,-0.3560434,-0.5897296
