ts2vec_0,ts2vec_1,ts2vec_2,ts2vec_3,ts2vec_4,ts2vec_5,ts2vec_6,ts2vec_7,ts2vec_8,ts2vec_9,ts2vec_10,ts2vec_11,ts2vec_12,ts2vec_13,ts2vec_14,ts2vec_15
-0.57005805,-0.12721162,-0.77510643,0.58671653,-0.23480068,0.31120458,-0.30831438,0.1318892,0.26807967,-0.16860013,-0.56759304,-0.0116650285,-0.70727926,0.18617338,-0.95212644,-0.4454964
