Dataset_Name,Mean,Median,Std,Variance,Pct_Above_Mean,Pct_Below_Mean,Coeff_Var,Kurtosis,Skew_Fisher,Skew_Pearson_SK1,Skew_Pearson_SK2,Skew_Galton,Q1,Q3,Min,Max,Min_Minus_Max,RMS,Avg_Dispersion,Entropy,Scaled_Entropy,Pct_Deviation,Mode,Burstiness,Time_Mean,Time_Median,Time_Q1,Time_Q3,DiffTime_Mean,DiffTime_Median,DiffTime_Min,DiffTime_Max,Duration,Hurst_Exponent,Benford_Law,Normal_Dist,Count_Distribution,Count_NZ_Distribution,Time_Distribution,Stationarity,Power_Min,Power_Max,Power_Mean,Power_Std,Power_Mode,Freq_Max_Power,Freq_Min_Power,Spectral_Energy,Spectral_Entropy,Spectral_Centroid,Spectral_Spread,Spectral_Skewness,Spectral_Kurtosis,Spectral_Flatness,Spectral_Rolloff,Spectral_Slope,Spectral_Flux,Periodicity_Spectral,Sig_Spaces,Switching_Ratio,Transients,Count_Zeros,Biggest_Interval,Directions,Periodicity_Time
Yahoo_A1real_19_data,0.02369216339847004,0.01864068299865715,0.45310000620770746,0.20529961562542454,0.49719101123595505,0.5028089887640449,19.124466578366608,4.538401481399816,0.5388932706263613,3.873743720335928,0.03344612879798888,0.005383972081921627,-0.22712915332894523,0.2670712806711737,-1.7315011442065504,2.652583694135899,-4.384084838342449,0.45371900360457057,0.3343072113875798,1.7584009272376508,0.6493236077649654,0.10335110355110419,-1.7315011442065504,19.124466578366608,711.5,711.5,355.75,1067.25,1.0,1.0,1.0,1.0,1423.0,33.087308860410474,0.002602195426740194,4.873884041088259e-47,0.38998558158548696,0.38998558158548696,0.0,0.24274518406184442,3.7129950060428327e-09,0.05691756674064088,0.0010150748364493763,0.003858647078931692,3.7129950060428327e-09,6.3563527054108215,8.198196392785572,0.5075374182246881,4.274714891708538,4.724990297968478,2.8064432423848995,-0.718288592502213,2.0388905401605015,0.0769177294403963,6.596593186372746,-0.4445496769620156,0.000904602482033762,1.0,0,0.9585382993668597,17,0,27.869996905112064,0.5003513703439914,233.7541147656109
