Dataset_Name,Mean,Median,Std,Variance,Pct_Above_Mean,Pct_Below_Mean,Coeff_Var,Kurtosis,Skew_Fisher,Skew_Pearson_SK1,Skew_Pearson_SK2,Skew_Galton,Q1,Q3,Min,Max,Min_Minus_Max,RMS,Avg_Dispersion,Entropy,Scaled_Entropy,Pct_Deviation,Mode,Burstiness,Time_Mean,Time_Median,Time_Q1,Time_Q3,DiffTime_Mean,DiffTime_Median,DiffTime_Min,DiffTime_Max,Duration,Hurst_Exponent,Benford_Law,Normal_Dist,Count_Distribution,Count_NZ_Distribution,Time_Distribution,Stationarity,Power_Min,Power_Max,Power_Mean,Power_Std,Power_Mode,Freq_Max_Power,Freq_Min_Power,Spectral_Energy,Spectral_Entropy,Spectral_Centroid,Spectral_Spread,Spectral_Skewness,Spectral_Kurtosis,Spectral_Flatness,Spectral_Rolloff,Spectral_Slope,Spectral_Flux,Periodicity_Spectral,Sig_Spaces,Switching_Ratio,Transients,Count_Zeros,Biggest_Interval,Directions,Periodicity_Time
Yahoo_A1real_62_data,-0.001695228568491438,-3.517680242620669e-05,0.04674157939065793,0.002184775243933178,0.8785425101214575,0.1214574898785425,-27.572451191466097,729.3680805367911,-26.981710519219597,27.141682922297974,-0.10654657494617062,-0.0034307758773012616,-0.0007342149263039,0.0006590812311737,-1.2703403828188295,0.0318019801509885,-1.3021423629698181,0.0467723106531269,0.004050240906891491,0.010266325170941792,0.003486682943710203,0.035895905612161876,-1.2703403828188295,-27.572451191466097,370.0,370.0,185.0,555.0,1.0,1.0,1.0,1.0,740.0,18.94132104685375,7.62875029576403e-05,0.0,-0.0027931215564561745,-0.0027931215564561745,0.0,0.0030320894309035975,0.0017255496886371716,0.003444364189364644,0.0026977655336864396,0.00023661867177674303,0.0017255496886371716,5.095090180360722,1.5115030060120243,1.3488827668432197,6.2106745763378655,5.01354129565299,2.8896481420096096,0.01017173422469917,1.7907423094982649,0.9959559928955019,8.538537074148296,0.008406873985645507,0.00019135503765613126,1.0,0,0.5243243243236158,0,0,0.03418740784132304,0.5108108108101206,-0.014643166354168255
