Dataset_Name,Mean,Median,Std,Variance,Pct_Above_Mean,Pct_Below_Mean,Coeff_Var,Kurtosis,Skew_Fisher,Skew_Pearson_SK1,Skew_Pearson_SK2,Skew_Galton,Q1,Q3,Min,Max,Min_Minus_Max,RMS,Avg_Dispersion,Entropy,Scaled_Entropy,Pct_Deviation,Mode,Burstiness,Time_Mean,Time_Median,Time_Q1,Time_Q3,DiffTime_Mean,DiffTime_Median,DiffTime_Min,DiffTime_Max,Duration,Hurst_Exponent,Benford_Law,Normal_Dist,Count_Distribution,Count_NZ_Distribution,Time_Distribution,Stationarity,Power_Min,Power_Max,Power_Mean,Power_Std,Power_Mode,Freq_Max_Power,Freq_Min_Power,Spectral_Energy,Spectral_Entropy,Spectral_Centroid,Spectral_Spread,Spectral_Skewness,Spectral_Kurtosis,Spectral_Flatness,Spectral_Rolloff,Spectral_Slope,Spectral_Flux,Periodicity_Spectral,Sig_Spaces,Switching_Ratio,Transients,Count_Zeros,Biggest_Interval,Directions,Periodicity_Time
Yahoo_A1real_45_data,0.00016697985851851598,-0.00332276654032165,0.626025793429021,0.3919082940384352,0.4965277777777778,0.5034722222222222,3749.0871647399213,27.642136514672263,2.001964836524144,5.033439577263484,0.016723335187920126,-0.028743768871327683,-0.39217770261612855,0.363802450708274,-3.150896030208329,8.52842800555095,-11.67932403575928,0.6260258156982892,0.4497972128169527,1.2884650716421273,0.4547716372614226,0.05360120084507284,-3.150896030208329,3749.0871647399213,719.5,719.5,359.75,1079.25,1.0,1.0,1.0,1.0,1439.0,16.49565855975101,0.0016437553827307677,6.94429865345883e-185,3.414589821864009,3.414589821864009,0.0,0.5617686058577791,2.9228738826674066e-09,0.02131743328281713,0.001010006498688634,0.002397045056286325,2.9228738826674066e-09,6.83683366733467,7.077074148296593,0.505003249344317,4.816674935886209,4.717884296195504,2.792143972106735,-0.43137775453393873,1.7608439250388221,0.09476066987835796,7.337334669338678,-0.13669461599387478,0.0009502527373486014,1.0,0,0.8561501042384599,3,0,11.310431315785618,0.5052119527446107,34.19434928878195
