Dataset_Name,Mean,Median,Std,Variance,Pct_Above_Mean,Pct_Below_Mean,Coeff_Var,Kurtosis,Skew_Fisher,Skew_Pearson_SK1,Skew_Pearson_SK2,Skew_Galton,Q1,Q3,Min,Max,Min_Minus_Max,RMS,Avg_Dispersion,Entropy,Scaled_Entropy,Pct_Deviation,Mode,Burstiness,Time_Mean,Time_Median,Time_Q1,Time_Q3,DiffTime_Mean,DiffTime_Median,DiffTime_Min,DiffTime_Max,Duration,Hurst_Exponent,Benford_Law,Normal_Dist,Count_Distribution,Count_NZ_Distribution,Time_Distribution,Stationarity,Power_Min,Power_Max,Power_Mean,Power_Std,Power_Mode,Freq_Max_Power,Freq_Min_Power,Spectral_Energy,Spectral_Entropy,Spectral_Centroid,Spectral_Spread,Spectral_Skewness,Spectral_Kurtosis,Spectral_Flatness,Spectral_Rolloff,Spectral_Slope,Spectral_Flux,Periodicity_Spectral,Sig_Spaces,Switching_Ratio,Transients,Count_Zeros,Biggest_Interval,Directions,Periodicity_Time
Twitter_volume_FB,0.003173012272812327,0.0168519899828964,0.4028139652333937,0.1622590905870497,0.5030000631592244,0.4969999368407756,126.94997801769951,5788.1067797427,60.158272391347786,8.461836533856353,-0.10187564625421922,-0.11942124441553686,-0.20268554296646,0.1895484511351419,-3.405372923548498,39.3778216491819,-42.783194572730395,0.4028264621321856,0.20906513907676144,0.41175213416141104,0.12493098134910516,0.009415238138405127,-3.405372923548498,126.94997801769951,7916.0,7916.0,3958.0,11874.0,1.0,1.0,1.0,1.0,15832.0,50.92902550008412,0.010907762780532152,0.0,0.11555747273431705,0.11555747273431705,0.0,0.20467556397115697,1.1573627155545576e-06,0.0005426822592152189,9.490015391024023e-05,7.071853394727933e-05,1.1573627155545576e-06,6.85685370741483,7.977975951903808,0.047450076955120116,6.01187571951724,4.96581935997057,2.899711607861534,-0.07609668260829985,1.799262376593268,0.8169052781642058,8.298296593186373,0.016611454683462586,5.7357338913025485e-05,1.0,0,0.9914098029307105,25,0,40.709465978222546,0.5002526528549457,638.021730600675
