Dataset_Name,Mean,Median,Std,Variance,Pct_Above_Mean,Pct_Below_Mean,Coeff_Var,Kurtosis,Skew_Fisher,Skew_Pearson_SK1,Skew_Pearson_SK2,Skew_Galton,Q1,Q3,Min,Max,Min_Minus_Max,RMS,Avg_Dispersion,Entropy,Scaled_Entropy,Pct_Deviation,Mode,Burstiness,Time_Mean,Time_Median,Time_Q1,Time_Q3,DiffTime_Mean,DiffTime_Median,DiffTime_Min,DiffTime_Max,Duration,Hurst_Exponent,Benford_Law,Normal_Dist,Count_Distribution,Count_NZ_Distribution,Time_Distribution,Stationarity,Power_Min,Power_Max,Power_Mean,Power_Std,Power_Mode,Freq_Max_Power,Freq_Min_Power,Spectral_Energy,Spectral_Entropy,Spectral_Centroid,Spectral_Spread,Spectral_Skewness,Spectral_Kurtosis,Spectral_Flatness,Spectral_Rolloff,Spectral_Slope,Spectral_Flux,Periodicity_Spectral,Sig_Spaces,Switching_Ratio,Transients,Count_Zeros,Biggest_Interval,Directions,Periodicity_Time
art_load_balancer_spikes,4.826979844421514e-05,-0.00040037536945500003,0.004003185746615399,1.602549612190469e-05,0.48139880952380953,0.5186011904761905,82.93183199034381,6.436444626125036,1.0945364109224676,6.066819487886588,0.3362160171107687,0.1851069618928522,-0.002197781326512925,0.002213610023170125,-0.0242383415695714,0.0242809762086917,-0.0485193177782631,0.004003476750943677,0.002925521498281629,1.6188642102823092,0.5600885786749297,0.08250704765477554,-0.0242383415695714,82.93183199034381,2015.5,2015.5,1007.75,3023.25,1.0,1.0,1.0,1.0,4031.0,25.879282443784067,0.008066072257872514,5.145836965007711e-237,0.3552030995156796,0.3552030995156796,0.0,0.6561289192521589,6.578467668388339e-09,0.006738380075506367,0.0003496979491642929,0.0007686527177273134,6.578467668388339e-09,7.337334669338678,0.47046092184368743,0.17484897458214646,4.9480413446126,4.657170889542947,2.74252058041626,-0.3500239200686854,1.8386294685628497,0.09992665554328814,7.337334669338678,-0.1986482323895074,0.000345952626956428,1.0,0,0.9178863805505041,75,0,0.13174923932332822,0.4983874968989089,0.020391964205625047
