Dataset_Name,Mean,Median,Std,Variance,Pct_Above_Mean,Pct_Below_Mean,Coeff_Var,Kurtosis,Skew_Fisher,Skew_Pearson_SK1,Skew_Pearson_SK2,Skew_Galton,Q1,Q3,Min,Max,Min_Minus_Max,RMS,Avg_Dispersion,Entropy,Scaled_Entropy,Pct_Deviation,Mode,Burstiness,Time_Mean,Time_Median,Time_Q1,Time_Q3,DiffTime_Mean,DiffTime_Median,DiffTime_Min,DiffTime_Max,Duration,Hurst_Exponent,Benford_Law,Normal_Dist,Count_Distribution,Count_NZ_Distribution,Time_Distribution,Stationarity,Power_Min,Power_Max,Power_Mean,Power_Std,Power_Mode,Freq_Max_Power,Freq_Min_Power,Spectral_Energy,Spectral_Entropy,Spectral_Centroid,Spectral_Spread,Spectral_Skewness,Spectral_Kurtosis,Spectral_Flatness,Spectral_Rolloff,Spectral_Slope,Spectral_Flux,Periodicity_Spectral,Sig_Spaces,Switching_Ratio,Transients,Count_Zeros,Biggest_Interval,Directions,Periodicity_Time
Yahoo_A1real_58_data,0.04436042256724472,0.0129155176785877,1.0573003272703612,1.117883982046013,0.31567944250871083,0.6843205574912892,23.834315415578242,1336.7568453624565,35.972673832787265,2.3280739326751716,0.08922225042745736,0.008254482915226345,-0.0296189884890301,0.0561580691109373,-2.417112910687885,39.414116271429634,-41.83122918211752,1.0582305179573859,0.11421856171486888,0.09410651060503661,0.030910105771628255,0.025275382720454997,-2.417112910687885,23.834315415578242,717.0,717.0,358.5,1075.5,1.0,1.0,1.0,1.0,1434.0,19.190706675373562,0.0006568882387595665,0.0,0.07303142949096268,0.07303142949096268,0.0,0.0019056379814279586,0.00016248500238362701,0.003496052716906368,0.0013856196835714822,0.0003424259160877017,0.00016248500238362701,0.7907815631262526,6.996993987975952,0.6928098417857411,6.185703199678065,4.973618644800812,2.8870132673969984,-0.014893072304542536,1.8109849453671862,0.9699472109237198,8.418416833667335,-0.010393417659817964,0.0001850152871494556,1.0,0,0.8186889818683273,1,0,48.829683502644556,0.49442119944177515,11.634473150511113
