Dataset_Name,Mean,Median,Std,Variance,Pct_Above_Mean,Pct_Below_Mean,Coeff_Var,Kurtosis,Skew_Fisher,Skew_Pearson_SK1,Skew_Pearson_SK2,Skew_Galton,Q1,Q3,Min,Max,Min_Minus_Max,RMS,Avg_Dispersion,Entropy,Scaled_Entropy,Pct_Deviation,Mode,Burstiness,Time_Mean,Time_Median,Time_Q1,Time_Q3,DiffTime_Mean,DiffTime_Median,DiffTime_Min,DiffTime_Max,Duration,Hurst_Exponent,Benford_Law,Normal_Dist,Count_Distribution,Count_NZ_Distribution,Time_Distribution,Stationarity,Power_Min,Power_Max,Power_Mean,Power_Std,Power_Mode,Freq_Max_Power,Freq_Min_Power,Spectral_Energy,Spectral_Entropy,Spectral_Centroid,Spectral_Spread,Spectral_Skewness,Spectral_Kurtosis,Spectral_Flatness,Spectral_Rolloff,Spectral_Slope,Spectral_Flux,Periodicity_Spectral,Sig_Spaces,Switching_Ratio,Transients,Count_Zeros,Biggest_Interval,Directions,Periodicity_Time
speed_t4013,-0.001999780320303137,0.0006048183997791,0.1113889667764196,0.01240750191951831,0.5262525050100201,0.47374749498998,-55.70062938721392,1608.3148580131221,-36.03457443454859,44.77580781080778,-0.07014874377802473,0.04162297852572443,-0.026629584980224,0.030204839866314552,-4.989530793721528,0.2154496771134049,-5.204980470834933,0.11140691648568227,0.03831153266253758,0.6275627250931081,0.2030262393220305,0.021400458153333128,-4.989530793721528,-55.70062938721392,1247.0,1247.0,623.5,1870.5,1.0,1.0,1.0,1.0,2494.0,22.929264625600393,0.0008668622668739953,0.0,0.02391065171589017,0.02391065171589017,0.0,0.09018723902201359,4.235297345812275e-06,0.004908507777839462,0.0007775660162605028,0.0005037864760010803,4.235297345812275e-06,6.736733466933868,5.815811623246494,0.38878300813025135,6.057258210387015,4.987956341088754,2.8325065606046365,-0.06923283909263954,1.8581840595221164,0.8471499909129,8.238236472945893,0.027053767595657873,0.00037212863221782534,1.0,0,0.720128307938765,0,0,1.0889022982752494,0.5012028869284277,0.8713153990217061
