Dataset_Name,Mean,Median,Std,Variance,Pct_Above_Mean,Pct_Below_Mean,Coeff_Var,Kurtosis,Skew_Fisher,Skew_Pearson_SK1,Skew_Pearson_SK2,Skew_Galton,Q1,Q3,Min,Max,Min_Minus_Max,RMS,Avg_Dispersion,Entropy,Scaled_Entropy,Pct_Deviation,Mode,Burstiness,Time_Mean,Time_Median,Time_Q1,Time_Q3,DiffTime_Mean,DiffTime_Median,DiffTime_Min,DiffTime_Max,Duration,Hurst_Exponent,Benford_Law,Normal_Dist,Count_Distribution,Count_NZ_Distribution,Time_Distribution,Stationarity,Power_Min,Power_Max,Power_Mean,Power_Std,Power_Mode,Freq_Max_Power,Freq_Min_Power,Spectral_Energy,Spectral_Entropy,Spectral_Centroid,Spectral_Spread,Spectral_Skewness,Spectral_Kurtosis,Spectral_Flatness,Spectral_Rolloff,Spectral_Slope,Spectral_Flux,Periodicity_Spectral,Sig_Spaces,Switching_Ratio,Transients,Count_Zeros,Biggest_Interval,Directions,Periodicity_Time
Twitter_volume_AAPL,0.13325140025143414,0.10931521861130905,1.8227759113275448,3.3225120229159617,0.4888064394415797,0.5111935605584204,13.679225090384758,356.688127481069,11.210710838515842,11.407611104282894,0.03939515792080074,-0.05810856715988368,-0.2108478749830604,0.39431326538021855,-20.66026733783565,69.29819705647242,-89.95846439430807,1.8276399969865318,0.5993344812314456,0.35525487192158006,0.11036613126440195,0.020262416922966223,-20.66026733783565,13.679225090384758,7950.5,7950.5,3975.25,11925.75,1.0,1.0,1.0,1.0,15901.0,88.12634510347418,0.0016438196373392854,0.0,0.417707461555666,0.417707461555666,0.0,0.3200202570411043,5.246476345716303e-11,0.0018582373564212792,0.00011248538731532825,0.00026633063276235527,5.246476345716303e-11,6.036032064128257,5.755751503006012,0.05624269365766413,4.801176929040087,4.6473356588357895,2.660257243875815,-0.6015709438024228,1.8551323654601455,0.060745583893186746,7.117114228456914,-0.39226062593547795,0.00013325505075638814,1.0,0,0.895038047921458,105,0,402.0290123588025,0.49852210552792287,-29.290945778299346
