Dataset_Name,Mean,Median,Std,Variance,Pct_Above_Mean,Pct_Below_Mean,Coeff_Var,Kurtosis,Skew_Fisher,Skew_Pearson_SK1,Skew_Pearson_SK2,Skew_Galton,Q1,Q3,Min,Max,Min_Minus_Max,RMS,Avg_Dispersion,Entropy,Scaled_Entropy,Pct_Deviation,Mode,Burstiness,Time_Mean,Time_Median,Time_Q1,Time_Q3,DiffTime_Mean,DiffTime_Median,DiffTime_Min,DiffTime_Max,Duration,Hurst_Exponent,Benford_Law,Normal_Dist,Count_Distribution,Count_NZ_Distribution,Time_Distribution,Stationarity,Power_Min,Power_Max,Power_Mean,Power_Std,Power_Mode,Freq_Max_Power,Freq_Min_Power,Spectral_Energy,Spectral_Entropy,Spectral_Centroid,Spectral_Spread,Spectral_Skewness,Spectral_Kurtosis,Spectral_Flatness,Spectral_Rolloff,Spectral_Slope,Spectral_Flux,Periodicity_Spectral,Sig_Spaces,Switching_Ratio,Transients,Count_Zeros,Biggest_Interval,Directions,Periodicity_Time
Yahoo_A1real_59_data,8.464998767411432e-05,0.0002521038283567,0.0045476881610439605,2.06814676100994e-05,0.5284609978917779,0.4715390021082221,53.722800950078124,340.69339202321856,12.713212042703654,3.428115281301019,-0.11046522843976338,-0.03774711356450741,-0.0017596197544855999,0.0021174781196945,-0.0155053527199077,0.1202496986909107,-0.1357550514108184,0.004548475923923597,0.0025454000737031635,0.7665452088634165,0.2558790768369116,0.03349921848419951,-0.0155053527199077,53.722800950078124,711.0,711.0,355.5,1066.5,1.0,1.0,1.0,1.0,1422.0,22.27186393045474,0.000677506520730977,0.0,-0.15512721605358962,-0.15512721605358962,0.0,0.45384196131317556,2.8047301153543394e-06,0.016343132800722797,0.0013622274106972754,0.0018012096002605732,2.8047301153543394e-06,6.156152304609218,4.634629258517034,0.6811137053486377,5.732420449002356,4.977623517301184,2.7682611252611182,-0.31471339267013976,1.954751650026911,0.6586274890217281,7.897895791583167,-0.029189844379949505,0.0010165236239656514,1.0,0,0.5330520393807785,1,0,0.11847460065762555,0.5225035161740348,-0.0003275351078360023
