Dataset_Name,Mean,Median,Std,Variance,Pct_Above_Mean,Pct_Below_Mean,Coeff_Var,Kurtosis,Skew_Fisher,Skew_Pearson_SK1,Skew_Pearson_SK2,Skew_Galton,Q1,Q3,Min,Max,Min_Minus_Max,RMS,Avg_Dispersion,Entropy,Scaled_Entropy,Pct_Deviation,Mode,Burstiness,Time_Mean,Time_Median,Time_Q1,Time_Q3,DiffTime_Mean,DiffTime_Median,DiffTime_Min,DiffTime_Max,Duration,Hurst_Exponent,Benford_Law,Normal_Dist,Count_Distribution,Count_NZ_Distribution,Time_Distribution,Stationarity,Power_Min,Power_Max,Power_Mean,Power_Std,Power_Mode,Freq_Max_Power,Freq_Min_Power,Spectral_Energy,Spectral_Entropy,Spectral_Centroid,Spectral_Spread,Spectral_Skewness,Spectral_Kurtosis,Spectral_Flatness,Spectral_Rolloff,Spectral_Slope,Spectral_Flux,Periodicity_Spectral,Sig_Spaces,Switching_Ratio,Transients,Count_Zeros,Biggest_Interval,Directions,Periodicity_Time
Twitter_volume_AMZN,-0.00011513502933624636,0.0099298635348361,0.34974434175294267,0.12232110458819917,0.5066009727749352,0.49339902722506473,-3037.714772680474,124.4427413351319,3.8403078587372748,16.999720484530876,-0.08616292533945064,-0.10648801841593929,-0.2484430163064903,0.2185713127921147,-5.9456712028753245,12.2818836666886,-18.227554869563924,0.34974436070403503,0.25781633593505776,0.5330486573321935,0.17000466926526575,0.019187671864741025,-5.9456712028753245,-3037.714772680474,7915.0,7915.0,3957.5,11872.5,1.0,1.0,1.0,1.0,15830.0,40.81916688116755,0.0028197232453938586,0.0,-0.8616506632285754,-0.8616506632285754,0.0,1.3551474374984736,1.7534960599297196e-08,0.0013547762962923856,6.715712051172382e-05,0.00015547322302606763,1.7534960599297196e-08,0.3503406813627255,0.03002004008016032,0.03357856025586191,4.894233914011097,4.110256526197742,2.9622144480056884,-0.04804591354315475,1.528102379654297,0.1741219201827275,7.157154308617235,-0.18506730781004083,7.825930958823559e-05,1.0,0,0.9832596336070131,68,0,15.485950687828762,0.5001895135817751,928.1074041683473
