Dataset_Name,Mean,Median,Std,Variance,Pct_Above_Mean,Pct_Below_Mean,Coeff_Var,Kurtosis,Skew_Fisher,Skew_Pearson_SK1,Skew_Pearson_SK2,Skew_Galton,Q1,Q3,Min,Max,Min_Minus_Max,RMS,Avg_Dispersion,Entropy,Scaled_Entropy,Pct_Deviation,Mode,Burstiness,Time_Mean,Time_Median,Time_Q1,Time_Q3,DiffTime_Mean,DiffTime_Median,DiffTime_Min,DiffTime_Max,Duration,Hurst_Exponent,Benford_Law,Normal_Dist,Count_Distribution,Count_NZ_Distribution,Time_Distribution,Stationarity,Power_Min,Power_Max,Power_Mean,Power_Std,Power_Mode,Freq_Max_Power,Freq_Min_Power,Spectral_Energy,Spectral_Entropy,Spectral_Centroid,Spectral_Spread,Spectral_Skewness,Spectral_Kurtosis,Spectral_Flatness,Spectral_Rolloff,Spectral_Slope,Spectral_Flux,Periodicity_Spectral,Sig_Spaces,Switching_Ratio,Transients,Count_Zeros,Biggest_Interval,Directions,Periodicity_Time
exchange-4_cpc_results,3.882627613400948e-06,-0.0001923046567681,0.002275937849128724,5.179893093096682e-06,0.49421789409616557,0.5057821059038344,586.0340062665413,17.790913700883046,1.734334483136071,4.199304415831627,0.2586017868493331,0.09670401085268798,-0.0017430149326836,0.0016904339985606,-0.0095534774316956,0.0284720799264954,-0.038025557358191,0.002275941160903301,0.0018755242130670089,1.2852300669498864,0.4536298225449679,0.0598528449652198,-0.0095534774316956,586.0340062665413,821.0,821.0,410.5,1231.5,1.0,1.0,1.0,1.0,1642.0,13.390094059333954,0.018148648851713675,4.465723902199127e-177,0.36431613564000204,0.36431613564000204,0.0,0.743296873151321,3.559387421986563e-08,0.047782774494277425,0.0006484468978994549,0.0023696127308960517,3.559387421986563e-08,9.419418837675352,3.6536472945891783,0.32422344894972743,4.72349415590725,5.204238398436798,3.09583385634713,-0.26944770824109143,1.7994085298007387,0.10708707194579004,9.419418837675352,-0.15215160517396958,0.0007283097737257532,1.0,0,0.9701583434829658,11,0,0.037327791375954295,0.5006090133979899,0.0047144871452690276
