Dataset_Name,Mean,Median,Std,Variance,Pct_Above_Mean,Pct_Below_Mean,Coeff_Var,Kurtosis,Skew_Fisher,Skew_Pearson_SK1,Skew_Pearson_SK2,Skew_Galton,Q1,Q3,Min,Max,Min_Minus_Max,RMS,Avg_Dispersion,Entropy,Scaled_Entropy,Pct_Deviation,Mode,Burstiness,Time_Mean,Time_Median,Time_Q1,Time_Q3,DiffTime_Mean,DiffTime_Median,DiffTime_Min,DiffTime_Max,Duration,Hurst_Exponent,Benford_Law,Normal_Dist,Count_Distribution,Count_NZ_Distribution,Time_Distribution,Stationarity,Power_Min,Power_Max,Power_Mean,Power_Std,Power_Mode,Freq_Max_Power,Freq_Min_Power,Spectral_Energy,Spectral_Entropy,Spectral_Centroid,Spectral_Spread,Spectral_Skewness,Spectral_Kurtosis,Spectral_Flatness,Spectral_Rolloff,Spectral_Slope,Spectral_Flux,Periodicity_Spectral,Sig_Spaces,Switching_Ratio,Transients,Count_Zeros,Biggest_Interval,Directions,Periodicity_Time
IOPS_328,0.12649402700866308,0.059285544428633846,0.5253736857203913,0.2760175096474285,0.22425,0.77575,4.1533477429022225,232.1398363836983,13.751215582001109,2.81931746628491,0.3837753066749889,0.19285473621508153,0.020455667937407773,0.11667100445705689,-1.3547011842886327,12.54886432730757,-13.903565511596202,0.5403871283777,0.1327225670315876,0.15981088981654695,0.05096832548875279,0.03778697523627439,-1.3547011842886327,4.1533477429022225,3999.5,3999.5,1999.75,5999.25,1.0,1.0,1.0,1.0,7999.0,226.33870058096124,0.00010999081789687539,0.0,0.26982941671151384,0.26982941671151384,0.0,0.011455236809502129,3.5254637923121705e-09,0.015028810077067935,0.00023190731491426207,0.001209045870003196,3.5254637923121705e-09,6.276272545090181,5.555551102204409,0.11595365745713103,3.6952277104522886,4.281175083303471,2.8835195221482595,-0.6463430414351712,1.5332298619856777,0.024387171562912247,6.6366332665330665,-0.6275090367953544,0.0001770356705649961,1.0,0,0.8221027628452529,69,0,486.9580371722814,0.49831228903606717,1626.8093945139503
