Dataset_Name,Mean,Median,Std,Variance,Pct_Above_Mean,Pct_Below_Mean,Coeff_Var,Kurtosis,Skew_Fisher,Skew_Pearson_SK1,Skew_Pearson_SK2,Skew_Galton,Q1,Q3,Min,Max,Min_Minus_Max,RMS,Avg_Dispersion,Entropy,Scaled_Entropy,Pct_Deviation,Mode,Burstiness,Time_Mean,Time_Median,Time_Q1,Time_Q3,DiffTime_Mean,DiffTime_Median,DiffTime_Min,DiffTime_Max,Duration,Hurst_Exponent,Benford_Law,Normal_Dist,Count_Distribution,Count_NZ_Distribution,Time_Distribution,Stationarity,Power_Min,Power_Max,Power_Mean,Power_Std,Power_Mode,Freq_Max_Power,Freq_Min_Power,Spectral_Energy,Spectral_Entropy,Spectral_Centroid,Spectral_Spread,Spectral_Skewness,Spectral_Kurtosis,Spectral_Flatness,Spectral_Rolloff,Spectral_Slope,Spectral_Flux,Periodicity_Spectral,Sig_Spaces,Switching_Ratio,Transients,Count_Zeros,Biggest_Interval,Directions,Periodicity_Time
TravelTime_387,0.00857698658713211,-0.01484879719183135,3.9878795156157083,15.903183031067377,0.4984,0.5016,464.9510652899449,6.989760711455917,1.1402398625406724,3.6890251236536606,0.017622736856536446,-0.04140666468082155,-3.215651928302563,2.93142440536203,-14.702810740312032,37.12042943425604,-51.82324017456807,3.9878887391408364,3.322076227104469,1.4890883845587919,0.5255828641204023,0.07695156655788929,-14.702810740312032,464.9510652899449,1249.5,1249.5,624.75,1874.25,1.0,1.0,1.0,1.0,2499.0,18.177806868035653,0.010499569542958396,5.2308665867449565e-157,0.4526760086915797,0.4526760086915797,0.0,0.8719170421098464,3.4464484495567864e-09,0.009209437882556805,0.00033889240335584003,0.00078836914704272,3.4464484495567864e-09,3.13312625250501,8.71871743486974,0.16944620167792002,4.958266922287964,4.8059347325391295,2.726313453997536,-0.26713784653903344,1.8693932680148724,0.11996438230338961,7.457454909819639,-0.1573197501791598,0.00037308022825972164,1.0,0,0.9747899159659965,17,0,60.19231777693425,0.5026010404159653,23403.143311733606
