Dataset_Name,Mean,Median,Std,Variance,Pct_Above_Mean,Pct_Below_Mean,Coeff_Var,Kurtosis,Skew_Fisher,Skew_Pearson_SK1,Skew_Pearson_SK2,Skew_Galton,Q1,Q3,Min,Max,Min_Minus_Max,RMS,Avg_Dispersion,Entropy,Scaled_Entropy,Pct_Deviation,Mode,Burstiness,Time_Mean,Time_Median,Time_Q1,Time_Q3,DiffTime_Mean,DiffTime_Median,DiffTime_Min,DiffTime_Max,Duration,Hurst_Exponent,Benford_Law,Normal_Dist,Count_Distribution,Count_NZ_Distribution,Time_Distribution,Stationarity,Power_Min,Power_Max,Power_Mean,Power_Std,Power_Mode,Freq_Max_Power,Freq_Min_Power,Spectral_Energy,Spectral_Entropy,Spectral_Centroid,Spectral_Spread,Spectral_Skewness,Spectral_Kurtosis,Spectral_Flatness,Spectral_Rolloff,Spectral_Slope,Spectral_Flux,Periodicity_Spectral,Sig_Spaces,Switching_Ratio,Transients,Count_Zeros,Biggest_Interval,Directions,Periodicity_Time
iio_us-east-1_i-a2eb1cd9_NetworkIn,-2.466342182524655,-456.10595888644457,21522.744357579762,463228524.68173146,0.498793242156074,0.501206757843926,-8726.584866774136,10.81916099312413,0.22049325328219319,8.601769985437182,0.06323165984324929,0.006646289004469373,-15427.421433591284,14715.54840481747,-185136.1627614582,176970.27143760026,-362106.43419905845,21522.744498891756,17225.96767712911,1.1083252486268385,0.41997012939785144,0.059437619232549026,-185136.1627614582,-8726.584866774136,621.0,621.0,310.5,931.5,1.0,1.0,1.0,1.0,1242.0,16.8498323954167,0.011809207938543849,1.0379380606461414e-54,-44.343642147418116,-44.343642147418116,0.0,1.9885767487366062,1.644023312549048e-07,0.023134127589046212,0.0008287210343499874,0.0016705956770717827,1.644023312549048e-07,3.1531462925851703,7.697695390781563,0.4143605171749937,5.389246572618796,4.719920650807177,2.7810460232024266,0.019066149670389613,2.0183004470679387,0.393759166835822,8.038036072144289,-0.07690532167502352,0.000766736534055469,1.0,0,0.9782608695644297,9,0,557615.2741864733,0.4991948470205321,365579318652.22614
