Dataset_Name,Mean,Median,Std,Variance,Pct_Above_Mean,Pct_Below_Mean,Coeff_Var,Kurtosis,Skew_Fisher,Skew_Pearson_SK1,Skew_Pearson_SK2,Skew_Galton,Q1,Q3,Min,Max,Min_Minus_Max,RMS,Avg_Dispersion,Entropy,Scaled_Entropy,Pct_Deviation,Mode,Burstiness,Time_Mean,Time_Median,Time_Q1,Time_Q3,DiffTime_Mean,DiffTime_Median,DiffTime_Min,DiffTime_Max,Duration,Hurst_Exponent,Benford_Law,Normal_Dist,Count_Distribution,Count_NZ_Distribution,Time_Distribution,Stationarity,Power_Min,Power_Max,Power_Mean,Power_Std,Power_Mode,Freq_Max_Power,Freq_Min_Power,Spectral_Energy,Spectral_Entropy,Spectral_Centroid,Spectral_Spread,Spectral_Skewness,Spectral_Kurtosis,Spectral_Flatness,Spectral_Rolloff,Spectral_Slope,Spectral_Flux,Periodicity_Spectral,Sig_Spaces,Switching_Ratio,Transients,Count_Zeros,Biggest_Interval,Directions,Periodicity_Time
ec2_request_latency_system_failure,4.095512309034792e-09,-0.0003512115675583,0.040609501904968384,0.001649131644969631,0.49776785714285715,0.5022321428571429,7969660.250445115,93.73179730147457,3.6652263805923937,8.399299209559038,0.025945823362514445,0.03561181263743768,-0.021883208999149376,0.022771003343047252,-0.3410913615547741,0.8997081936608282,-1.2407995552156024,0.04060950190496859,0.026975367311941667,0.9282175370635272,0.3098466257976012,0.03272849486570258,-0.3410913615547741,7969660.250445115,2015.5,2015.5,1007.75,3023.25,1.0,1.0,1.0,1.0,4031.0,26.908150162872154,0.0009145335249786678,0.0,-230.74286495692746,-230.74286495692746,0.0,0.37495037943117476,1.3299144356382297e-08,0.007761157084508906,0.00036791468757153037,0.000888686376926648,1.3299144356382297e-08,0.6706613226452907,2.7927855711422844,0.18395734378576517,4.8003453533576135,4.32060541967299,2.881915487506972,-0.30115791034909667,1.561311761184229,0.09291118273401494,6.936933867735471,-0.48962784385684505,0.00032118501486124454,1.0,0,0.9362441081615142,7,0,1.2817390339758887,0.49193748449504043,3.1138263913017954
