Dataset_Name,Mean,Median,Std,Variance,Pct_Above_Mean,Pct_Below_Mean,Coeff_Var,Kurtosis,Skew_Fisher,Skew_Pearson_SK1,Skew_Pearson_SK2,Skew_Galton,Q1,Q3,Min,Max,Min_Minus_Max,RMS,Avg_Dispersion,Entropy,Scaled_Entropy,Pct_Deviation,Mode,Burstiness,Time_Mean,Time_Median,Time_Q1,Time_Q3,DiffTime_Mean,DiffTime_Median,DiffTime_Min,DiffTime_Max,Duration,Hurst_Exponent,Benford_Law,Normal_Dist,Count_Distribution,Count_NZ_Distribution,Time_Distribution,Stationarity,Power_Min,Power_Max,Power_Mean,Power_Std,Power_Mode,Freq_Max_Power,Freq_Min_Power,Spectral_Energy,Spectral_Entropy,Spectral_Centroid,Spectral_Spread,Spectral_Skewness,Spectral_Kurtosis,Spectral_Flatness,Spectral_Rolloff,Spectral_Slope,Spectral_Flux,Periodicity_Spectral,Sig_Spaces,Switching_Ratio,Transients,Count_Zeros,Biggest_Interval,Directions,Periodicity_Time
IOPS_267,1.8834529933209333e-06,-0.0005098814164199439,0.05969814936459207,0.003563869037557145,0.4955,0.5045,31679.29875469445,21.681306831271385,-1.1433398047773229,16.90781426620745,0.025717624396457053,0.0050628458737413925,-0.03451884482186429,0.03384519860928492,-1.009363354947654,0.2830775632258451,-1.292440918173499,0.059698149394303165,0.043605493434664036,1.3302967661026504,0.4440639697353152,0.04619023467840088,-1.009363354947654,31679.29875469445,3999.5,3999.5,1999.75,5999.25,1.0,1.0,1.0,1.0,7999.0,54.758524649351834,0.0007108819310210845,0.0,6.814575516362639,6.814575516362639,0.0,1.1588921346076202,8.93190389592461e-09,0.003670899503792288,0.00022090446906933872,0.0005121466738743671,8.93190389592461e-09,5.1551503006012025,1.5915831663326654,0.11045223453466936,4.838844073254365,4.650765678907462,2.634655752216412,-0.5650494851073021,1.9122365559385939,0.090750896166856,7.177174348697395,-0.2520416891064985,0.00023823917203949816,1.0,0,0.6383297912238232,51,0,2.7938180177832663,0.5005625703212275,2.0078971859857226
