Dataset_Name,Mean,Median,Std,Variance,Pct_Above_Mean,Pct_Below_Mean,Coeff_Var,Kurtosis,Skew_Fisher,Skew_Pearson_SK1,Skew_Pearson_SK2,Skew_Galton,Q1,Q3,Min,Max,Min_Minus_Max,RMS,Avg_Dispersion,Entropy,Scaled_Entropy,Pct_Deviation,Mode,Burstiness,Time_Mean,Time_Median,Time_Q1,Time_Q3,DiffTime_Mean,DiffTime_Median,DiffTime_Min,DiffTime_Max,Duration,Hurst_Exponent,Benford_Law,Normal_Dist,Count_Distribution,Count_NZ_Distribution,Time_Distribution,Stationarity,Power_Min,Power_Max,Power_Mean,Power_Std,Power_Mode,Freq_Max_Power,Freq_Min_Power,Spectral_Energy,Spectral_Entropy,Spectral_Centroid,Spectral_Spread,Spectral_Skewness,Spectral_Kurtosis,Spectral_Flatness,Spectral_Rolloff,Spectral_Slope,Spectral_Flux,Periodicity_Spectral,Sig_Spaces,Switching_Ratio,Transients,Count_Zeros,Biggest_Interval,Directions,Periodicity_Time
Yahoo_A1real_43_data,1.3766614057254775e-08,-2.5377143059057694e-05,0.0010631481120731872,1.1302839082047821e-06,0.4979166666666667,0.5020833333333333,71996.74264872298,1.9292291501185828,0.5202264022225982,2.6147208191342526,0.07164820828454128,0.010371004676328904,-0.000903254946657125,0.00087090044477105,-0.0027798243505678,0.0074094040986536,-0.0101892284492214,0.0010631481121623186,0.0009353580910958705,1.6426935131932074,0.6065964035371332,0.10434038387018821,-0.0027798243505678,71996.74264872298,719.5,719.5,359.75,1079.25,1.0,1.0,1.0,1.0,1439.0,28.318216345867945,0.006348003912674532,5.1984174280928125e-28,-52.11545302112978,-52.11545302112978,0.0,0.8222248618981903,1.0942736222568683e-08,0.03756875403700349,0.000628001415814514,0.0027482342447615257,1.0942736222568683e-08,6.396392785571143,6.8168136272545095,0.314000707907257,4.165845678001827,5.069019406714946,3.1538053765557894,-0.3668280734365032,1.9308960547770626,0.07727024138311962,9.419418837675352,-0.2399611754103818,0.0007253924968412833,1.0,0,0.9951355107706774,5,0,0.03726399250647647,0.5010423905486442,0.001399399675775442
