Dataset_Name,Mean,Median,Std,Variance,Pct_Above_Mean,Pct_Below_Mean,Coeff_Var,Kurtosis,Skew_Fisher,Skew_Pearson_SK1,Skew_Pearson_SK2,Skew_Galton,Q1,Q3,Min,Max,Min_Minus_Max,RMS,Avg_Dispersion,Entropy,Scaled_Entropy,Pct_Deviation,Mode,Burstiness,Time_Mean,Time_Median,Time_Q1,Time_Q3,DiffTime_Mean,DiffTime_Median,DiffTime_Min,DiffTime_Max,Duration,Hurst_Exponent,Benford_Law,Normal_Dist,Count_Distribution,Count_NZ_Distribution,Time_Distribution,Stationarity,Power_Min,Power_Max,Power_Mean,Power_Std,Power_Mode,Freq_Max_Power,Freq_Min_Power,Spectral_Energy,Spectral_Entropy,Spectral_Centroid,Spectral_Spread,Spectral_Skewness,Spectral_Kurtosis,Spectral_Flatness,Spectral_Rolloff,Spectral_Slope,Spectral_Flux,Periodicity_Spectral,Sig_Spaces,Switching_Ratio,Transients,Count_Zeros,Biggest_Interval,Directions,Periodicity_Time
IOPS_327,0.007948557061219146,0.0067602122929161235,0.14522220948831918,0.02108949012866926,0.496125,0.503875,18.270258375145474,111.47201787700726,4.666014090234999,11.799792436903328,0.024548822751846344,-0.08720100087881723,-0.056646999171648185,0.05999603439750757,-1.7056433839292326,3.799441138567886,-5.5050845224971185,0.1454395740093621,0.08264534815412547,0.8158240114174146,0.26393167465788664,0.026379651187638152,-1.7056433839292326,18.270258375145474,3999.5,3999.5,1999.75,5999.25,1.0,1.0,1.0,1.0,7999.0,39.991388826534276,0.0016575004853629164,0.0,0.3875030476259365,0.3875030476259365,0.0,0.5861730431480429,1.3995151209362184e-09,0.004455429809299299,0.00021339985976742554,0.0005586780470162242,1.3995151209362184e-09,6.036032064128257,8.458456913827655,0.10669992988371277,4.636030515251162,4.751749202812636,2.630851513479741,-0.7442890430987504,1.9439898795926596,0.04792205873169809,6.936933867735471,-0.29893100292365804,0.00019674184652193838,1.0,0,0.9166145768219881,60,0,19.20411672851356,0.5003125390673209,19.911059157077002
