Dataset_Name,Mean,Median,Std,Variance,Pct_Above_Mean,Pct_Below_Mean,Coeff_Var,Kurtosis,Skew_Fisher,Skew_Pearson_SK1,Skew_Pearson_SK2,Skew_Galton,Q1,Q3,Min,Max,Min_Minus_Max,RMS,Avg_Dispersion,Entropy,Scaled_Entropy,Pct_Deviation,Mode,Burstiness,Time_Mean,Time_Median,Time_Q1,Time_Q3,DiffTime_Mean,DiffTime_Median,DiffTime_Min,DiffTime_Max,Duration,Hurst_Exponent,Benford_Law,Normal_Dist,Count_Distribution,Count_NZ_Distribution,Time_Distribution,Stationarity,Power_Min,Power_Max,Power_Mean,Power_Std,Power_Mode,Freq_Max_Power,Freq_Min_Power,Spectral_Energy,Spectral_Entropy,Spectral_Centroid,Spectral_Spread,Spectral_Skewness,Spectral_Kurtosis,Spectral_Flatness,Spectral_Rolloff,Spectral_Slope,Spectral_Flux,Periodicity_Spectral,Sig_Spaces,Switching_Ratio,Transients,Count_Zeros,Biggest_Interval,Directions,Periodicity_Time
IOPS_381,1.9552795766486497e-08,-0.0003978540942419784,0.018852751211086285,0.0003554262282271154,0.493625,0.506375,917284.0242896632,1.673152030908831,0.16674767328223353,5.800525681143668,0.0633128217964553,0.034132849803927966,-0.012999257602171355,0.013094193287917832,-0.10935585380784829,0.18145428080264736,-0.29081013461049565,0.018852751211096426,0.015006395223448802,1.5349377991110442,0.5417656957565221,0.06482838423601996,-0.10935585380784829,917284.0242896632,3999.5,3999.5,1999.75,5999.25,1.0,1.0,1.0,1.0,7999.0,35.057200426122215,0.0013073669528925736,1.3345741487360857e-74,937.5951380332004,937.5951380332004,0.0,0.9540641781289668,6.6266435477110995e-09,0.03214102083415127,0.00016426219000744596,0.0014479492091178615,6.6266435477110995e-09,6.176172344689379,8.038036072144289,0.08213109500372298,3.6730746747855783,5.460541104989044,2.014781913179323,-1.2755952243097284,4.030299141057927,0.06632537363115448,6.916913827655311,-0.15166070877759277,0.00023107092223295883,1.0,0,0.9273659207399765,31,0,0.63219496117852,0.49681210151262695,1.1850238550267016
