Dataset_Name,Mean,Median,Std,Variance,Pct_Above_Mean,Pct_Below_Mean,Coeff_Var,Kurtosis,Skew_Fisher,Skew_Pearson_SK1,Skew_Pearson_SK2,Skew_Galton,Q1,Q3,Min,Max,Min_Minus_Max,RMS,Avg_Dispersion,Entropy,Scaled_Entropy,Pct_Deviation,Mode,Burstiness,Time_Mean,Time_Median,Time_Q1,Time_Q3,DiffTime_Mean,DiffTime_Median,DiffTime_Min,DiffTime_Max,Duration,Hurst_Exponent,Benford_Law,Normal_Dist,Count_Distribution,Count_NZ_Distribution,Time_Distribution,Stationarity,Power_Min,Power_Max,Power_Mean,Power_Std,Power_Mode,Freq_Max_Power,Freq_Min_Power,Spectral_Energy,Spectral_Entropy,Spectral_Centroid,Spectral_Spread,Spectral_Skewness,Spectral_Kurtosis,Spectral_Flatness,Spectral_Rolloff,Spectral_Slope,Spectral_Flux,Periodicity_Spectral,Sig_Spaces,Switching_Ratio,Transients,Count_Zeros,Biggest_Interval,Directions,Periodicity_Time
IOPS_365,4.029481329315132e-08,-0.0004925221043130534,0.02302257576125439,0.0005300389946826981,0.49325,0.50675,557517.3714388157,9.043582497559234,0.7648467190003103,7.498133656820688,0.0641842662836029,0.017786583352164393,-0.01489039593621655,0.01442680457593859,-0.17262631738548606,0.30001306696213703,-0.4726393843476231,0.023022575761289653,0.017402084938485128,1.3306105448450758,0.45190630670493986,0.04871065864373837,-0.17262631738548606,557517.3714388157,3999.5,3999.5,1999.75,5999.25,1.0,1.0,1.0,1.0,7999.0,42.127793220403895,0.001110397211821417,0.0,-40.48083832348212,-40.48083832348212,0.0,0.6076721023390103,9.237433719058661e-10,0.013438712369378424,0.00017620511746072005,0.0007186186443117541,9.237433719058661e-10,6.176172344689379,5.815811623246494,0.08810255873036002,4.40844360006318,4.894118857707379,2.529982239538209,-0.7714460254422845,2.241843809703721,0.06478058982499228,7.237234468937876,-0.3674427935877954,0.00021909176127670615,1.0,0,0.9378672334040582,44,0,0.7375418405423844,0.5003125390673209,1.82472660252451
