Dataset_Name,Mean,Median,Std,Variance,Pct_Above_Mean,Pct_Below_Mean,Coeff_Var,Kurtosis,Skew_Fisher,Skew_Pearson_SK1,Skew_Pearson_SK2,Skew_Galton,Q1,Q3,Min,Max,Min_Minus_Max,RMS,Avg_Dispersion,Entropy,Scaled_Entropy,Pct_Deviation,Mode,Burstiness,Time_Mean,Time_Median,Time_Q1,Time_Q3,DiffTime_Mean,DiffTime_Median,DiffTime_Min,DiffTime_Max,Duration,Hurst_Exponent,Benford_Law,Normal_Dist,Count_Distribution,Count_NZ_Distribution,Time_Distribution,Stationarity,Power_Min,Power_Max,Power_Mean,Power_Std,Power_Mode,Freq_Max_Power,Freq_Min_Power,Spectral_Energy,Spectral_Entropy,Spectral_Centroid,Spectral_Spread,Spectral_Skewness,Spectral_Kurtosis,Spectral_Flatness,Spectral_Rolloff,Spectral_Slope,Spectral_Flux,Periodicity_Spectral,Sig_Spaces,Switching_Ratio,Transients,Count_Zeros,Biggest_Interval,Directions,Periodicity_Time
cpu_utilization_asg_misconfiguration,4.296992411125234e-06,0.1867290917949269,1.2798663058096036,1.638057760746722,0.5007202216066482,0.4992797783933518,297782.35589637276,-1.9262951637179457,0.004346663910872262,1.9467348357180039,-0.43768195273764665,-0.14724508529324243,-1.2691681653464892,1.268907221911601,-2.491556027535591,3.401591080405552,-5.893147107941143,1.279866305816817,1.2694119774975605,1.2051698194251188,0.4346731303216414,0.21717874713627586,-2.491556027535591,297782.35589637276,9024.5,9024.5,4512.25,13536.75,1.0,1.0,1.0,1.0,18049.0,9.529603564986072,0.05577181019321758,0.0,-16.529471846577028,-16.529471846577028,0.0,0.9850472716012182,6.479379318139642e-11,0.0007470143688189416,4.033287321338555e-06,3.5466987990408495e-05,6.479379318139642e-11,9.419418837675352,4.094088176352706,0.0020166436606692774,3.2352094782767686,6.1097994351592,3.323398209056227,-0.5072516108256415,1.8677013691811737,0.04310116588181397,9.419418837675352,-0.20206700069327646,5.914220652564697e-06,1.0,0,0.9999445952683805,0,0,9.86389809595638,0.5000277023657543,29338.434570722722
