Dataset_Name,Mean,Median,Std,Variance,Pct_Above_Mean,Pct_Below_Mean,Coeff_Var,Kurtosis,Skew_Fisher,Skew_Pearson_SK1,Skew_Pearson_SK2,Skew_Galton,Q1,Q3,Min,Max,Min_Minus_Max,RMS,Avg_Dispersion,Entropy,Scaled_Entropy,Pct_Deviation,Mode,Burstiness,Time_Mean,Time_Median,Time_Q1,Time_Q3,DiffTime_Mean,DiffTime_Median,DiffTime_Min,DiffTime_Max,Duration,Hurst_Exponent,Benford_Law,Normal_Dist,Count_Distribution,Count_NZ_Distribution,Time_Distribution,Stationarity,Power_Min,Power_Max,Power_Mean,Power_Std,Power_Mode,Freq_Max_Power,Freq_Min_Power,Spectral_Energy,Spectral_Entropy,Spectral_Centroid,Spectral_Spread,Spectral_Skewness,Spectral_Kurtosis,Spectral_Flatness,Spectral_Rolloff,Spectral_Slope,Spectral_Flux,Periodicity_Spectral,Sig_Spaces,Switching_Ratio,Transients,Count_Zeros,Biggest_Interval,Directions,Periodicity_Time
Yahoo_A1real_8_data,0.16489850720099006,0.18159334572380276,2.558612833198383,6.546499630207457,0.5035211267605634,0.4964788732394366,15.516288540826356,50.777920728519284,4.512330310396332,5.278331214576927,-0.019574870765521526,-0.11549776195995916,-0.4121141373734716,0.6523568159278881,-13.340307481565477,31.38721143727525,-44.72751891884073,2.563921049463999,1.142615929723367,0.7932789352512064,0.274455676094123,0.05720444359509074,-13.340307481565477,15.516288540826356,709.5,709.5,354.75,1064.25,1.0,1.0,1.0,1.0,1419.0,20.1518782434414,0.0017470073813621871,1.2809173323355e-311,0.281036799433532,0.281036799433532,0.0,0.049737792290452706,1.0447535071049314e-07,0.020301501704702022,0.001202079222657457,0.0025320578436026754,1.0447535071049314e-07,6.376372745490983,5.275270541082165,0.6010396113287284,5.001183851701495,4.656862969909541,2.801713684074072,-0.48869985886330475,1.7928222087670878,0.13609970315674946,7.157154308617235,-0.3136143966016912,0.000915156309571419,1.0,0,0.889358703311565,16,0,113.72268930972386,0.5059901338967541,-148.2285679750048
