Dataset_Name,Mean,Median,Std,Variance,Pct_Above_Mean,Pct_Below_Mean,Coeff_Var,Kurtosis,Skew_Fisher,Skew_Pearson_SK1,Skew_Pearson_SK2,Skew_Galton,Q1,Q3,Min,Max,Min_Minus_Max,RMS,Avg_Dispersion,Entropy,Scaled_Entropy,Pct_Deviation,Mode,Burstiness,Time_Mean,Time_Median,Time_Q1,Time_Q3,DiffTime_Mean,DiffTime_Median,DiffTime_Min,DiffTime_Max,Duration,Hurst_Exponent,Benford_Law,Normal_Dist,Count_Distribution,Count_NZ_Distribution,Time_Distribution,Stationarity,Power_Min,Power_Max,Power_Mean,Power_Std,Power_Mode,Freq_Max_Power,Freq_Min_Power,Spectral_Energy,Spectral_Entropy,Spectral_Centroid,Spectral_Spread,Spectral_Skewness,Spectral_Kurtosis,Spectral_Flatness,Spectral_Rolloff,Spectral_Slope,Spectral_Flux,Periodicity_Spectral,Sig_Spaces,Switching_Ratio,Transients,Count_Zeros,Biggest_Interval,Directions,Periodicity_Time
IOPS_418,3.5079805358329e-09,-0.00021286131521947027,0.014548284747615875,0.00021165258909771272,0.495625,0.504375,3227228.829400417,1.8348574736257879,0.1392007353484512,5.581677275410819,0.04389482587009738,0.016992662273281826,-0.00954408288457298,0.009440966808807794,-0.08120383244567009,0.11652745028383293,-0.19773128272950302,0.0145482847476163,0.011310220459151395,1.6469041317744917,0.5812848985228163,0.07357603952805956,-0.08120383244567009,3227228.829400417,3999.5,3999.5,1999.75,5999.25,1.0,1.0,1.0,1.0,7999.0,20.07902592546661,0.0015090932244064585,9.747128082758002e-80,1161.5117803968142,1161.5117803968142,0.0,0.9278359147125302,3.7053428317071026e-10,0.0030983443117025018,0.00011081068438166624,0.0003071252914042574,3.7053428317071026e-10,6.87687374749499,4.754749498997996,0.055405342190833116,4.625043091181389,4.174591684214907,2.9193308326622085,-0.12127771036483861,1.4168487651482067,0.0798618823770241,6.996993987975952,-0.2514611241880771,0.00013029839895945512,1.0,0,0.932866608325924,48,0,0.18258787816375843,0.49943742967864735,0.7623681103459653
