Dataset_Name,Mean,Median,Std,Variance,Pct_Above_Mean,Pct_Below_Mean,Coeff_Var,Kurtosis,Skew_Fisher,Skew_Pearson_SK1,Skew_Pearson_SK2,Skew_Galton,Q1,Q3,Min,Max,Min_Minus_Max,RMS,Avg_Dispersion,Entropy,Scaled_Entropy,Pct_Deviation,Mode,Burstiness,Time_Mean,Time_Median,Time_Q1,Time_Q3,DiffTime_Mean,DiffTime_Median,DiffTime_Min,DiffTime_Max,Duration,Hurst_Exponent,Benford_Law,Normal_Dist,Count_Distribution,Count_NZ_Distribution,Time_Distribution,Stationarity,Power_Min,Power_Max,Power_Mean,Power_Std,Power_Mode,Freq_Max_Power,Freq_Min_Power,Spectral_Energy,Spectral_Entropy,Spectral_Centroid,Spectral_Spread,Spectral_Skewness,Spectral_Kurtosis,Spectral_Flatness,Spectral_Rolloff,Spectral_Slope,Spectral_Flux,Periodicity_Spectral,Sig_Spaces,Switching_Ratio,Transients,Count_Zeros,Biggest_Interval,Directions,Periodicity_Time
IOPS_46,2.330694379626408e-08,0.00015100421595093394,0.026938367752299,0.0007256756571581026,0.50075,0.49925,1108258.116614371,2.9049329829400756,0.27983186969790425,6.48938631480846,-0.01681403692949142,-0.013497583091674155,-0.02282218239845868,0.022512285075220184,-0.17481345821748917,0.3518960147640229,-0.526709472981512,0.026938367752309084,0.02347146543850148,1.3517322044428233,0.46766724739901655,0.051144642507881984,-0.17481345821748917,1108258.116614371,3999.5,3999.5,1999.75,5999.25,1.0,1.0,1.0,1.0,7999.0,25.062504660868278,0.0036879740755780257,3.2234281600227823e-142,-711.5967158078342,-711.5967158078342,0.0,0.8650371881051506,5.753530602306536e-09,0.0009206563457557866,6.258588344886772e-05,0.00013527701962798608,5.753530602306536e-09,6.176172344689379,1.4914829659318638,0.03129294172443386,4.984507963511307,4.456582382088303,2.872529234011712,-0.19480738044273466,1.7571763969642376,0.12077461431884763,7.137134268537075,-0.3879404495226404,6.719125051114235e-05,1.0,0,0.9966245780721343,5,0,1.0495110210124565,0.4999374921864608,4.44295706226673
