Dataset_Name,Mean,Median,Std,Variance,Pct_Above_Mean,Pct_Below_Mean,Coeff_Var,Kurtosis,Skew_Fisher,Skew_Pearson_SK1,Skew_Pearson_SK2,Skew_Galton,Q1,Q3,Min,Max,Min_Minus_Max,RMS,Avg_Dispersion,Entropy,Scaled_Entropy,Pct_Deviation,Mode,Burstiness,Time_Mean,Time_Median,Time_Q1,Time_Q3,DiffTime_Mean,DiffTime_Median,DiffTime_Min,DiffTime_Max,Duration,Hurst_Exponent,Benford_Law,Normal_Dist,Count_Distribution,Count_NZ_Distribution,Time_Distribution,Stationarity,Power_Min,Power_Max,Power_Mean,Power_Std,Power_Mode,Freq_Max_Power,Freq_Min_Power,Spectral_Energy,Spectral_Entropy,Spectral_Centroid,Spectral_Spread,Spectral_Skewness,Spectral_Kurtosis,Spectral_Flatness,Spectral_Rolloff,Spectral_Slope,Spectral_Flux,Periodicity_Spectral,Sig_Spaces,Switching_Ratio,Transients,Count_Zeros,Biggest_Interval,Directions,Periodicity_Time
exchange-3_cpc_results,1.6559160765270233e-07,-1.622201640017612e-05,0.0005931890356793543,3.518732320502023e-07,0.476592977893368,0.523407022106632,3560.737806888749,44.7330075938249,3.5843362260792526,6.22322101085916,0.08287870845163887,0.04482793511245132,-0.0001882208103357,0.0001719212471474,-0.0036913871018644,0.0070071738044192,-0.0106985609062836,0.0005931890587922056,0.0003088791999884486,1.1184533625717872,0.3869583070514519,0.05544567960399947,-0.0036913871018644,3560.737806888749,768.5,768.5,384.25,1152.75,1.0,1.0,1.0,1.0,1537.0,29.713882319762238,6.022733573504418e-05,2.5005694898954424e-293,3.334813393928368,3.334813393928368,0.0,2.3986103893323203,4.305224777076838e-07,0.024917038166592544,0.001127064738271731,0.0024128972562138967,4.305224777076838e-07,6.376372745490983,9.179178356713427,0.5635323691358655,5.023915474996016,4.606741045483146,2.6879632071995845,-0.4560682184285932,1.8096972494979777,0.17544945153968722,6.976973947895792,-0.29043044502611975,0.0012795018199299687,1.0,0,0.5933636955103492,12,0,0.01476216241060986,0.4964216005201715,6.630039502819556e-05
