Dataset_Name,Mean,Median,Std,Variance,Pct_Above_Mean,Pct_Below_Mean,Coeff_Var,Kurtosis,Skew_Fisher,Skew_Pearson_SK1,Skew_Pearson_SK2,Skew_Galton,Q1,Q3,Min,Max,Min_Minus_Max,RMS,Avg_Dispersion,Entropy,Scaled_Entropy,Pct_Deviation,Mode,Burstiness,Time_Mean,Time_Median,Time_Q1,Time_Q3,DiffTime_Mean,DiffTime_Median,DiffTime_Min,DiffTime_Max,Duration,Hurst_Exponent,Benford_Law,Normal_Dist,Count_Distribution,Count_NZ_Distribution,Time_Distribution,Stationarity,Power_Min,Power_Max,Power_Mean,Power_Std,Power_Mode,Freq_Max_Power,Freq_Min_Power,Spectral_Energy,Spectral_Entropy,Spectral_Centroid,Spectral_Spread,Spectral_Skewness,Spectral_Kurtosis,Spectral_Flatness,Spectral_Rolloff,Spectral_Slope,Spectral_Flux,Periodicity_Spectral,Sig_Spaces,Switching_Ratio,Transients,Count_Zeros,Biggest_Interval,Directions,Periodicity_Time
IOPS_89,3.570625078719303e-08,-0.00011801323095284033,0.021443343380380557,0.00045981697532891067,0.4985,0.5015,584187.7860176946,39.10400138627181,2.1268895953532336,5.71748124769984,0.016515465373717862,-0.005075910351253569,-0.014770752500187001,0.014386725289874391,-0.12260188367654479,0.44122568636981896,-0.5638275700463637,0.021443343380410287,0.01649079732787576,1.2126962652597761,0.39832068564692963,0.038031739633777616,-0.12260188367654479,584187.7860176946,3999.5,3999.5,1999.75,5999.25,1.0,1.0,1.0,1.0,7999.0,38.30761415176387,0.0018732317904247117,0.0,705.5181827051131,705.5181827051131,0.0,0.9959310767082914,1.1019953758345298e-08,0.018800353713085093,0.00015638126498510748,0.0008867359206701208,1.1019953758345298e-08,6.176172344689379,5.815811623246494,0.07819063249255374,4.271521498506581,4.914704341339995,2.448306423402373,-0.659748510226562,2.273719995393027,0.08860200843819684,7.157154308617235,-0.2551105097558179,0.00020320649801623317,1.0,0,0.9541192649079941,24,0,0.9067791125556965,0.4974371796473937,1.5219927588048223
