Dataset_Name,Mean,Median,Std,Variance,Pct_Above_Mean,Pct_Below_Mean,Coeff_Var,Kurtosis,Skew_Fisher,Skew_Pearson_SK1,Skew_Pearson_SK2,Skew_Galton,Q1,Q3,Min,Max,Min_Minus_Max,RMS,Avg_Dispersion,Entropy,Scaled_Entropy,Pct_Deviation,Mode,Burstiness,Time_Mean,Time_Median,Time_Q1,Time_Q3,DiffTime_Mean,DiffTime_Median,DiffTime_Min,DiffTime_Max,Duration,Hurst_Exponent,Benford_Law,Normal_Dist,Count_Distribution,Count_NZ_Distribution,Time_Distribution,Stationarity,Power_Min,Power_Max,Power_Mean,Power_Std,Power_Mode,Freq_Max_Power,Freq_Min_Power,Spectral_Energy,Spectral_Entropy,Spectral_Centroid,Spectral_Spread,Spectral_Skewness,Spectral_Kurtosis,Spectral_Flatness,Spectral_Rolloff,Spectral_Slope,Spectral_Flux,Periodicity_Spectral,Sig_Spaces,Switching_Ratio,Transients,Count_Zeros,Biggest_Interval,Directions,Periodicity_Time
IOPS_118,3.11963824395356e-08,-7.206795759806539e-05,0.02123528857145971,0.00045093748071316746,0.499,0.501,659555.1103090328,6.117166061690769,0.4445239894334021,4.73842275637576,0.010185755236049109,0.0025079940045618695,-0.01658618756493002,0.01652509454926765,-0.10062174814725111,0.3206667960480445,-0.4212885441952956,0.021235288571482627,0.0176586451496789,1.388238060269488,0.4714779520379176,0.050405568377406805,-0.10062174814725111,659555.1103090328,3999.5,3999.5,1999.75,5999.25,1.0,1.0,1.0,1.0,7999.0,24.814118680371262,0.002261737322987832,8.178134747485574e-276,-482.45611154805954,-482.45611154805954,0.0,1.2912570217676045,7.037995194802973e-10,0.0032207091363944565,0.00011231559946630454,0.00029334463638155196,7.037995194802973e-10,0.7907815631262526,8.11811623246493,0.05615779973315227,4.770990380862747,4.559149099536431,2.763541994410274,-0.3214142113643727,1.688417598783777,0.08921871927830992,7.117114228456914,-0.2417450505609767,0.00012382284933729586,1.0,0,0.9853731716463325,11,0,0.6610347055140338,0.4988123515438806,2.127834174523508
