Dataset_Name,Mean,Median,Std,Variance,Pct_Above_Mean,Pct_Below_Mean,Coeff_Var,Kurtosis,Skew_Fisher,Skew_Pearson_SK1,Skew_Pearson_SK2,Skew_Galton,Q1,Q3,Min,Max,Min_Minus_Max,RMS,Avg_Dispersion,Entropy,Scaled_Entropy,Pct_Deviation,Mode,Burstiness,Time_Mean,Time_Median,Time_Q1,Time_Q3,DiffTime_Mean,DiffTime_Median,DiffTime_Min,DiffTime_Max,Duration,Hurst_Exponent,Benford_Law,Normal_Dist,Count_Distribution,Count_NZ_Distribution,Time_Distribution,Stationarity,Power_Min,Power_Max,Power_Mean,Power_Std,Power_Mode,Freq_Max_Power,Freq_Min_Power,Spectral_Energy,Spectral_Entropy,Spectral_Centroid,Spectral_Spread,Spectral_Skewness,Spectral_Kurtosis,Spectral_Flatness,Spectral_Rolloff,Spectral_Slope,Spectral_Flux,Periodicity_Spectral,Sig_Spaces,Switching_Ratio,Transients,Count_Zeros,Biggest_Interval,Directions,Periodicity_Time
Yahoo_A1real_46_data,0.06218424425835999,-0.0189574288452263,2.5451911793173574,6.47799813927488,0.4489937543372658,0.5510062456627343,40.92983952354369,1007.0991012366753,28.997657663873095,4.23307930774603,0.09564115308634948,0.0423610345238072,-0.4995424695712245,0.5041448449026689,-10.71181187540074,88.45839955341899,-99.17021142881973,2.545950710345521,0.7608603614074484,0.27710112107355694,0.09101628470498192,0.025664876000778977,-10.71181187540074,40.92983952354369,720.0,720.0,360.0,1080.0,1.0,1.0,1.0,1.0,1440.0,39.083124049507724,0.00016143012047649245,0.0,0.1323025269481227,0.1323025269481227,0.0,0.06404647039280058,2.17360272746709e-05,0.0122339708712515,0.001363827342127312,0.0009328538500435671,2.17360272746709e-05,6.376372745490983,7.457454909819639,0.681913671063656,6.063014370754052,4.983492165594103,2.831046538368138,-0.07271793439803124,1.8671976617011394,0.8702832689443493,8.278276553106213,-0.018080266153250993,0.0007291356319281522,1.0,0,0.6124999999995746,1,0,82.34072244747648,0.513888888888532,474.36039054991676
