Dataset_Name,Mean,Median,Std,Variance,Pct_Above_Mean,Pct_Below_Mean,Coeff_Var,Kurtosis,Skew_Fisher,Skew_Pearson_SK1,Skew_Pearson_SK2,Skew_Galton,Q1,Q3,Min,Max,Min_Minus_Max,RMS,Avg_Dispersion,Entropy,Scaled_Entropy,Pct_Deviation,Mode,Burstiness,Time_Mean,Time_Median,Time_Q1,Time_Q3,DiffTime_Mean,DiffTime_Median,DiffTime_Min,DiffTime_Max,Duration,Hurst_Exponent,Benford_Law,Normal_Dist,Count_Distribution,Count_NZ_Distribution,Time_Distribution,Stationarity,Power_Min,Power_Max,Power_Mean,Power_Std,Power_Mode,Freq_Max_Power,Freq_Min_Power,Spectral_Energy,Spectral_Entropy,Spectral_Centroid,Spectral_Spread,Spectral_Skewness,Spectral_Kurtosis,Spectral_Flatness,Spectral_Rolloff,Spectral_Slope,Spectral_Flux,Periodicity_Spectral,Sig_Spaces,Switching_Ratio,Transients,Count_Zeros,Biggest_Interval,Directions,Periodicity_Time
Yahoo_A1real_55_data,0.0058435767309283565,0.0225533740469927,2.383297456446469,5.680106765904209,0.5017519271198319,0.4982480728801682,407.84902095720724,2.125289633500654,-0.33230388514300463,7.1042102774860885,-0.021033627922342122,-0.015642511822615186,-1.9897901418472657,1.9729103013927443,-16.92560271476674,10.647661307761156,-27.573264022527894,2.3833046203314465,2.0894599838949746,1.5480221494855977,0.57163716842616,0.08643508633627246,-16.92560271476674,407.84902095720724,713.0,713.0,356.5,1069.5,1.0,1.0,1.0,1.0,1426.0,22.046341670968935,0.00788155236725004,2.5176406736084327e-22,-0.2529577097848533,-0.2529577097848533,0.0,1.0006462171764894,2.781365394618662e-08,0.03388181307672525,0.0005841107102210921,0.002106731667638821,2.781365394618662e-08,9.419418837675352,2.3123046092184367,0.29205535511054603,4.58647502875897,5.086454789575987,3.1520446146751326,-0.29137123897639516,1.8558950425637801,0.1852073091757224,9.419418837675352,-0.21546353470554283,0.0006173972453921624,1.0,0,0.9915848527342275,3,0,72.25243513455999,0.5035063113600957,6380.404760483041
