Dataset_Name,Mean,Median,Std,Variance,Pct_Above_Mean,Pct_Below_Mean,Coeff_Var,Kurtosis,Skew_Fisher,Skew_Pearson_SK1,Skew_Pearson_SK2,Skew_Galton,Q1,Q3,Min,Max,Min_Minus_Max,RMS,Avg_Dispersion,Entropy,Scaled_Entropy,Pct_Deviation,Mode,Burstiness,Time_Mean,Time_Median,Time_Q1,Time_Q3,DiffTime_Mean,DiffTime_Median,DiffTime_Min,DiffTime_Max,Duration,Hurst_Exponent,Benford_Law,Normal_Dist,Count_Distribution,Count_NZ_Distribution,Time_Distribution,Stationarity,Power_Min,Power_Max,Power_Mean,Power_Std,Power_Mode,Freq_Max_Power,Freq_Min_Power,Spectral_Energy,Spectral_Entropy,Spectral_Centroid,Spectral_Spread,Spectral_Skewness,Spectral_Kurtosis,Spectral_Flatness,Spectral_Rolloff,Spectral_Slope,Spectral_Flux,Periodicity_Spectral,Sig_Spaces,Switching_Ratio,Transients,Count_Zeros,Biggest_Interval,Directions,Periodicity_Time
IOPS_104,2.906278297221121e-08,-0.00028768669092116284,0.0426970526115356,0.0018230383017122389,0.499125,0.500875,1420262.8097007181,0.5083696050627386,0.18348766360369279,4.652739953889749,0.020215616491139003,-0.006892624972146845,-0.036343767469295685,0.03527475446778894,-0.1986582581889813,0.4290139525368488,-0.6276722107258301,0.04269705261154549,0.037085378777088604,1.51558392598468,0.5349346277184812,0.06802444303554074,-0.1986582581889813,1420262.8097007181,3999.5,3999.5,1999.75,5999.25,1.0,1.0,1.0,1.0,7999.0,21.547441637782413,0.005059839285187466,1.4043537136422102e-22,-24.724321000464748,-24.724321000464748,0.0,0.9001026725522222,1.1826256971239304e-09,0.0014733869610932128,7.155222626445334e-05,0.00015608430507307514,1.1826256971239304e-09,1.3313226452905813,2.712705410821643,0.035776113132226665,5.0147251776925525,4.4238385785823775,2.96851630924967,-0.05233551153876819,1.5696365727491273,0.12242707867365857,7.637635270541082,-0.23073854370616978,7.042887292644372e-05,1.0,0,0.9928741092635338,12,0,1.1693471310347725,0.49981247655950745,10.037843280798075
