Dataset_Name,Mean,Median,Std,Variance,Pct_Above_Mean,Pct_Below_Mean,Coeff_Var,Kurtosis,Skew_Fisher,Skew_Pearson_SK1,Skew_Pearson_SK2,Skew_Galton,Q1,Q3,Min,Max,Min_Minus_Max,RMS,Avg_Dispersion,Entropy,Scaled_Entropy,Pct_Deviation,Mode,Burstiness,Time_Mean,Time_Median,Time_Q1,Time_Q3,DiffTime_Mean,DiffTime_Median,DiffTime_Min,DiffTime_Max,Duration,Hurst_Exponent,Benford_Law,Normal_Dist,Count_Distribution,Count_NZ_Distribution,Time_Distribution,Stationarity,Power_Min,Power_Max,Power_Mean,Power_Std,Power_Mode,Freq_Max_Power,Freq_Min_Power,Spectral_Energy,Spectral_Entropy,Spectral_Centroid,Spectral_Spread,Spectral_Skewness,Spectral_Kurtosis,Spectral_Flatness,Spectral_Rolloff,Spectral_Slope,Spectral_Flux,Periodicity_Spectral,Sig_Spaces,Switching_Ratio,Transients,Count_Zeros,Biggest_Interval,Directions,Periodicity_Time
IOPS_19,4.8141332225970504e-08,-8.208280362964615e-06,0.02256426539798921,0.0005091460729508932,0.499875,0.500125,459170.8115325435,0.5342219898920022,0.11674371165155499,3.8899124246504115,0.0010977208232118305,-0.00681131587143281,-0.01697941916432555,0.016733374112869015,-0.08777297207332779,0.20345975038814146,-0.29123272246146925,0.022564265398040562,0.018606359428469176,1.7013223906557589,0.6004921562382382,0.07747846852441537,-0.08777297207332779,459170.8115325435,3999.5,3999.5,1999.75,5999.25,1.0,1.0,1.0,1.0,7999.0,35.86327320428184,0.001458648701453913,6.5006536944130306e-18,-73.14181892910393,-73.14181892910393,0.0,0.8968228808097357,9.858563065876832e-10,0.00341494364787603,0.00010436596941971873,0.00027422431008634673,9.858563065876832e-10,6.396392785571143,8.518517034068136,0.05218298470985937,4.821022258261106,4.878217349478252,2.7786045057811557,-0.5455969928504515,1.9300681322678261,0.09507291182561023,7.2772745490981965,-0.1916315849892637,0.00010921776384096174,1.0,0,0.9783722965369448,14,0,0.9994407328192665,0.49656207025872023,2.632723837459336
