Dataset_Name,Mean,Median,Std,Variance,Pct_Above_Mean,Pct_Below_Mean,Coeff_Var,Kurtosis,Skew_Fisher,Skew_Pearson_SK1,Skew_Pearson_SK2,Skew_Galton,Q1,Q3,Min,Max,Min_Minus_Max,RMS,Avg_Dispersion,Entropy,Scaled_Entropy,Pct_Deviation,Mode,Burstiness,Time_Mean,Time_Median,Time_Q1,Time_Q3,DiffTime_Mean,DiffTime_Median,DiffTime_Min,DiffTime_Max,Duration,Hurst_Exponent,Benford_Law,Normal_Dist,Count_Distribution,Count_NZ_Distribution,Time_Distribution,Stationarity,Power_Min,Power_Max,Power_Mean,Power_Std,Power_Mode,Freq_Max_Power,Freq_Min_Power,Spectral_Energy,Spectral_Entropy,Spectral_Centroid,Spectral_Spread,Spectral_Skewness,Spectral_Kurtosis,Spectral_Flatness,Spectral_Rolloff,Spectral_Slope,Spectral_Flux,Periodicity_Spectral,Sig_Spaces,Switching_Ratio,Transients,Count_Zeros,Biggest_Interval,Directions,Periodicity_Time
Yahoo_A1real_39_data,-0.5272611243810524,-1.2300576255765918,122.77603024922888,15073.953603759564,0.49754730203223546,0.5024526979677646,-232.85621640740322,5.64906683296479,0.46624276628275485,6.6258748355523345,0.017172647619323786,0.026356219945201827,-94.27600072756468,96.85333221340989,-814.0258703683849,1036.4025118963327,-1850.4283822647176,122.77716240430404,102.29812692226038,1.3231706031909802,0.4886063789230447,0.066350057870869,-814.0258703683849,-232.85621640740322,713.0,713.0,356.5,1069.5,1.0,1.0,1.0,1.0,1426.0,28.05916415928925,0.007016488382582505,4.1264234935076393e-50,0.9095815826205024,0.9095815826205024,0.0,1.415818194513013,9.823995164401336e-07,0.05146191184412909,0.0006701140927994655,0.0032351031920146733,9.823995164401336e-07,6.3563527054108215,3.3733667334669337,0.3350570463997327,4.098564266117437,5.279182609337662,2.9292617962955663,-0.5289267556665194,2.2532541302426123,0.16517761385445165,8.318316633266534,-0.16422481868685856,0.000956542587892433,1.0,0,0.9922861150063168,6,0,3053.7138340453785,0.5007012622717386,18094455.796132617
