Dataset_Name,Mean,Median,Std,Variance,Pct_Above_Mean,Pct_Below_Mean,Coeff_Var,Kurtosis,Skew_Fisher,Skew_Pearson_SK1,Skew_Pearson_SK2,Skew_Galton,Q1,Q3,Min,Max,Min_Minus_Max,RMS,Avg_Dispersion,Entropy,Scaled_Entropy,Pct_Deviation,Mode,Burstiness,Time_Mean,Time_Median,Time_Q1,Time_Q3,DiffTime_Mean,DiffTime_Median,DiffTime_Min,DiffTime_Max,Duration,Hurst_Exponent,Benford_Law,Normal_Dist,Count_Distribution,Count_NZ_Distribution,Time_Distribution,Stationarity,Power_Min,Power_Max,Power_Mean,Power_Std,Power_Mode,Freq_Max_Power,Freq_Min_Power,Spectral_Energy,Spectral_Entropy,Spectral_Centroid,Spectral_Spread,Spectral_Skewness,Spectral_Kurtosis,Spectral_Flatness,Spectral_Rolloff,Spectral_Slope,Spectral_Flux,Periodicity_Spectral,Sig_Spaces,Switching_Ratio,Transients,Count_Zeros,Biggest_Interval,Directions,Periodicity_Time
Yahoo_A1real_49_data,3.9699858827065597e-05,9.54448265644281e-07,0.00155948236886506,2.431985258800979e-06,0.44969199178644764,0.5503080082135524,39.28082200080521,1303.009164944568,35.13462038889601,1.6426101881762483,0.07453508899479756,-0.012184099963438607,-0.000211743127612,0.0002085313457635,-0.0025219234111621,0.0579995722143139,-0.060521495625476,0.0015599876081533045,0.00030418352365458516,0.3841771446413495,0.12618634034519913,0.02576741250328911,-0.0025219234111621,39.28082200080521,730.0,730.0,365.0,1095.0,1.0,1.0,1.0,1.0,1460.0,26.26174807861643,0.0007342188010779505,0.0,0.01041664246794155,0.01041664246794155,0.0,0.03637314712645505,6.145822022295097e-05,0.005064848194070451,0.0013544994795969731,0.0004398480490803682,6.145822022295097e-05,0.15014028056112227,6.416412825651303,0.6772497397984866,6.166949838525951,4.969957912718776,2.9115709116328645,-0.01165883353853502,1.8026566698737718,0.9506980578341893,8.458456913827655,-0.007662368079918121,0.00038135888454577044,1.0,0,0.7705479452049517,1,0,0.05813260715467428,0.48835616438322715,4.871303030067808e-05
