Dataset_Name,Mean,Median,Std,Variance,Pct_Above_Mean,Pct_Below_Mean,Coeff_Var,Kurtosis,Skew_Fisher,Skew_Pearson_SK1,Skew_Pearson_SK2,Skew_Galton,Q1,Q3,Min,Max,Min_Minus_Max,RMS,Avg_Dispersion,Entropy,Scaled_Entropy,Pct_Deviation,Mode,Burstiness,Time_Mean,Time_Median,Time_Q1,Time_Q3,DiffTime_Mean,DiffTime_Median,DiffTime_Min,DiffTime_Max,Duration,Hurst_Exponent,Benford_Law,Normal_Dist,Count_Distribution,Count_NZ_Distribution,Time_Distribution,Stationarity,Power_Min,Power_Max,Power_Mean,Power_Std,Power_Mode,Freq_Max_Power,Freq_Min_Power,Spectral_Energy,Spectral_Entropy,Spectral_Centroid,Spectral_Spread,Spectral_Skewness,Spectral_Kurtosis,Spectral_Flatness,Spectral_Rolloff,Spectral_Slope,Spectral_Flux,Periodicity_Spectral,Sig_Spaces,Switching_Ratio,Transients,Count_Zeros,Biggest_Interval,Directions,Periodicity_Time
Yahoo_A1real_64_data,-0.006292992725558744,0.0030590921376045,0.27507038178740334,0.07566371493666783,0.5121443442054129,0.4878556557945871,-43.71059009504423,816.9572128073935,-24.843131466357438,32.96842913029946,-0.10199663920624226,-0.037777921780490595,-0.1206951138363594,0.1178033227901451,-9.074931413496412,0.419241717704601,-9.494173131201013,0.2751423571428285,0.12739281527939744,0.6952725331653371,0.22836833925811592,0.028972547472771268,-9.074931413496412,-43.71059009504423,720.0,720.0,360.0,1080.0,1.0,1.0,1.0,1.0,1440.0,11.057676238086264,0.009139489754976643,0.0,-0.0056556456478973095,-0.0056556456478973095,0.0,0.14104676030520683,7.501120989944077e-05,0.00816872142642659,0.001180653776646914,0.0005946978524825693,7.501120989944077e-05,3.1531462925851703,5.215210420841683,0.5903268883234569,6.123089862411517,5.063189117910216,2.85564890231578,-0.020743765479453242,1.8437400759464257,0.9182692828699757,8.538537074148296,0.030116928406763326,0.00043506523202656864,1.0,0,0.9986111111104177,0,0,1.096569325917609,0.49930555555520884,19.03504943085692
