Dataset_Name,Mean,Median,Std,Variance,Pct_Above_Mean,Pct_Below_Mean,Coeff_Var,Kurtosis,Skew_Fisher,Skew_Pearson_SK1,Skew_Pearson_SK2,Skew_Galton,Q1,Q3,Min,Max,Min_Minus_Max,RMS,Avg_Dispersion,Entropy,Scaled_Entropy,Pct_Deviation,Mode,Burstiness,Time_Mean,Time_Median,Time_Q1,Time_Q3,DiffTime_Mean,DiffTime_Median,DiffTime_Min,DiffTime_Max,Duration,Hurst_Exponent,Benford_Law,Normal_Dist,Count_Distribution,Count_NZ_Distribution,Time_Distribution,Stationarity,Power_Min,Power_Max,Power_Mean,Power_Std,Power_Mode,Freq_Max_Power,Freq_Min_Power,Spectral_Energy,Spectral_Entropy,Spectral_Centroid,Spectral_Spread,Spectral_Skewness,Spectral_Kurtosis,Spectral_Flatness,Spectral_Rolloff,Spectral_Slope,Spectral_Flux,Periodicity_Spectral,Sig_Spaces,Switching_Ratio,Transients,Count_Zeros,Biggest_Interval,Directions,Periodicity_Time
IOPS_269,1.14607021793278e-06,0.0009091501126050616,0.11932861478433036,0.014239318306347106,0.5009761811792268,0.4990238188207731,104029.04104631125,4.168588513208404,-0.4800217720151251,10.331371802978415,-0.02282781970826389,-0.0022471748258619585,-0.09064860182448342,0.09205633211932707,-1.232827150332458,0.4730486637993181,-1.705875814131776,0.11932861478983398,0.09870582323736024,1.629606581291982,0.5638051839789391,0.06995152503238486,-1.232827150332458,104029.04104631125,2560.5,2560.5,1280.25,3840.75,1.0,1.0,1.0,1.0,5121.0,27.543948092086275,0.003432955100954481,4.870119253439278e-146,-87.78307214597562,-87.78307214597562,0.0,1.0179578188801506,6.303353832546602e-09,0.004171930443162721,0.00016897805174833532,0.00041030758370550586,6.303353832546602e-09,9.419418837675352,5.195190380761523,0.08448902587416766,4.843409753274486,4.566023349942777,2.9845549459734886,-0.2647289909113496,1.67047569734093,0.09666726204714478,7.517515030060121,-0.3991155874271451,0.00018314822495886792,1.0,0,0.9869166178478838,8,0,2.6588742604202196,0.4983401679358527,42.70179783468297
