Dataset_Name,Mean,Median,Std,Variance,Pct_Above_Mean,Pct_Below_Mean,Coeff_Var,Kurtosis,Skew_Fisher,Skew_Pearson_SK1,Skew_Pearson_SK2,Skew_Galton,Q1,Q3,Min,Max,Min_Minus_Max,RMS,Avg_Dispersion,Entropy,Scaled_Entropy,Pct_Deviation,Mode,Burstiness,Time_Mean,Time_Median,Time_Q1,Time_Q3,DiffTime_Mean,DiffTime_Median,DiffTime_Min,DiffTime_Max,Duration,Hurst_Exponent,Benford_Law,Normal_Dist,Count_Distribution,Count_NZ_Distribution,Time_Distribution,Stationarity,Power_Min,Power_Max,Power_Mean,Power_Std,Power_Mode,Freq_Max_Power,Freq_Min_Power,Spectral_Energy,Spectral_Entropy,Spectral_Centroid,Spectral_Spread,Spectral_Skewness,Spectral_Kurtosis,Spectral_Flatness,Spectral_Rolloff,Spectral_Slope,Spectral_Flux,Periodicity_Spectral,Sig_Spaces,Switching_Ratio,Transients,Count_Zeros,Biggest_Interval,Directions,Periodicity_Time
ec2_cpu_utilization_5f5533,4.575224061492072e-09,0.01096588160964975,0.2119261400846055,0.044912688851159836,0.5002480158730159,0.49975198412698413,38012129.691499546,-1.7794158639287057,0.022466735215442096,2.6060427204751826,-0.15523158650892255,-0.051364307135315694,-0.20841117450000188,0.2089076456180461,-0.5522885726767086,0.9044767417013446,-1.4567653143780532,0.21192614008460556,0.20826961559433801,1.2548085946636067,0.4754760649216613,0.14547720064958258,-0.5522885726767086,38012129.691499546,2015.5,2015.5,1007.75,3023.25,1.0,1.0,1.0,1.0,4031.0,5.768998917545928,0.025408130231114517,0.0,-3300.670825753702,-3300.670825753702,0.0,1.0136647845929174,4.515779829025464e-09,0.015572965730845044,7.644998365778718e-05,0.0007675357446434738,4.515779829025464e-09,9.419418837675352,8.69869739478958,0.03822499182889359,2.833191527404061,6.599902593047004,3.103772432524468,-0.455630038744034,1.5964642766392079,0.050893557890531176,9.419418837675352,0.010814133787811491,0.00010818386184928079,1.0,0,0.9997519225996031,2,0,1.3340194670335777,0.49987596129980155,174.33091073144584
