Dataset_Name,Mean,Median,Std,Variance,Pct_Above_Mean,Pct_Below_Mean,Coeff_Var,Kurtosis,Skew_Fisher,Skew_Pearson_SK1,Skew_Pearson_SK2,Skew_Galton,Q1,Q3,Min,Max,Min_Minus_Max,RMS,Avg_Dispersion,Entropy,Scaled_Entropy,Pct_Deviation,Mode,Burstiness,Time_Mean,Time_Median,Time_Q1,Time_Q3,DiffTime_Mean,DiffTime_Median,DiffTime_Min,DiffTime_Max,Duration,Hurst_Exponent,Benford_Law,Normal_Dist,Count_Distribution,Count_NZ_Distribution,Time_Distribution,Stationarity,Power_Min,Power_Max,Power_Mean,Power_Std,Power_Mode,Freq_Max_Power,Freq_Min_Power,Spectral_Energy,Spectral_Entropy,Spectral_Centroid,Spectral_Spread,Spectral_Skewness,Spectral_Kurtosis,Spectral_Flatness,Spectral_Rolloff,Spectral_Slope,Spectral_Flux,Periodicity_Spectral,Sig_Spaces,Switching_Ratio,Transients,Count_Zeros,Biggest_Interval,Directions,Periodicity_Time
Yahoo_A1real_36_data,0.00011605574055208698,0.0005636815411156,0.005934214181248044,3.521489794892539e-05,0.5051334702258727,0.4948665297741273,51.132007955925076,452.8731921006167,15.75486356403836,4.855559440986387,-0.22629401878347696,-0.14360179141648358,-0.0034110176650292,0.0035401766478457,-0.0286978788076016,0.169556546258315,-0.19825442506591662,0.0059353489268821,0.0036934570333921907,0.7460563225361768,0.2490397185600475,0.02993231626150433,-0.0286978788076016,51.132007955925076,730.0,730.0,365.0,1095.0,1.0,1.0,1.0,1.0,1460.0,11.61162294330918,0.014543957705865787,0.0,-0.02426474876559643,-0.02426474876559643,0.0,0.34887501318753683,2.8760315065353437e-06,0.023725782119344837,0.0009727649301290248,0.0012023931052961632,2.8760315065353437e-06,9.419418837675352,7.797795591182365,0.4863824650645124,5.932592927476629,5.170371430664559,2.974705115887337,-0.06273690610380614,1.7477327442275021,0.7838064310238324,8.878877755511022,-0.006678604418173233,0.0006135473382083542,1.0,0,0.9883561643828846,1,0,0.16546943350507928,0.5034246575339018,0.01744878741030661
