Dataset_Name,Mean,Median,Std,Variance,Pct_Above_Mean,Pct_Below_Mean,Coeff_Var,Kurtosis,Skew_Fisher,Skew_Pearson_SK1,Skew_Pearson_SK2,Skew_Galton,Q1,Q3,Min,Max,Min_Minus_Max,RMS,Avg_Dispersion,Entropy,Scaled_Entropy,Pct_Deviation,Mode,Burstiness,Time_Mean,Time_Median,Time_Q1,Time_Q3,DiffTime_Mean,DiffTime_Median,DiffTime_Min,DiffTime_Max,Duration,Hurst_Exponent,Benford_Law,Normal_Dist,Count_Distribution,Count_NZ_Distribution,Time_Distribution,Stationarity,Power_Min,Power_Max,Power_Mean,Power_Std,Power_Mode,Freq_Max_Power,Freq_Min_Power,Spectral_Energy,Spectral_Entropy,Spectral_Centroid,Spectral_Spread,Spectral_Skewness,Spectral_Kurtosis,Spectral_Flatness,Spectral_Rolloff,Spectral_Slope,Spectral_Flux,Periodicity_Spectral,Sig_Spaces,Switching_Ratio,Transients,Count_Zeros,Biggest_Interval,Directions,Periodicity_Time
IOPS_121,7.59670146757152e-08,0.0018908367095775702,0.04747446737087321,0.0022538250521481054,0.50275,0.49725,616815.7563457176,0.1154504779246377,0.17782759995223518,4.276072709827605,-0.1194806897757442,-0.056150365410122985,-0.043302422826835496,0.042278685675245065,-0.20300420264725005,0.4335375309201339,-0.636541733567384,0.04747446737093399,0.043141726558888795,1.4761398387063487,0.521012595568252,0.07458186131839183,-0.20300420264725005,616815.7563457176,3999.5,3999.5,1999.75,5999.25,1.0,1.0,1.0,1.0,7999.0,21.801165728687863,0.010531362219738225,1.1657240805069357e-10,39.88088849153711,39.88088849153711,0.0,0.9568936986594178,9.698608675988208e-10,0.0011379336598468673,5.46124495582493e-05,0.00012679904590756391,9.698608675988208e-10,0.13012024048096194,2.3523446893787576,0.02730622477912465,4.9046011681565655,4.449409436834813,2.9478416020775438,-0.10508732871679762,1.7109969960804725,0.11792760962496583,7.177174348697395,-0.3037296759950772,6.012938953067325e-05,1.0,0,0.9951243905486942,10,0,1.1919640995776248,0.5005625703212275,14.620469273228588
