Dataset_Name,Mean,Median,Std,Variance,Pct_Above_Mean,Pct_Below_Mean,Coeff_Var,Kurtosis,Skew_Fisher,Skew_Pearson_SK1,Skew_Pearson_SK2,Skew_Galton,Q1,Q3,Min,Max,Min_Minus_Max,RMS,Avg_Dispersion,Entropy,Scaled_Entropy,Pct_Deviation,Mode,Burstiness,Time_Mean,Time_Median,Time_Q1,Time_Q3,DiffTime_Mean,DiffTime_Median,DiffTime_Min,DiffTime_Max,Duration,Hurst_Exponent,Benford_Law,Normal_Dist,Count_Distribution,Count_NZ_Distribution,Time_Distribution,Stationarity,Power_Min,Power_Max,Power_Mean,Power_Std,Power_Mode,Freq_Max_Power,Freq_Min_Power,Spectral_Energy,Spectral_Entropy,Spectral_Centroid,Spectral_Spread,Spectral_Skewness,Spectral_Kurtosis,Spectral_Flatness,Spectral_Rolloff,Spectral_Slope,Spectral_Flux,Periodicity_Spectral,Sig_Spaces,Switching_Ratio,Transients,Count_Zeros,Biggest_Interval,Directions,Periodicity_Time
IOPS_459,3.8131567987309543e-07,-7.25342962510922e-05,0.05927581206042176,0.0035136218954224417,0.499375,0.500625,155044.1563895511,54.631408268562765,-2.3629914778734795,19.51967650919143,0.0036903219795554744,0.001043901026761681,-0.02916275819815084,0.02907848770308874,-1.1570443144430573,0.591184312112432,-1.7482286265554894,0.05927581206164824,0.039218797155174186,1.0537960956456012,0.3461285363649548,0.03390621290952423,-1.1570443144430573,155044.1563895511,3999.5,3999.5,1999.75,5999.25,1.0,1.0,1.0,1.0,7999.0,51.63400240424959,0.00045899424175081544,0.0,205.99673252371582,205.99673252371582,0.0,0.579620891472735,7.491509231522869e-11,0.002936435247354401,0.00021080506286584447,0.00044400804659978097,7.491509231522869e-11,6.6366332665330665,4.314308617234469,0.10540253143292223,4.924575868928859,4.6385020934220655,2.6617467795058722,-0.5187410436805651,1.7921193695873414,0.0803160502165687,7.017014028056113,-0.3711156541979542,0.000206544610354285,1.0,0,0.5759469933740997,52,0,2.597737270339792,0.4973121640204404,0.01919243698434375
