Dataset_Name,Mean,Median,Std,Variance,Pct_Above_Mean,Pct_Below_Mean,Coeff_Var,Kurtosis,Skew_Fisher,Skew_Pearson_SK1,Skew_Pearson_SK2,Skew_Galton,Q1,Q3,Min,Max,Min_Minus_Max,RMS,Avg_Dispersion,Entropy,Scaled_Entropy,Pct_Deviation,Mode,Burstiness,Time_Mean,Time_Median,Time_Q1,Time_Q3,DiffTime_Mean,DiffTime_Median,DiffTime_Min,DiffTime_Max,Duration,Hurst_Exponent,Benford_Law,Normal_Dist,Count_Distribution,Count_NZ_Distribution,Time_Distribution,Stationarity,Power_Min,Power_Max,Power_Mean,Power_Std,Power_Mode,Freq_Max_Power,Freq_Min_Power,Spectral_Energy,Spectral_Entropy,Spectral_Centroid,Spectral_Spread,Spectral_Skewness,Spectral_Kurtosis,Spectral_Flatness,Spectral_Rolloff,Spectral_Slope,Spectral_Flux,Periodicity_Spectral,Sig_Spaces,Switching_Ratio,Transients,Count_Zeros,Biggest_Interval,Directions,Periodicity_Time
Yahoo_A1real_21_data,0.0001973465928641224,-0.0406282622128131,1.441454006410381,2.0777896525965387,0.4640845070422535,0.5359154929577464,7304.137767734769,103.58207819320374,6.1535694808992725,6.765925021244804,0.08496755761015591,0.050348822171252874,-0.40559167764652493,0.363034580035432,-9.752572389118626,23.59124570403173,-33.34381809315036,1.441454019919545,0.6344172058774009,0.667739582792681,0.22677990180490534,0.04323002249893095,-9.752572389118626,7304.137767734769,709.5,709.5,354.75,1064.25,1.0,1.0,1.0,1.0,1419.0,17.669056413702624,0.00043063736895488036,0.0,-1.9489217271830215,-1.9489217271830215,0.0,0.08479287773346895,2.4673990636350816e-08,0.01581186595950517,0.001349730485102063,0.0024551812108931453,2.4673990636350816e-08,5.075070140280562,8.13813627254509,0.6748652425510315,5.17446171615965,4.459378316726961,2.7577665289201247,-0.4268031012434653,1.613890070989639,0.15567687348535486,7.137134268537075,-0.43366313618126845,0.001326954115425945,1.0,0,0.5144467935161984,10,0,45.89915533362284,0.5017618040870319,117.67309308072574
