Dataset_Name,Mean,Median,Std,Variance,Pct_Above_Mean,Pct_Below_Mean,Coeff_Var,Kurtosis,Skew_Fisher,Skew_Pearson_SK1,Skew_Pearson_SK2,Skew_Galton,Q1,Q3,Min,Max,Min_Minus_Max,RMS,Avg_Dispersion,Entropy,Scaled_Entropy,Pct_Deviation,Mode,Burstiness,Time_Mean,Time_Median,Time_Q1,Time_Q3,DiffTime_Mean,DiffTime_Median,DiffTime_Min,DiffTime_Max,Duration,Hurst_Exponent,Benford_Law,Normal_Dist,Count_Distribution,Count_NZ_Distribution,Time_Distribution,Stationarity,Power_Min,Power_Max,Power_Mean,Power_Std,Power_Mode,Freq_Max_Power,Freq_Min_Power,Spectral_Energy,Spectral_Entropy,Spectral_Centroid,Spectral_Spread,Spectral_Skewness,Spectral_Kurtosis,Spectral_Flatness,Spectral_Rolloff,Spectral_Slope,Spectral_Flux,Periodicity_Spectral,Sig_Spaces,Switching_Ratio,Transients,Count_Zeros,Biggest_Interval,Directions,Periodicity_Time
IOPS_264,6.367082129514756e-07,5.833239895025599e-05,0.07513096039149625,0.005644661209348578,0.500125,0.499875,117814.00782619858,10.857069324439673,-0.72734446502542,15.410903301847044,-0.002303804836330825,-0.002602634846515199,-0.05543600256280712,0.05526455423146359,-1.1578353442709393,0.4153464985406856,-1.5731818428116249,0.07513096039419419,0.06088453639170848,1.3306359200598172,0.4519149247183925,0.047757327410710024,-1.1578353442709393,117814.00782619858,3999.5,3999.5,1999.75,5999.25,1.0,1.0,1.0,1.0,7999.0,37.5524660405485,0.001652700989726482,0.0,-24.560822514185816,-24.560822514185816,0.0,1.0284032563554877,5.184906105958869e-10,0.0033059371182297377,0.00011837456483192185,0.00028573528490051487,5.184906105958869e-10,0.29028056112224454,3.5735671342685373,0.059187282415960926,4.858863270313391,4.1130260306053,2.790913013851638,-0.13065409223894356,1.579647286466015,0.08632703948049192,6.916913827655311,-0.30114516969677724,0.00012249434080185195,1.0,0,0.9763720465056911,20,0,2.827014008472105,0.5006875859481809,22.888934071424263
