Dataset_Name,Mean,Median,Std,Variance,Pct_Above_Mean,Pct_Below_Mean,Coeff_Var,Kurtosis,Skew_Fisher,Skew_Pearson_SK1,Skew_Pearson_SK2,Skew_Galton,Q1,Q3,Min,Max,Min_Minus_Max,RMS,Avg_Dispersion,Entropy,Scaled_Entropy,Pct_Deviation,Mode,Burstiness,Time_Mean,Time_Median,Time_Q1,Time_Q3,DiffTime_Mean,DiffTime_Median,DiffTime_Min,DiffTime_Max,Duration,Hurst_Exponent,Benford_Law,Normal_Dist,Count_Distribution,Count_NZ_Distribution,Time_Distribution,Stationarity,Power_Min,Power_Max,Power_Mean,Power_Std,Power_Mode,Freq_Max_Power,Freq_Min_Power,Spectral_Energy,Spectral_Entropy,Spectral_Centroid,Spectral_Spread,Spectral_Skewness,Spectral_Kurtosis,Spectral_Flatness,Spectral_Rolloff,Spectral_Slope,Spectral_Flux,Periodicity_Spectral,Sig_Spaces,Switching_Ratio,Transients,Count_Zeros,Biggest_Interval,Directions,Periodicity_Time
IOPS_475,3.3427610392156026e-08,-0.00014156136358778326,0.040499534113335206,0.0016402122633972023,0.49975,0.50025,1176367.8527790764,-1.009333843431281,0.03870633666354831,3.474700657525171,0.010488623447301209,-0.0013732747992869904,-0.035620488525329286,0.035240054798370224,-0.1407237278601592,0.19894591654222182,-0.339669644402381,0.04049953411334901,0.036148914753772604,1.9527399393538314,0.7043020564088737,0.11923212645439206,-0.1407237278601592,1176367.8527790764,3999.5,3999.5,1999.75,5999.25,1.0,1.0,1.0,1.0,7999.0,20.714610074613656,0.006304771782377511,0.0,75.11510005517543,75.11510005517543,0.0,1.0289928286106902,3.871974990515104e-09,0.0013719803271376946,5.328616882397036e-05,0.00012138704381490198,3.871974990515104e-09,6.396392785571143,8.438436873747495,0.02664308441198518,4.9514488348556025,4.858058266360219,2.807465536654088,-0.3202999155373243,1.8383816574854934,0.12124949024789611,7.657655310621243,-0.1892784571618599,5.5637616568903046e-05,1.0,0,0.9981247655955746,3,0,1.0927217708151744,0.49968746093255406,10.31553815012843
