Dataset_Name,Mean,Median,Std,Variance,Pct_Above_Mean,Pct_Below_Mean,Coeff_Var,Kurtosis,Skew_Fisher,Skew_Pearson_SK1,Skew_Pearson_SK2,Skew_Galton,Q1,Q3,Min,Max,Min_Minus_Max,RMS,Avg_Dispersion,Entropy,Scaled_Entropy,Pct_Deviation,Mode,Burstiness,Time_Mean,Time_Median,Time_Q1,Time_Q3,DiffTime_Mean,DiffTime_Median,DiffTime_Min,DiffTime_Max,Duration,Hurst_Exponent,Benford_Law,Normal_Dist,Count_Distribution,Count_NZ_Distribution,Time_Distribution,Stationarity,Power_Min,Power_Max,Power_Mean,Power_Std,Power_Mode,Freq_Max_Power,Freq_Min_Power,Spectral_Energy,Spectral_Entropy,Spectral_Centroid,Spectral_Spread,Spectral_Skewness,Spectral_Kurtosis,Spectral_Flatness,Spectral_Rolloff,Spectral_Slope,Spectral_Flux,Periodicity_Spectral,Sig_Spaces,Switching_Ratio,Transients,Count_Zeros,Biggest_Interval,Directions,Periodicity_Time
IOPS_255,5.925126723537871e-07,-4.753057275785899e-05,0.004156434475369235,1.7275947548037927e-05,0.4925,0.5075,7003.109906458114,131.79556955485052,4.732919993343983,10.47766280230926,0.03473391013674123,0.005514048676404853,-0.0018239925206157137,0.001748631000612566,-0.043549136857802484,0.1086502671461389,-0.15219940400394139,0.004156434517601498,0.0023343875866462093,0.7358891132721839,0.23807149987040555,0.02730913747830748,-0.043549136857802484,7003.109906458114,3999.5,3999.5,1999.75,5999.25,1.0,1.0,1.0,1.0,7999.0,53.02195823454376,0.001066644140853122,0.0,-0.0024925002830448796,-0.0024925002830448796,0.0,3.669537095137029,2.4969095046467695e-09,0.006036867875761106,0.0001823381679171374,0.0004676400487587348,2.4969095046467695e-09,0.1901803607214429,4.554549098196393,0.09116908395856871,4.726163280119412,4.107317780997608,2.9093485983858574,-0.29755770634729833,1.4056110664495942,0.05622864101667534,7.137134268537075,-0.49078054406073246,0.00016858185108571935,1.0,0,0.9408676084509388,56,0,0.21822161110673544,0.5016877109638077,0.052741892717944425
