Dataset_Name,Mean,Median,Std,Variance,Pct_Above_Mean,Pct_Below_Mean,Coeff_Var,Kurtosis,Skew_Fisher,Skew_Pearson_SK1,Skew_Pearson_SK2,Skew_Galton,Q1,Q3,Min,Max,Min_Minus_Max,RMS,Avg_Dispersion,Entropy,Scaled_Entropy,Pct_Deviation,Mode,Burstiness,Time_Mean,Time_Median,Time_Q1,Time_Q3,DiffTime_Mean,DiffTime_Median,DiffTime_Min,DiffTime_Max,Duration,Hurst_Exponent,Benford_Law,Normal_Dist,Count_Distribution,Count_NZ_Distribution,Time_Distribution,Stationarity,Power_Min,Power_Max,Power_Mean,Power_Std,Power_Mode,Freq_Max_Power,Freq_Min_Power,Spectral_Energy,Spectral_Entropy,Spectral_Centroid,Spectral_Spread,Spectral_Skewness,Spectral_Kurtosis,Spectral_Flatness,Spectral_Rolloff,Spectral_Slope,Spectral_Flux,Periodicity_Spectral,Sig_Spaces,Switching_Ratio,Transients,Count_Zeros,Biggest_Interval,Directions,Periodicity_Time
IOPS_52,1.5861358966695605e-08,0.0007365240681167506,0.03272921996641713,0.001071201839610118,0.50275,0.49725,1941078.416696043,0.15069841930505357,0.14270517956794326,3.996028410632074,-0.06750923349322936,-0.03264383288148419,-0.02929087043720635,0.028865472597764175,-0.13078688097829883,0.334276980882791,-0.46506386186108983,0.032729219966420975,0.029586946190679447,1.491800068307726,0.5265399695052353,0.07037575391273314,-0.13078688097829883,1941078.416696043,3999.5,3999.5,1999.75,5999.25,1.0,1.0,1.0,1.0,7999.0,18.268409943163068,0.007408836959566521,4.759451421424699e-08,782.7510482717001,782.7510482717001,0.0,0.9504526351077788,7.734970416690695e-10,0.016144487377248173,8.170950763871562e-05,0.0007287528517492305,7.734970416690695e-10,6.176172344689379,8.518517034068136,0.04085475381935781,3.620278641121186,5.421216946142244,2.2888612378980504,-0.9957462258224924,3.367997295423253,0.06937240595546032,6.956953907815632,-0.09023881524633372,0.00011842819488635076,1.0,0,0.9973746718338545,4,0,0.6003557753972011,0.5003125390673209,7.076650652783221
