Dataset_Name,Mean,Median,Std,Variance,Pct_Above_Mean,Pct_Below_Mean,Coeff_Var,Kurtosis,Skew_Fisher,Skew_Pearson_SK1,Skew_Pearson_SK2,Skew_Galton,Q1,Q3,Min,Max,Min_Minus_Max,RMS,Avg_Dispersion,Entropy,Scaled_Entropy,Pct_Deviation,Mode,Burstiness,Time_Mean,Time_Median,Time_Q1,Time_Q3,DiffTime_Mean,DiffTime_Median,DiffTime_Min,DiffTime_Max,Duration,Hurst_Exponent,Benford_Law,Normal_Dist,Count_Distribution,Count_NZ_Distribution,Time_Distribution,Stationarity,Power_Min,Power_Max,Power_Mean,Power_Std,Power_Mode,Freq_Max_Power,Freq_Min_Power,Spectral_Energy,Spectral_Entropy,Spectral_Centroid,Spectral_Spread,Spectral_Skewness,Spectral_Kurtosis,Spectral_Flatness,Spectral_Rolloff,Spectral_Slope,Spectral_Flux,Periodicity_Spectral,Sig_Spaces,Switching_Ratio,Transients,Count_Zeros,Biggest_Interval,Directions,Periodicity_Time
IOPS_285,1.231898869633552e-05,0.0007196132415216994,0.07438903476302006,0.005533728492973806,0.5035,0.4965,6038.076543458717,64.95434669630671,-3.016957747002511,22.866731998069564,-0.028524133116011062,0.001135732341735327,-0.04208022457654437,0.043616779920320425,-1.7010218253990956,0.4969839275865695,-2.198005752985665,0.07438903578304594,0.05275096569767421,1.0613222051309465,0.34860055279341673,0.033843876262894076,-1.7010218253990956,6038.076543458717,3999.5,3999.5,1999.75,5999.25,1.0,1.0,1.0,1.0,7999.0,68.10116036299908,0.000587785758132141,0.0,4.707995615706206,4.707995615706206,0.0,0.6569850575265486,2.3091548500731235e-09,0.0053956957162157775,0.00019159822531846012,0.00044890631380016587,2.3091548500731235e-09,6.25625250501002,4.4144088176352705,0.09579911265923005,4.916482048848168,4.4231335716983,2.770613822845174,-0.30080875505381155,1.6649026618323903,0.09558724353936622,7.177174348697395,-0.39059826086504873,0.0002116448483506602,1.0,0,0.7225903237903835,28,0,5.679052567434184,0.49568696087004677,7.27744003223059
