Dataset_Name,Mean,Median,Std,Variance,Pct_Above_Mean,Pct_Below_Mean,Coeff_Var,Kurtosis,Skew_Fisher,Skew_Pearson_SK1,Skew_Pearson_SK2,Skew_Galton,Q1,Q3,Min,Max,Min_Minus_Max,RMS,Avg_Dispersion,Entropy,Scaled_Entropy,Pct_Deviation,Mode,Burstiness,Time_Mean,Time_Median,Time_Q1,Time_Q3,DiffTime_Mean,DiffTime_Median,DiffTime_Min,DiffTime_Max,Duration,Hurst_Exponent,Benford_Law,Normal_Dist,Count_Distribution,Count_NZ_Distribution,Time_Distribution,Stationarity,Power_Min,Power_Max,Power_Mean,Power_Std,Power_Mode,Freq_Max_Power,Freq_Min_Power,Spectral_Energy,Spectral_Entropy,Spectral_Centroid,Spectral_Spread,Spectral_Skewness,Spectral_Kurtosis,Spectral_Flatness,Spectral_Rolloff,Spectral_Slope,Spectral_Flux,Periodicity_Spectral,Sig_Spaces,Switching_Ratio,Transients,Count_Zeros,Biggest_Interval,Directions,Periodicity_Time
IOPS_192,2.4623973633072783e-07,0.00398845428205763,0.024307848645279892,0.0005908715057618355,0.500125,0.499875,98316.91703781688,-1.9359725223931257,0.0011145188551857706,1.6378700656966836,-0.4922123635599825,-0.16586517171152337,-0.024160786420102554,0.024128228986205036,-0.03981285305572335,0.06365294351050999,-0.10346579656623334,0.024307848646527103,0.024118696551157733,1.453618227711568,0.5367766914302957,0.23493607759336405,-0.03981285305572335,98316.91703781688,3999.5,3999.5,1999.75,5999.25,1.0,1.0,1.0,1.0,7999.0,6.864870278477539,0.06759612978451118,0.0,-9.36622872177328,-9.36622872177328,0.0,0.995812710330335,7.604025893830593e-11,0.0012134413414976381,1.0856743803250975e-05,7.090498504089481e-05,7.604025893830593e-11,9.419418837675352,0.2702605210420842,0.005428371901625487,3.693536418292652,5.792476231076192,3.2228578609216005,-0.13385876468990238,1.5306116000677539,0.07450109408739651,9.419418837675352,-0.1162443731974708,1.1610999776355346e-05,1.0,0,0.9998749843729215,0,0,0.17215975427659025,0.4999374921864608,4.656918739278427
