Dataset_Name,Mean,Median,Std,Variance,Pct_Above_Mean,Pct_Below_Mean,Coeff_Var,Kurtosis,Skew_Fisher,Skew_Pearson_SK1,Skew_Pearson_SK2,Skew_Galton,Q1,Q3,Min,Max,Min_Minus_Max,RMS,Avg_Dispersion,Entropy,Scaled_Entropy,Pct_Deviation,Mode,Burstiness,Time_Mean,Time_Median,Time_Q1,Time_Q3,DiffTime_Mean,DiffTime_Median,DiffTime_Min,DiffTime_Max,Duration,Hurst_Exponent,Benford_Law,Normal_Dist,Count_Distribution,Count_NZ_Distribution,Time_Distribution,Stationarity,Power_Min,Power_Max,Power_Mean,Power_Std,Power_Mode,Freq_Max_Power,Freq_Min_Power,Spectral_Energy,Spectral_Entropy,Spectral_Centroid,Spectral_Spread,Spectral_Skewness,Spectral_Kurtosis,Spectral_Flatness,Spectral_Rolloff,Spectral_Slope,Spectral_Flux,Periodicity_Spectral,Sig_Spaces,Switching_Ratio,Transients,Count_Zeros,Biggest_Interval,Directions,Periodicity_Time
IOPS_128,2.078966184981823e-09,-0.00010793007967713208,0.008886961409891918,7.897808310090816e-05,0.49375,0.50625,2886345.8953331714,4.555064467093825,0.28719305347361,6.634197652934373,0.036435000059135976,0.014251262628155107,-0.004646242036154824,0.004561605342281894,-0.058957863082454764,0.09098607047300789,-0.14994393355546265,0.008886961409892162,0.006316820744416653,1.456554573004421,0.503933298033842,0.0592685621878538,-0.058957863082454764,2886345.8953331714,3999.5,3999.5,1999.75,5999.25,1.0,1.0,1.0,1.0,7999.0,24.426761840148362,0.00027352548756236813,5.957215065389358e-202,-5.786770755054536,-5.786770755054536,0.0,1.000042852571122,1.5750659197980348e-09,0.012183848810875968,0.00020967636660619349,0.0008504787110271268,1.5750659197980348e-09,0.21020040080160324,3.3533466933867735,0.10483818330309674,4.336786457164677,4.645700911823129,2.8375886507349044,-0.4790020060138917,1.686738079166026,0.06504486270344119,7.297294589178357,-0.2555803270801451,0.0002890039560402796,1.0,0,0.6737092136516222,89,0,0.14892400755607227,0.5001875234403675,0.048269599007174056
