Dataset_Name,Mean,Median,Std,Variance,Pct_Above_Mean,Pct_Below_Mean,Coeff_Var,Kurtosis,Skew_Fisher,Skew_Pearson_SK1,Skew_Pearson_SK2,Skew_Galton,Q1,Q3,Min,Max,Min_Minus_Max,RMS,Avg_Dispersion,Entropy,Scaled_Entropy,Pct_Deviation,Mode,Burstiness,Time_Mean,Time_Median,Time_Q1,Time_Q3,DiffTime_Mean,DiffTime_Median,DiffTime_Min,DiffTime_Max,Duration,Hurst_Exponent,Benford_Law,Normal_Dist,Count_Distribution,Count_NZ_Distribution,Time_Distribution,Stationarity,Power_Min,Power_Max,Power_Mean,Power_Std,Power_Mode,Freq_Max_Power,Freq_Min_Power,Spectral_Energy,Spectral_Entropy,Spectral_Centroid,Spectral_Spread,Spectral_Skewness,Spectral_Kurtosis,Spectral_Flatness,Spectral_Rolloff,Spectral_Slope,Spectral_Flux,Periodicity_Spectral,Sig_Spaces,Switching_Ratio,Transients,Count_Zeros,Biggest_Interval,Directions,Periodicity_Time
Yahoo_A1real_13_data,-1.541769943781268,0.4297850059283519,59.356821299599524,3523.2322347925915,0.5448227936066713,0.4551772063933287,-38.49914286986494,1350.1540731175992,-36.21697424742276,37.3551989407007,-0.09964591633327777,-0.10938201477227784,-7.239392613421387,6.586642994104295,-2218.8276381152973,100.60147799719562,-2319.429116112493,59.37684135546567,9.512986179891852,0.41257762690495925,0.13551472692641878,0.025591133993807774,-2218.8276381152973,-38.49914286986494,719.0,719.0,359.5,1078.5,1.0,1.0,1.0,1.0,1438.0,15.482459362806766,0.0017285815918484772,0.0,-0.013098190140958582,-0.013098190140958582,0.0,0.012659038528689041,0.0005884634088748926,0.0026833779922446933,0.0013668395924499369,0.0002544221589490683,0.0005884634088748926,9.419418837675352,3.13312625250501,0.6834197962249684,6.198106401231196,5.01273990655214,2.8878609600955176,-0.010687443046976856,1.809348110657041,0.9839187765716466,8.518517034068136,0.0029142530069058673,0.00022872392339458178,1.0,0,0.9520166898463477,0,0,110.56040657979975,0.5041724617520833,104419.97788254928
