Dataset_Name,Mean,Median,Std,Variance,Pct_Above_Mean,Pct_Below_Mean,Coeff_Var,Kurtosis,Skew_Fisher,Skew_Pearson_SK1,Skew_Pearson_SK2,Skew_Galton,Q1,Q3,Min,Max,Min_Minus_Max,RMS,Avg_Dispersion,Entropy,Scaled_Entropy,Pct_Deviation,Mode,Burstiness,Time_Mean,Time_Median,Time_Q1,Time_Q3,DiffTime_Mean,DiffTime_Median,DiffTime_Min,DiffTime_Max,Duration,Hurst_Exponent,Benford_Law,Normal_Dist,Count_Distribution,Count_NZ_Distribution,Time_Distribution,Stationarity,Power_Min,Power_Max,Power_Mean,Power_Std,Power_Mode,Freq_Max_Power,Freq_Min_Power,Spectral_Energy,Spectral_Entropy,Spectral_Centroid,Spectral_Spread,Spectral_Skewness,Spectral_Kurtosis,Spectral_Flatness,Spectral_Rolloff,Spectral_Slope,Spectral_Flux,Periodicity_Spectral,Sig_Spaces,Switching_Ratio,Transients,Count_Zeros,Biggest_Interval,Directions,Periodicity_Time
ec2_disk_write_bytes_1ef3de,26155.176454989112,-14623.5169144955,563252.1325926207,317252964870.13513,0.4911205073995772,0.5088794926004229,21.53501558522877,8.588395962378844,1.362762888561963,4.686861213187996,0.21719594659206506,0.07119694940235755,-331084.2910533416,350353.55292276945,-2613729.397038792,4510740.5302369,-7124469.927275691,563859.0764770278,430905.88641031703,1.6179890917062985,0.5495067490292628,0.07905881256319672,-2613729.397038792,21.53501558522877,2364.5,2364.5,1182.25,3546.75,1.0,1.0,1.0,1.0,4729.0,25.598389779369217,0.025876661621889493,0.0,0.31230181807303964,0.31230181807303964,0.0,0.37058670930272725,9.923057360499818e-11,0.0061814358651404635,0.000227862368414378,0.0005613480007212767,9.923057360499818e-11,0.21020040080160324,1.5515430861723447,0.113931184207189,4.830055765457626,4.117243791168065,2.885578143211017,-0.21681900852002953,1.4519387351675488,0.08098636172812314,7.077074148296593,-0.3249804300474716,0.00024297606836992184,1.0,0,0.9384647917105226,53,0,35503508.684592664,0.5001057305983294,699901797471622.4
