Dataset_Name,Mean,Median,Std,Variance,Pct_Above_Mean,Pct_Below_Mean,Coeff_Var,Kurtosis,Skew_Fisher,Skew_Pearson_SK1,Skew_Pearson_SK2,Skew_Galton,Q1,Q3,Min,Max,Min_Minus_Max,RMS,Avg_Dispersion,Entropy,Scaled_Entropy,Pct_Deviation,Mode,Burstiness,Time_Mean,Time_Median,Time_Q1,Time_Q3,DiffTime_Mean,DiffTime_Median,DiffTime_Min,DiffTime_Max,Duration,Hurst_Exponent,Benford_Law,Normal_Dist,Count_Distribution,Count_NZ_Distribution,Time_Distribution,Stationarity,Power_Min,Power_Max,Power_Mean,Power_Std,Power_Mode,Freq_Max_Power,Freq_Min_Power,Spectral_Energy,Spectral_Entropy,Spectral_Centroid,Spectral_Spread,Spectral_Skewness,Spectral_Kurtosis,Spectral_Flatness,Spectral_Rolloff,Spectral_Slope,Spectral_Flux,Periodicity_Spectral,Sig_Spaces,Switching_Ratio,Transients,Count_Zeros,Biggest_Interval,Directions,Periodicity_Time
IOPS_127,2.89948497833592e-09,-0.00020562489195086187,0.01657196529390691,0.0002746300337024551,0.497125,0.502875,4249783.083144197,71.29293409334011,2.599371582820323,7.280308496131231,0.03722451297371592,0.008406158014952625,-0.01170234305075013,0.011486018304918133,-0.12064902410764589,0.4484774191807759,-0.5691264432884218,0.016571965293907163,0.012824799796281301,1.0017225364356062,0.32902452079007544,0.02911824860752486,-0.12064902410764589,4249783.083144197,3999.5,3999.5,1999.75,5999.25,1.0,1.0,1.0,1.0,7999.0,22.26016239556469,0.004760074898532548,0.0,1217.227952596243,1217.227952596243,0.0,0.6289111601758202,1.889086890186953e-09,0.006574368399451415,0.00012482113019879692,0.00045225531779832085,1.889086890186953e-09,0.63062124248497,3.7337274549098196,0.06241056509939846,4.489656755021934,4.422900960275251,2.7139015861922773,-0.3490234818793679,1.6824669139394541,0.08235923895577593,6.916913827655311,-0.24813962203105255,0.00013869281232542258,1.0,0,0.9778722340291314,24,0,0.17453509261962807,0.5001875234403675,1.169639255326164
