Dataset_Name,Mean,Median,Std,Variance,Pct_Above_Mean,Pct_Below_Mean,Coeff_Var,Kurtosis,Skew_Fisher,Skew_Pearson_SK1,Skew_Pearson_SK2,Skew_Galton,Q1,Q3,Min,Max,Min_Minus_Max,RMS,Avg_Dispersion,Entropy,Scaled_Entropy,Pct_Deviation,Mode,Burstiness,Time_Mean,Time_Median,Time_Q1,Time_Q3,DiffTime_Mean,DiffTime_Median,DiffTime_Min,DiffTime_Max,Duration,Hurst_Exponent,Benford_Law,Normal_Dist,Count_Distribution,Count_NZ_Distribution,Time_Distribution,Stationarity,Power_Min,Power_Max,Power_Mean,Power_Std,Power_Mode,Freq_Max_Power,Freq_Min_Power,Spectral_Energy,Spectral_Entropy,Spectral_Centroid,Spectral_Spread,Spectral_Skewness,Spectral_Kurtosis,Spectral_Flatness,Spectral_Rolloff,Spectral_Slope,Spectral_Flux,Periodicity_Spectral,Sig_Spaces,Switching_Ratio,Transients,Count_Zeros,Biggest_Interval,Directions,Periodicity_Time
IOPS_344,9.549249730911313e-08,-0.0005548774930659306,0.027899626448704494,0.0007783891559772514,0.491125,0.508875,289137.7798973138,8.776574026755634,0.7187683101150263,6.688555736013657,0.059675311426677445,0.006478882869806365,-0.017945796649074808,0.01706285864651136,-0.18660811771217922,0.3391280610387497,-0.5257361787509289,0.02789962644886792,0.021222176437023586,1.4277636971252132,0.48490177814603785,0.05306773154155404,-0.18660811771217922,289137.7798973138,3999.5,3999.5,1999.75,5999.25,1.0,1.0,1.0,1.0,7999.0,23.433790998384413,0.0006293918522222697,0.0,48.27055587378526,48.27055587378526,0.0,1.401404496133955,4.0142211041845725e-09,0.0049324187964228106,0.00019223855971875858,0.0004925906876125372,4.0142211041845725e-09,0.9709619238476954,0.41040080160320647,0.09611927985937929,4.792551644726604,4.652454651761067,2.714373756780749,-0.4319870347683486,1.6566895534196615,0.07781408377236093,7.237234468937876,-0.22524639368964777,0.00020123090299243313,1.0,0,0.8359794974370751,33,0,0.6967989808322912,0.5023127890985745,1.0832640998519842
