Dataset_Name,Mean,Median,Std,Variance,Pct_Above_Mean,Pct_Below_Mean,Coeff_Var,Kurtosis,Skew_Fisher,Skew_Pearson_SK1,Skew_Pearson_SK2,Skew_Galton,Q1,Q3,Min,Max,Min_Minus_Max,RMS,Avg_Dispersion,Entropy,Scaled_Entropy,Pct_Deviation,Mode,Burstiness,Time_Mean,Time_Median,Time_Q1,Time_Q3,DiffTime_Mean,DiffTime_Median,DiffTime_Min,DiffTime_Max,Duration,Hurst_Exponent,Benford_Law,Normal_Dist,Count_Distribution,Count_NZ_Distribution,Time_Distribution,Stationarity,Power_Min,Power_Max,Power_Mean,Power_Std,Power_Mode,Freq_Max_Power,Freq_Min_Power,Spectral_Energy,Spectral_Entropy,Spectral_Centroid,Spectral_Spread,Spectral_Skewness,Spectral_Kurtosis,Spectral_Flatness,Spectral_Rolloff,Spectral_Slope,Spectral_Flux,Periodicity_Spectral,Sig_Spaces,Switching_Ratio,Transients,Count_Zeros,Biggest_Interval,Directions,Periodicity_Time
IOPS_256,3.1973960640688247e-07,-5.728261546034119e-05,0.0033146427414409213,1.0986856503386987e-05,0.4895,0.5105,10334.373040403516,54.714845962464295,3.682662088815727,7.803676165339918,0.05213443093136839,-0.018526661894589444,-0.001433242179382399,0.0012686204347965302,-0.02586608662206924,0.0550612157641126,-0.08092730238618184,0.0033146427568624052,0.0019120125847497487,1.0902266040626636,0.3527051537339654,0.040958274930076186,-0.02586608662206924,10334.373040403516,3999.5,3999.5,1999.75,5999.25,1.0,1.0,1.0,1.0,7999.0,34.800939603889766,0.0008772643729760342,0.0,-3.405240545923183,-3.405240545923183,0.0,0.2892938967327844,2.164640447124081e-09,0.002221702955536504,0.00017601275038849184,0.00033559182855908657,2.164640447124081e-09,0.15014028056112227,4.4144088176352705,0.08800637519424592,5.045672254175137,4.394858701938054,2.756582149537827,-0.29385087528476705,1.6081081283145704,0.08645666337073453,7.157154308617235,-0.33278791847527744,0.0001757701457081171,1.0,0,0.8506063257906175,71,0,0.10506094179450454,0.5013126640829477,0.005306828672058694
