Dataset_Name,Mean,Median,Std,Variance,Pct_Above_Mean,Pct_Below_Mean,Coeff_Var,Kurtosis,Skew_Fisher,Skew_Pearson_SK1,Skew_Pearson_SK2,Skew_Galton,Q1,Q3,Min,Max,Min_Minus_Max,RMS,Avg_Dispersion,Entropy,Scaled_Entropy,Pct_Deviation,Mode,Burstiness,Time_Mean,Time_Median,Time_Q1,Time_Q3,DiffTime_Mean,DiffTime_Median,DiffTime_Min,DiffTime_Max,Duration,Hurst_Exponent,Benford_Law,Normal_Dist,Count_Distribution,Count_NZ_Distribution,Time_Distribution,Stationarity,Power_Min,Power_Max,Power_Mean,Power_Std,Power_Mode,Freq_Max_Power,Freq_Min_Power,Spectral_Energy,Spectral_Entropy,Spectral_Centroid,Spectral_Spread,Spectral_Skewness,Spectral_Kurtosis,Spectral_Flatness,Spectral_Rolloff,Spectral_Slope,Spectral_Flux,Periodicity_Spectral,Sig_Spaces,Switching_Ratio,Transients,Count_Zeros,Biggest_Interval,Directions,Periodicity_Time
Twitter_volume_PFE,0.00012162041064665303,-9.626005164915102e-05,0.01790338646299142,0.0003205312468432244,0.495964182116282,0.504035817883718,147.20587738458462,7.476406743526468,0.7975925365438713,6.650104861556027,0.03650936942735403,-0.05008863984681648,-0.012146574310053575,0.010804467680302524,-0.1189377835953138,0.2886855010562499,-0.4076232846515637,0.017903799551143056,0.013780347010673355,1.3219215687637225,0.43419669106397124,0.04392140266072834,-0.1189377835953138,147.20587738458462,7928.5,7928.5,3964.25,11892.75,1.0,1.0,1.0,1.0,15857.0,38.37670806659025,0.002132765354931709,0.0,0.5280056502954916,0.5280056502954916,0.0,1.0336644795788945,6.294096952364956e-10,0.0023371954754237896,7.918569710403462e-05,0.00019890812243577175,6.294096952364956e-10,0.13012024048096194,6.276272545090181,0.039592848552017314,4.8519382078058735,4.32666293346984,2.8571349375092283,-0.22418222197988288,1.5584306361668567,0.10838465541439232,7.317314629258517,-0.2968965936369484,7.895964229878274e-05,1.0,0,0.9060351895061546,133,0,0.7137767932586417,0.5001576590779782,1.6924148270541923
