Dataset_Name,Mean,Median,Std,Variance,Pct_Above_Mean,Pct_Below_Mean,Coeff_Var,Kurtosis,Skew_Fisher,Skew_Pearson_SK1,Skew_Pearson_SK2,Skew_Galton,Q1,Q3,Min,Max,Min_Minus_Max,RMS,Avg_Dispersion,Entropy,Scaled_Entropy,Pct_Deviation,Mode,Burstiness,Time_Mean,Time_Median,Time_Q1,Time_Q3,DiffTime_Mean,DiffTime_Median,DiffTime_Min,DiffTime_Max,Duration,Hurst_Exponent,Benford_Law,Normal_Dist,Count_Distribution,Count_NZ_Distribution,Time_Distribution,Stationarity,Power_Min,Power_Max,Power_Mean,Power_Std,Power_Mode,Freq_Max_Power,Freq_Min_Power,Spectral_Energy,Spectral_Entropy,Spectral_Centroid,Spectral_Spread,Spectral_Skewness,Spectral_Kurtosis,Spectral_Flatness,Spectral_Rolloff,Spectral_Slope,Spectral_Flux,Periodicity_Spectral,Sig_Spaces,Switching_Ratio,Transients,Count_Zeros,Biggest_Interval,Directions,Periodicity_Time
Yahoo_A1real_50_data,2.274913040053273,-0.747794859386886,88.34793501387352,7805.3576212156195,0.46143154968728284,0.5385684503127172,38.835741595190335,1302.2409676551113,35.25686521738082,0.8016827450418668,0.10264103735750975,0.05638323879678449,-14.455690697197042,14.598256628535637,-68.55210202145099,3272.921213864396,-3341.473315885847,88.37721907004895,18.21852131891628,0.016328990980881995,0.005363399780928791,0.02643981461525616,-68.55210202145099,38.835741595190335,719.0,719.0,359.5,1078.5,1.0,1.0,1.0,1.0,1438.0,21.446788521771616,0.0023620282841207265,0.0,0.01324048679552254,0.01324048679552254,0.0,0.021842848085037458,0.0002607260670537052,0.005037050807597913,0.001352953378607303,0.00038756929450204996,0.0002607260670537052,0.13012024048096194,6.156152304609218,0.6764766893036515,6.181923721840896,4.960096663719913,2.9222543939082914,-0.01859477971058641,1.8037410273440875,0.9714192975368184,8.478476953907816,-0.029843628171927677,0.00024116977809533337,1.0,0,0.9909596662023706,1,0,3326.8399753290896,0.501390820583796,648137.3734106703
