Dataset_Name,Mean,Median,Std,Variance,Pct_Above_Mean,Pct_Below_Mean,Coeff_Var,Kurtosis,Skew_Fisher,Skew_Pearson_SK1,Skew_Pearson_SK2,Skew_Galton,Q1,Q3,Min,Max,Min_Minus_Max,RMS,Avg_Dispersion,Entropy,Scaled_Entropy,Pct_Deviation,Mode,Burstiness,Time_Mean,Time_Median,Time_Q1,Time_Q3,DiffTime_Mean,DiffTime_Median,DiffTime_Min,DiffTime_Max,Duration,Hurst_Exponent,Benford_Law,Normal_Dist,Count_Distribution,Count_NZ_Distribution,Time_Distribution,Stationarity,Power_Min,Power_Max,Power_Mean,Power_Std,Power_Mode,Freq_Max_Power,Freq_Min_Power,Spectral_Energy,Spectral_Entropy,Spectral_Centroid,Spectral_Spread,Spectral_Skewness,Spectral_Kurtosis,Spectral_Flatness,Spectral_Rolloff,Spectral_Slope,Spectral_Flux,Periodicity_Spectral,Sig_Spaces,Switching_Ratio,Transients,Count_Zeros,Biggest_Interval,Directions,Periodicity_Time
IOPS_81,8.08660851872034e-08,-0.0002985654720113473,0.022631640020290906,0.0005121911300080329,0.494625,0.505375,276447.07779221487,16.296650089368555,1.3486623764362957,7.221801559479648,0.03958789437700648,0.0026094876790692294,-0.013950288864567284,0.013424592338369123,-0.16344113954783523,0.2938488771768277,-0.45729001672466296,0.02263164002043538,0.016599777861984237,1.3724746415111182,0.458143290429868,0.04949078078043145,-0.16344113954783523,276447.07779221487,3999.5,3999.5,1999.75,5999.25,1.0,1.0,1.0,1.0,7999.0,28.59767098127274,0.0008589104984604598,0.0,172.70387560259596,172.70387560259596,0.0,0.6463345689653138,9.62875208206736e-10,0.004083152450493436,0.0001739920605711942,0.00042972567769238793,9.62875208206736e-10,0.510501002004008,0.7107014028056113,0.0869960302855971,4.830161980055106,4.311747280300531,2.776872524345973,-0.23430238920145108,1.538924219801262,0.09238735369381915,7.197194388777556,-0.24354939671821837,0.00020926088461250978,1.0,0,0.8913614201774107,43,0,0.5819720516532882,0.5006875859481809,1.0197454261120364
