Dataset_Name,Mean,Median,Std,Variance,Pct_Above_Mean,Pct_Below_Mean,Coeff_Var,Kurtosis,Skew_Fisher,Skew_Pearson_SK1,Skew_Pearson_SK2,Skew_Galton,Q1,Q3,Min,Max,Min_Minus_Max,RMS,Avg_Dispersion,Entropy,Scaled_Entropy,Pct_Deviation,Mode,Burstiness,Time_Mean,Time_Median,Time_Q1,Time_Q3,DiffTime_Mean,DiffTime_Median,DiffTime_Min,DiffTime_Max,Duration,Hurst_Exponent,Benford_Law,Normal_Dist,Count_Distribution,Count_NZ_Distribution,Time_Distribution,Stationarity,Power_Min,Power_Max,Power_Mean,Power_Std,Power_Mode,Freq_Max_Power,Freq_Min_Power,Spectral_Energy,Spectral_Entropy,Spectral_Centroid,Spectral_Spread,Spectral_Skewness,Spectral_Kurtosis,Spectral_Flatness,Spectral_Rolloff,Spectral_Slope,Spectral_Flux,Periodicity_Spectral,Sig_Spaces,Switching_Ratio,Transients,Count_Zeros,Biggest_Interval,Directions,Periodicity_Time
TravelTime_451,0.019702012952244375,-0.2519188184711112,3.7060155244253017,13.734551067281343,0.46993524514338575,0.5300647548566142,188.10338544111767,17.670652194301145,2.1574173794346825,5.486942687288836,0.2198756288741001,-0.006504892652996813,-1.9009618400464419,1.37580915949723,-20.314992773259007,41.21808223220614,-61.53307500546515,3.706067894223703,2.3913865646471457,1.3453925899560635,0.465473891313507,0.060228024099818166,-20.314992773259007,188.10338544111767,1080.5,1080.5,540.25,1620.75,1.0,1.0,1.0,1.0,2161.0,26.3827998038746,0.001016882339458503,7.922089194906414e-265,0.6090780531924398,0.6090780531924398,0.0,4.031046771289859,4.333775532651362e-08,0.013173140936122445,0.0007671945538650003,0.0016114893078424013,4.333775532651362e-08,5.775771543086172,7.777775551102205,0.3835972769325002,4.991687175358995,4.634589296508949,2.7451759607437185,-0.49946789904713523,1.8200674774956445,0.13944032775913814,7.077074148296593,-0.3362854103016007,0.000810451057239852,1.0,0,0.8745950948630844,31,0,86.82300284457855,0.5053216103653376,4365.164440521788
