Dataset_Name,Mean,Median,Std,Variance,Pct_Above_Mean,Pct_Below_Mean,Coeff_Var,Kurtosis,Skew_Fisher,Skew_Pearson_SK1,Skew_Pearson_SK2,Skew_Galton,Q1,Q3,Min,Max,Min_Minus_Max,RMS,Avg_Dispersion,Entropy,Scaled_Entropy,Pct_Deviation,Mode,Burstiness,Time_Mean,Time_Median,Time_Q1,Time_Q3,DiffTime_Mean,DiffTime_Median,DiffTime_Min,DiffTime_Max,Duration,Hurst_Exponent,Benford_Law,Normal_Dist,Count_Distribution,Count_NZ_Distribution,Time_Distribution,Stationarity,Power_Min,Power_Max,Power_Mean,Power_Std,Power_Mode,Freq_Max_Power,Freq_Min_Power,Spectral_Energy,Spectral_Entropy,Spectral_Centroid,Spectral_Spread,Spectral_Skewness,Spectral_Kurtosis,Spectral_Flatness,Spectral_Rolloff,Spectral_Slope,Spectral_Flux,Periodicity_Spectral,Sig_Spaces,Switching_Ratio,Transients,Count_Zeros,Biggest_Interval,Directions,Periodicity_Time
grok_asg_anomaly,7.166138010216488e-05,-0.0002148763959795,0.03158190625389585,0.0009974168026298657,0.497727764553127,0.5022722354468729,440.7041213098332,7.590808842642394,0.3157288236912113,7.076311541185731,0.027218537542217477,-0.004439217877339869,-0.0224527447077491,0.0218264270206205,-0.2234117534132984,0.3108195945663167,-0.534231347979615,0.031581987555935484,0.0250204799336388,1.337685534416399,0.47214430101092747,0.059116535025916156,-0.2234117534132984,440.7041213098332,2310.0,2310.0,1155.0,3465.0,1.0,1.0,1.0,1.0,4620.0,37.20775393911515,0.0065583612046247975,2.0139771280619296e-166,-0.12369679160301456,-0.12369679160301456,0.0,0.513240496921747,2.9483645606423005e-08,0.007070190241095657,0.00023099936419965095,0.000620187089397863,2.9483645606423005e-08,6.376372745490983,4.33432865731463,0.11549968209982547,4.7667018313741965,4.216265833803257,2.8896365701324616,-0.31873202948343937,1.5179446195196555,0.1686511879432427,6.696693386773547,-0.36945032821631235,0.00021352806005523695,1.0,0,0.9725108225106119,31,0,3.5105351505361604,0.5004329004327921,2.9175437178850663
