Dataset_Name,Mean,Median,Std,Variance,Pct_Above_Mean,Pct_Below_Mean,Coeff_Var,Kurtosis,Skew_Fisher,Skew_Pearson_SK1,Skew_Pearson_SK2,Skew_Galton,Q1,Q3,Min,Max,Min_Minus_Max,RMS,Avg_Dispersion,Entropy,Scaled_Entropy,Pct_Deviation,Mode,Burstiness,Time_Mean,Time_Median,Time_Q1,Time_Q3,DiffTime_Mean,DiffTime_Median,DiffTime_Min,DiffTime_Max,Duration,Hurst_Exponent,Benford_Law,Normal_Dist,Count_Distribution,Count_NZ_Distribution,Time_Distribution,Stationarity,Power_Min,Power_Max,Power_Mean,Power_Std,Power_Mode,Freq_Max_Power,Freq_Min_Power,Spectral_Energy,Spectral_Entropy,Spectral_Centroid,Spectral_Spread,Spectral_Skewness,Spectral_Kurtosis,Spectral_Flatness,Spectral_Rolloff,Spectral_Slope,Spectral_Flux,Periodicity_Spectral,Sig_Spaces,Switching_Ratio,Transients,Count_Zeros,Biggest_Interval,Directions,Periodicity_Time
occupancy_t4013,0.00010078039266593417,-0.0021445461187634502,0.04212428449353733,0.0017744553440924694,0.4748,0.5252,417.9768048370704,2.6396290495289367,0.7097326158241222,3.250313624686539,0.15990727095707252,0.0194863801287087,-0.027713811892872323,0.0244410287246572,-0.136816358677164,0.3170200716864713,-0.4538364303636353,0.042124405049567354,0.032417535933632245,1.8611690364680231,0.6569110087370049,0.09281820846106854,-0.136816358677164,417.9768048370704,1249.5,1249.5,624.75,1874.25,1.0,1.0,1.0,1.0,2499.0,31.11921163676276,0.0009684637018797458,6.026246080944519e-73,0.9170080881185597,0.9170080881185597,0.0,0.9471991735290052,3.893706420894491e-08,0.014383089003278945,0.0006915329312970409,0.0015997108846646894,3.893706420894491e-08,0.7107014028056113,8.978977955911825,0.3457664656485205,4.86362596359921,4.687156272997205,2.7508860825332593,-0.5423625693270836,1.762455221819797,0.09218906388670908,7.017014028056113,-0.30711272196829886,0.0006760750671499445,1.0,0,0.7507002801117444,20,0,1.041604475940607,0.4953981592635072,0.42228385509575206
