Dataset_Name,Mean,Median,Std,Variance,Pct_Above_Mean,Pct_Below_Mean,Coeff_Var,Kurtosis,Skew_Fisher,Skew_Pearson_SK1,Skew_Pearson_SK2,Skew_Galton,Q1,Q3,Min,Max,Min_Minus_Max,RMS,Avg_Dispersion,Entropy,Scaled_Entropy,Pct_Deviation,Mode,Burstiness,Time_Mean,Time_Median,Time_Q1,Time_Q3,DiffTime_Mean,DiffTime_Median,DiffTime_Min,DiffTime_Max,Duration,Hurst_Exponent,Benford_Law,Normal_Dist,Count_Distribution,Count_NZ_Distribution,Time_Distribution,Stationarity,Power_Min,Power_Max,Power_Mean,Power_Std,Power_Mode,Freq_Max_Power,Freq_Min_Power,Spectral_Energy,Spectral_Entropy,Spectral_Centroid,Spectral_Spread,Spectral_Skewness,Spectral_Kurtosis,Spectral_Flatness,Spectral_Rolloff,Spectral_Slope,Spectral_Flux,Periodicity_Spectral,Sig_Spaces,Switching_Ratio,Transients,Count_Zeros,Biggest_Interval,Directions,Periodicity_Time
IOPS_396,4.160845151532255e-06,-0.00036254599120155717,0.15283346837276013,0.02335806905484747,0.499625,0.500375,36722.52638147574,-0.4302019692904162,-0.06892028208492751,8.778382087683301,0.007198164862541198,0.0048492038298854016,-0.1354410739269234,0.13603241221809625,-1.3416264290951805,0.6344242832167595,-1.97605071231194,0.152833468429399,0.13800100765195805,1.5500802491597963,0.5590732719090487,0.07734288768156417,-1.3416264290951805,36722.52638147574,3999.5,3999.5,1999.75,5999.25,1.0,1.0,1.0,1.0,7999.0,26.65200421651443,0.011679613827271212,3.31874593752279e-24,14.698048041938922,14.698048041938922,0.0,0.9953600339410387,2.0453299387444303e-10,0.0015629747855718929,5.17175928842257e-05,0.0001365438414858849,2.0453299387444303e-10,0.3103006012024048,9.859859719438878,0.02585879644211285,4.791192223467107,4.5384785367941465,2.9130635448401785,-0.2021991056006746,1.7052153767398093,0.10696814877600819,7.257254509018036,-0.32567617158460316,5.9788792898084244e-05,1.0,0,0.998624828103388,5,0,3.7618420666262864,0.5001875234403675,152.5157258544841
