Dataset_Name,Mean,Median,Std,Variance,Pct_Above_Mean,Pct_Below_Mean,Coeff_Var,Kurtosis,Skew_Fisher,Skew_Pearson_SK1,Skew_Pearson_SK2,Skew_Galton,Q1,Q3,Min,Max,Min_Minus_Max,RMS,Avg_Dispersion,Entropy,Scaled_Entropy,Pct_Deviation,Mode,Burstiness,Time_Mean,Time_Median,Time_Q1,Time_Q3,DiffTime_Mean,DiffTime_Median,DiffTime_Min,DiffTime_Max,Duration,Hurst_Exponent,Benford_Law,Normal_Dist,Count_Distribution,Count_NZ_Distribution,Time_Distribution,Stationarity,Power_Min,Power_Max,Power_Mean,Power_Std,Power_Mode,Freq_Max_Power,Freq_Min_Power,Spectral_Energy,Spectral_Entropy,Spectral_Centroid,Spectral_Spread,Spectral_Skewness,Spectral_Kurtosis,Spectral_Flatness,Spectral_Rolloff,Spectral_Slope,Spectral_Flux,Periodicity_Spectral,Sig_Spaces,Switching_Ratio,Transients,Count_Zeros,Biggest_Interval,Directions,Periodicity_Time
Yahoo_A1real_54_data,0.0012906377853309375,-3.354193251148274e-05,0.036788317677397306,0.0013533803175331033,0.45479082321187586,0.5452091767881242,28.50396105829431,609.9875716432344,23.581056931920898,2.5879995167984315,0.10798371049144967,-0.06346202523848476,-0.006909224506133,0.0060215287858778,-0.0939175131756,0.9563002645378696,-1.0502177777134696,0.03681095031951807,0.009300573926754395,0.23098201884700595,0.07844686896311542,0.03502922767358164,-0.0939175131756,28.50396105829431,370.0,370.0,185.0,555.0,1.0,1.0,1.0,1.0,740.0,17.784828853345406,0.0006646185594475844,0.0,0.05602570439163157,0.05602570439163157,0.0,0.06826305932656268,0.00040795245074165423,0.01175018362799603,0.002605164817905453,0.0010511109329596402,0.00040795245074165423,9.419418837675352,1.4114028056112227,1.3025824089527265,6.145087193568054,5.032388939257769,2.8916499028854834,-0.03218963287413344,1.7906425339591234,0.9337211784219195,8.478476953907816,0.010642324113147115,0.0008450984621208007,1.0,0,0.9229729729717258,1,0,0.9500256319564687,0.4972972972966253,0.03216747429044024
