Dataset_Name,Mean,Median,Std,Variance,Pct_Above_Mean,Pct_Below_Mean,Coeff_Var,Kurtosis,Skew_Fisher,Skew_Pearson_SK1,Skew_Pearson_SK2,Skew_Galton,Q1,Q3,Min,Max,Min_Minus_Max,RMS,Avg_Dispersion,Entropy,Scaled_Entropy,Pct_Deviation,Mode,Burstiness,Time_Mean,Time_Median,Time_Q1,Time_Q3,DiffTime_Mean,DiffTime_Median,DiffTime_Min,DiffTime_Max,Duration,Hurst_Exponent,Benford_Law,Normal_Dist,Count_Distribution,Count_NZ_Distribution,Time_Distribution,Stationarity,Power_Min,Power_Max,Power_Mean,Power_Std,Power_Mode,Freq_Max_Power,Freq_Min_Power,Spectral_Energy,Spectral_Entropy,Spectral_Centroid,Spectral_Spread,Spectral_Skewness,Spectral_Kurtosis,Spectral_Flatness,Spectral_Rolloff,Spectral_Slope,Spectral_Flux,Periodicity_Spectral,Sig_Spaces,Switching_Ratio,Transients,Count_Zeros,Biggest_Interval,Directions,Periodicity_Time
Yahoo_A1real_42_data,0.010044023675425394,0.0046928434505684,0.2763225230730708,0.07635413675746776,0.47152777777777777,0.5284722222222222,27.511135426533365,22.972321739077543,0.2794708358424201,7.330365203570822,0.0580971121642106,0.04001637080822324,-0.052562840735445523,0.0667218688470011,-2.015500991752674,2.5504500299146,-4.565951021667274,0.2765050074936442,0.12715479221151244,0.9148668283949278,0.3466642493066415,0.060518065502956825,-2.015500991752674,27.511135426533365,719.5,719.5,359.75,1079.25,1.0,1.0,1.0,1.0,1439.0,13.64642166724321,0.0002209507202406163,4.7830004498471256e-89,0.16764284622482872,0.16764284622482872,0.0,0.02240201955977313,2.4242633956900517e-07,0.01485863867159808,0.0013340280800120008,0.0023949153533504757,2.4242633956900517e-07,6.756753507014029,3.513507014028056,0.6670140400060004,5.242584001284663,4.499375753638988,2.7186738148160963,-0.22605457224421885,1.6817711884960187,0.21677301561245402,7.237234468937876,-0.29238298384610173,0.0009598183450300795,1.0,0,0.7011813759550374,21,0,7.764214824026497,0.4940931202220333,7.461119926874299
