Dataset_Name,Mean,Median,Std,Variance,Pct_Above_Mean,Pct_Below_Mean,Coeff_Var,Kurtosis,Skew_Fisher,Skew_Pearson_SK1,Skew_Pearson_SK2,Skew_Galton,Q1,Q3,Min,Max,Min_Minus_Max,RMS,Avg_Dispersion,Entropy,Scaled_Entropy,Pct_Deviation,Mode,Burstiness,Time_Mean,Time_Median,Time_Q1,Time_Q3,DiffTime_Mean,DiffTime_Median,DiffTime_Min,DiffTime_Max,Duration,Hurst_Exponent,Benford_Law,Normal_Dist,Count_Distribution,Count_NZ_Distribution,Time_Distribution,Stationarity,Power_Min,Power_Max,Power_Mean,Power_Std,Power_Mode,Freq_Max_Power,Freq_Min_Power,Spectral_Energy,Spectral_Entropy,Spectral_Centroid,Spectral_Spread,Spectral_Skewness,Spectral_Kurtosis,Spectral_Flatness,Spectral_Rolloff,Spectral_Slope,Spectral_Flux,Periodicity_Spectral,Sig_Spaces,Switching_Ratio,Transients,Count_Zeros,Biggest_Interval,Directions,Periodicity_Time
occupancy_6005,2.495880391416772e-05,-0.0009275897600693,0.030024657676564342,0.0009014800685948741,0.48403361344537815,0.5159663865546219,1202.920414752205,1.3622219210635373,0.34397415949213445,3.812175538305666,0.09517662541093032,0.009805482179929827,-0.0195231115834096,0.018036219423959325,-0.1144343105488614,0.1770026766234522,-0.2914369871723136,0.030024668050400938,0.023070745218572733,1.9097582911685385,0.6887997037429259,0.10302281074498378,-0.1144343105488614,1202.920414752205,1189.5,1189.5,594.75,1784.25,1.0,1.0,1.0,1.0,2379.0,18.709973327657327,0.0005489035082802822,5.068996471988671e-26,-0.568509096749171,-0.568509096749171,0.0,1.2031487104264067,3.0174371861753445e-08,0.011824644463688158,0.0006969909769407153,0.0014471010056787063,3.0174371861753445e-08,0.9109018036072145,9.139138276553107,0.3484954884703576,4.983956602884112,4.079776977287419,2.679942670003415,-0.17022243846012117,1.5545555164107459,0.12769308905823895,6.83683366733467,-0.35041582869488896,0.0006717527863156507,1.0,0,0.6696090794448636,14,0,0.4626023381450387,0.506935687263343,0.15805973939967916
