Dataset_Name,Mean,Median,Std,Variance,Pct_Above_Mean,Pct_Below_Mean,Coeff_Var,Kurtosis,Skew_Fisher,Skew_Pearson_SK1,Skew_Pearson_SK2,Skew_Galton,Q1,Q3,Min,Max,Min_Minus_Max,RMS,Avg_Dispersion,Entropy,Scaled_Entropy,Pct_Deviation,Mode,Burstiness,Time_Mean,Time_Median,Time_Q1,Time_Q3,DiffTime_Mean,DiffTime_Median,DiffTime_Min,DiffTime_Max,Duration,Hurst_Exponent,Benford_Law,Normal_Dist,Count_Distribution,Count_NZ_Distribution,Time_Distribution,Stationarity,Power_Min,Power_Max,Power_Mean,Power_Std,Power_Mode,Freq_Max_Power,Freq_Min_Power,Spectral_Energy,Spectral_Entropy,Spectral_Centroid,Spectral_Spread,Spectral_Skewness,Spectral_Kurtosis,Spectral_Flatness,Spectral_Rolloff,Spectral_Slope,Spectral_Flux,Periodicity_Spectral,Sig_Spaces,Switching_Ratio,Transients,Count_Zeros,Biggest_Interval,Directions,Periodicity_Time
IOPS_68,3.976598458388381e-08,-0.0004749883634787011,0.020433789285326673,0.00041753974455713115,0.490375,0.509625,501246.0632044896,16.997155456555106,1.1462173746368927,7.804034937546229,0.06974155888314053,0.034928991198737484,-0.012308944306276715,0.01221558467105055,-0.1594659735271975,0.31721869497033595,-0.47668466849753344,0.020433789285365368,0.015078434632228263,1.2577526562060553,0.4198481509477716,0.04286647042134927,-0.1594659735271975,501246.0632044896,3999.5,3999.5,1999.75,5999.25,1.0,1.0,1.0,1.0,7999.0,36.08291743043289,0.0008519712688114674,0.0,-82.82437570523368,-82.82437570523368,0.0,0.7822281704865837,3.709348723317191e-09,0.004946958148421621,0.00016129198463724493,0.0004031601177886963,3.709348723317191e-09,0.4904809619238477,9.899899799599199,0.08064599231862246,4.840701502027576,4.417358617733862,2.7326684398202716,-0.3338731530565842,1.5969084024558333,0.1006613678517993,6.89689378757515,-0.3475839382587853,0.00017108379425532865,1.0,0,0.8003500437553693,29,0,0.6879106118335372,0.5075634454306154,0.32640587626186424
