Dataset_Name,Mean,Median,Std,Variance,Pct_Above_Mean,Pct_Below_Mean,Coeff_Var,Kurtosis,Skew_Fisher,Skew_Pearson_SK1,Skew_Pearson_SK2,Skew_Galton,Q1,Q3,Min,Max,Min_Minus_Max,RMS,Avg_Dispersion,Entropy,Scaled_Entropy,Pct_Deviation,Mode,Burstiness,Time_Mean,Time_Median,Time_Q1,Time_Q3,DiffTime_Mean,DiffTime_Median,DiffTime_Min,DiffTime_Max,Duration,Hurst_Exponent,Benford_Law,Normal_Dist,Count_Distribution,Count_NZ_Distribution,Time_Distribution,Stationarity,Power_Min,Power_Max,Power_Mean,Power_Std,Power_Mode,Freq_Max_Power,Freq_Min_Power,Spectral_Energy,Spectral_Entropy,Spectral_Centroid,Spectral_Spread,Spectral_Skewness,Spectral_Kurtosis,Spectral_Flatness,Spectral_Rolloff,Spectral_Slope,Spectral_Flux,Periodicity_Spectral,Sig_Spaces,Switching_Ratio,Transients,Count_Zeros,Biggest_Interval,Directions,Periodicity_Time
Twitter_volume_IBM,0.00020397725585409834,0.001127996246871,0.06813276665301732,0.004642073891794509,0.5027370540489524,0.49726294595104764,334.0197530748148,17.645513027532985,1.265766673718514,14.414939668659986,-0.040686105504594776,-0.06871880912654366,-0.0502172120330368,0.04587019244993,-0.9819257579212192,0.9676594489011308,-1.9495852068223498,0.06813307198795174,0.05339853774950728,1.0696493364514406,0.34604808968031275,0.03494731411566276,-0.9819257579212192,334.0197530748148,7946.0,7946.0,3973.0,11919.0,1.0,1.0,1.0,1.0,15892.0,34.58912215848179,0.004959948675858627,0.0,0.616507367832901,0.616507367832901,0.0,0.6145056506070253,1.1971489807157105e-08,0.0012291588107706186,6.163375171147274e-05,0.000132617477036568,1.1971489807157105e-08,6.376372745490983,2.892885771543086,0.030816875855736375,5.002754575162976,4.925047052368957,2.629131825976435,-0.5299313792511582,2.046430188189666,0.18129963595434426,7.437434869739479,-0.12399579906581784,6.553388547347106e-05,1.0,0,0.9655801661212581,93,0,2.7227648336105688,0.5007550969040712,33.404831580945114
