Dataset_Name,Mean,Median,Std,Variance,Pct_Above_Mean,Pct_Below_Mean,Coeff_Var,Kurtosis,Skew_Fisher,Skew_Pearson_SK1,Skew_Pearson_SK2,Skew_Galton,Q1,Q3,Min,Max,Min_Minus_Max,RMS,Avg_Dispersion,Entropy,Scaled_Entropy,Pct_Deviation,Mode,Burstiness,Time_Mean,Time_Median,Time_Q1,Time_Q3,DiffTime_Mean,DiffTime_Median,DiffTime_Min,DiffTime_Max,Duration,Hurst_Exponent,Benford_Law,Normal_Dist,Count_Distribution,Count_NZ_Distribution,Time_Distribution,Stationarity,Power_Min,Power_Max,Power_Mean,Power_Std,Power_Mode,Freq_Max_Power,Freq_Min_Power,Spectral_Energy,Spectral_Entropy,Spectral_Centroid,Spectral_Spread,Spectral_Skewness,Spectral_Kurtosis,Spectral_Flatness,Spectral_Rolloff,Spectral_Slope,Spectral_Flux,Periodicity_Spectral,Sig_Spaces,Switching_Ratio,Transients,Count_Zeros,Biggest_Interval,Directions,Periodicity_Time
art_daily_jumpsup,0.00103895511228558,-0.00529893207336935,0.07959967308807352,0.006336107955728175,0.4412202380952381,0.5587797619047619,76.61504865009525,6.986282153221419,0.18168587645720846,7.560228270179236,0.23886607294305015,0.13434143522831382,-0.0332201329440273,0.0312884437029161,-0.6007527512254214,0.6271586657845205,-1.2279114170099419,0.07960645315207504,0.052455144114003295,1.3483113280316181,0.48630051645601113,0.06482525687160687,-0.6007527512254214,76.61504865009525,2015.5,2015.5,1007.75,3023.25,1.0,1.0,1.0,1.0,4031.0,63.97851506041469,6.543321954992597e-06,1.590071997323316e-129,0.5252026028774686,0.5252026028774686,0.0,0.7448761152553226,1.1004381327974553e-10,0.05133374035708481,0.0007041126781290261,0.0037656335749532833,1.1004381327974553e-10,5.955951903807615,7.337334669338678,0.35205633906451306,3.648106293579328,4.175571850286979,2.8547682623348822,-0.28592787609901044,1.371484047317383,0.02592721193637812,7.177174348697395,-0.33783957122702796,0.0011508644225022887,1.0,0,0.5738030265441395,46,0,5.320134143645001,0.49813941949876006,3.3949855656923527
