Dataset_Name,Mean,Median,Std,Variance,Pct_Above_Mean,Pct_Below_Mean,Coeff_Var,Kurtosis,Skew_Fisher,Skew_Pearson_SK1,Skew_Pearson_SK2,Skew_Galton,Q1,Q3,Min,Max,Min_Minus_Max,RMS,Avg_Dispersion,Entropy,Scaled_Entropy,Pct_Deviation,Mode,Burstiness,Time_Mean,Time_Median,Time_Q1,Time_Q3,DiffTime_Mean,DiffTime_Median,DiffTime_Min,DiffTime_Max,Duration,Hurst_Exponent,Benford_Law,Normal_Dist,Count_Distribution,Count_NZ_Distribution,Time_Distribution,Stationarity,Power_Min,Power_Max,Power_Mean,Power_Std,Power_Mode,Freq_Max_Power,Freq_Min_Power,Spectral_Energy,Spectral_Entropy,Spectral_Centroid,Spectral_Spread,Spectral_Skewness,Spectral_Kurtosis,Spectral_Flatness,Spectral_Rolloff,Spectral_Slope,Spectral_Flux,Periodicity_Spectral,Sig_Spaces,Switching_Ratio,Transients,Count_Zeros,Biggest_Interval,Directions,Periodicity_Time
rogue_agent_key_updown,0.004231544100280703,0.0022149388866309,0.08279106799303525,0.006854360939427385,0.4978363123236124,0.5021636876763876,19.565209877484993,251.21810025234092,7.4275326423478125,16.6853983979353,0.07307328815211152,-0.024953799476838522,-0.038735834913958045,0.041171715668349804,-1.3771704258394606,2.67147719123966,-4.048647617079121,0.08289913693700318,0.04875082821659783,0.2574870514015736,0.08330104008714642,0.020449067393105314,-1.3771704258394606,19.565209877484993,2657.0,2657.0,1328.5,3985.5,1.0,1.0,1.0,1.0,5314.0,33.782060625553314,0.024399655564953996,0.0,0.5354440416391635,0.5354440416391635,0.0,1.6400038365480183,5.352726910487578e-07,0.004866389332165402,0.00030271215603436545,0.0006662907921914039,5.352726910487578e-07,0.5705611222444891,2.51250501002004,0.15135607801718273,4.985419636418275,4.562106671925707,2.8209533766863113,-0.35513711547128785,1.7069864767196952,0.22743617214575515,7.177174348697395,-0.24375802773552477,0.0003241211031513781,1.0,0,0.964998118178215,35,0,5.701006960371213,0.4994354535189124,9.16652173703801
