Dataset_Name,Mean,Median,Std,Variance,Pct_Above_Mean,Pct_Below_Mean,Coeff_Var,Kurtosis,Skew_Fisher,Skew_Pearson_SK1,Skew_Pearson_SK2,Skew_Galton,Q1,Q3,Min,Max,Min_Minus_Max,RMS,Avg_Dispersion,Entropy,Scaled_Entropy,Pct_Deviation,Mode,Burstiness,Time_Mean,Time_Median,Time_Q1,Time_Q3,DiffTime_Mean,DiffTime_Median,DiffTime_Min,DiffTime_Max,Duration,Hurst_Exponent,Benford_Law,Normal_Dist,Count_Distribution,Count_NZ_Distribution,Time_Distribution,Stationarity,Power_Min,Power_Max,Power_Mean,Power_Std,Power_Mode,Freq_Max_Power,Freq_Min_Power,Spectral_Energy,Spectral_Entropy,Spectral_Centroid,Spectral_Spread,Spectral_Skewness,Spectral_Kurtosis,Spectral_Flatness,Spectral_Rolloff,Spectral_Slope,Spectral_Flux,Periodicity_Spectral,Sig_Spaces,Switching_Ratio,Transients,Count_Zeros,Biggest_Interval,Directions,Periodicity_Time
ec2_network_in_257a54,4857.655373605662,5376.631618905056,49476.614529893865,2447935385.339705,0.5032242063492064,0.49677579365079366,10.18528708288315,631.3463141244493,15.268172784926415,14.706328578817496,-0.031467972307552494,-0.2771541373232153,-10047.295647498666,14106.29210774372,-722761.6948705241,1912901.7485364375,-2635663.443406962,49714.506947856025,16634.581909332286,0.7683992294900516,0.24858902484714243,0.01877197737581337,-722761.6948705241,10.18528708288315,2015.5,2015.5,1007.75,3023.25,1.0,1.0,1.0,1.0,4031.0,21.55132492941597,0.013483301450175443,0.0,0.7888643137289714,0.7888643137289714,0.0,32.25661661740834,4.090976763365977e-09,0.006721393038972317,0.00044329424570203424,0.0007530479363916718,4.090976763365977e-09,5.235230460921844,2.1721643286573147,0.22164712285101712,5.168394738317851,4.549959794295587,2.6751591614817163,-0.42913427890535416,1.7081395173371072,0.10096532605231592,7.2772745490981965,-0.30204914714411574,0.00019184077875699038,1.0,0,0.981394194988593,22,0,6671514.853024785,0.5003721161000991,-702056717242.7238
