Dataset_Name,Mean,Median,Std,Variance,Pct_Above_Mean,Pct_Below_Mean,Coeff_Var,Kurtosis,Skew_Fisher,Skew_Pearson_SK1,Skew_Pearson_SK2,Skew_Galton,Q1,Q3,Min,Max,Min_Minus_Max,RMS,Avg_Dispersion,Entropy,Scaled_Entropy,Pct_Deviation,Mode,Burstiness,Time_Mean,Time_Median,Time_Q1,Time_Q3,DiffTime_Mean,DiffTime_Median,DiffTime_Min,DiffTime_Max,Duration,Hurst_Exponent,Benford_Law,Normal_Dist,Count_Distribution,Count_NZ_Distribution,Time_Distribution,Stationarity,Power_Min,Power_Max,Power_Mean,Power_Std,Power_Mode,Freq_Max_Power,Freq_Min_Power,Spectral_Energy,Spectral_Entropy,Spectral_Centroid,Spectral_Spread,Spectral_Skewness,Spectral_Kurtosis,Spectral_Flatness,Spectral_Rolloff,Spectral_Slope,Spectral_Flux,Periodicity_Spectral,Sig_Spaces,Switching_Ratio,Transients,Count_Zeros,Biggest_Interval,Directions,Periodicity_Time
exchange-3_cpm_results,3.1212341022601936e-07,0.00067021176732685,0.004972186409604666,2.4722637691857342e-05,0.5039011703511054,0.4960988296488947,15879.318655911522,1.8782185422835491,0.30903820089481204,5.438995110856359,-0.404188089907428,-0.15903387771726646,-0.004456122108386375,0.00438975184707155,-0.0270433908876911,0.0383758933647939,-0.065419284252485,0.0049721864194012646,0.004539689074528353,1.3435899198222092,0.4961466071711687,0.07600490268908577,-0.0270433908876911,15879.318655911522,768.5,768.5,384.25,1152.75,1.0,1.0,1.0,1.0,1537.0,13.337413360284803,0.018925784472649625,6.023685831297932e-21,-12.037751370774552,-12.037751370774552,0.0,0.9597702321287399,6.768999280493954e-08,0.059866548626086404,0.00041588392209506364,0.002769779435470913,6.768999280493954e-08,9.419418837675352,7.677675350701403,0.20794196104753182,4.149263788264757,6.028751490600245,3.3722009980808094,-0.4989791808354244,1.794944155177053,0.16639957421606144,9.419418837675352,-0.22072810925572092,0.0005336726542830314,1.0,0,0.992843201040343,3,0,0.07448173734565569,0.49967469095608347,0.03145550056042748
