Dataset_Name,Mean,Median,Std,Variance,Pct_Above_Mean,Pct_Below_Mean,Coeff_Var,Kurtosis,Skew_Fisher,Skew_Pearson_SK1,Skew_Pearson_SK2,Skew_Galton,Q1,Q3,Min,Max,Min_Minus_Max,RMS,Avg_Dispersion,Entropy,Scaled_Entropy,Pct_Deviation,Mode,Burstiness,Time_Mean,Time_Median,Time_Q1,Time_Q3,DiffTime_Mean,DiffTime_Median,DiffTime_Min,DiffTime_Max,Duration,Hurst_Exponent,Benford_Law,Normal_Dist,Count_Distribution,Count_NZ_Distribution,Time_Distribution,Stationarity,Power_Min,Power_Max,Power_Mean,Power_Std,Power_Mode,Freq_Max_Power,Freq_Min_Power,Spectral_Energy,Spectral_Entropy,Spectral_Centroid,Spectral_Spread,Spectral_Skewness,Spectral_Kurtosis,Spectral_Flatness,Spectral_Rolloff,Spectral_Slope,Spectral_Flux,Periodicity_Spectral,Sig_Spaces,Switching_Ratio,Transients,Count_Zeros,Biggest_Interval,Directions,Periodicity_Time
IOPS_427,2.9703066142250378e-08,-0.0005419202617904517,0.019662323918885716,0.0003866069818911854,0.49525,0.50475,640402.6173733985,1.016055501245276,0.12567949128491274,5.5781963042632725,0.08268858852027965,0.048410588622656923,-0.015023887085461318,0.015413540390564862,-0.1096802784926858,0.14043379756459018,-0.250114076057276,0.019662323918908153,0.01661755290268443,1.6360260393467816,0.5774454091858443,0.07861342372337984,-0.1096802784926858,640402.6173733985,3999.5,3999.5,1999.75,5999.25,1.0,1.0,1.0,1.0,7999.0,38.8138399113718,0.0051987847688432405,6.09838535559008e-40,-391.3626606925727,-391.3626606925727,0.0,1.1613669467312735,4.527087391958876e-10,0.0059194231396426785,8.511502471295853e-05,0.00033145517838405105,4.527087391958876e-10,6.176172344689379,0.2702605210420842,0.04255751235647926,4.528240471960764,4.899737010076593,2.709210283545847,-0.6192533432774076,2.097537791810001,0.0794491148740761,7.017014028056113,-0.2849031243211813,0.00010705361592492045,1.0,0,0.9906238279783735,39,0,0.7295903930749539,0.4999374921864608,2.427206032901057
