Dataset_Name,Mean,Median,Std,Variance,Pct_Above_Mean,Pct_Below_Mean,Coeff_Var,Kurtosis,Skew_Fisher,Skew_Pearson_SK1,Skew_Pearson_SK2,Skew_Galton,Q1,Q3,Min,Max,Min_Minus_Max,RMS,Avg_Dispersion,Entropy,Scaled_Entropy,Pct_Deviation,Mode,Burstiness,Time_Mean,Time_Median,Time_Q1,Time_Q3,DiffTime_Mean,DiffTime_Median,DiffTime_Min,DiffTime_Max,Duration,Hurst_Exponent,Benford_Law,Normal_Dist,Count_Distribution,Count_NZ_Distribution,Time_Distribution,Stationarity,Power_Min,Power_Max,Power_Mean,Power_Std,Power_Mode,Freq_Max_Power,Freq_Min_Power,Spectral_Energy,Spectral_Entropy,Spectral_Centroid,Spectral_Spread,Spectral_Skewness,Spectral_Kurtosis,Spectral_Flatness,Spectral_Rolloff,Spectral_Slope,Spectral_Flux,Periodicity_Spectral,Sig_Spaces,Switching_Ratio,Transients,Count_Zeros,Biggest_Interval,Directions,Periodicity_Time
IOPS_3,6.487657165253644e-07,-5.75731790538811e-06,9.672681216885393e-05,9.356076192348749e-09,0.465391621129326,0.5346083788706739,148.86413627068933,16.500977671861303,1.304881446451069,7.1465042621270936,0.19868381631739876,0.03331148912793577,-5.663022452641678e-05,4.862172106850915e-05,-0.0006906169562144182,0.0017216428572247033,-0.0024122598134391215,9.672898784389139e-05,7.006215927757567e-05,1.195770698527457,0.39915806518641095,0.04009799090959492,-0.0006906169562144182,148.86413627068933,4391.5,4391.5,2195.75,6587.25,1.0,1.0,1.0,1.0,8783.0,45.75163176929767,0.0002389157599262385,0.0,0.5185557912532865,0.5185557912532865,0.0,1.1269781152537954,4.948367881920245e-10,0.009245848861258286,0.0002313435465135652,0.0006695944837538739,4.948367881920245e-10,6.19619238476954,3.313306613226453,0.1156717732567826,4.660209867953302,4.727146005001854,2.633234122673053,-0.5164745334165514,1.8201068632965796,0.06345655055842488,7.3773747494989985,-0.28763227197294045,0.00029535748106780695,1.0,0,0.5574405100762202,57,0,0.0026729734159196827,0.5021063417965954,6.347894774683257e-07
