Dataset_Name,Mean,Median,Std,Variance,Pct_Above_Mean,Pct_Below_Mean,Coeff_Var,Kurtosis,Skew_Fisher,Skew_Pearson_SK1,Skew_Pearson_SK2,Skew_Galton,Q1,Q3,Min,Max,Min_Minus_Max,RMS,Avg_Dispersion,Entropy,Scaled_Entropy,Pct_Deviation,Mode,Burstiness,Time_Mean,Time_Median,Time_Q1,Time_Q3,DiffTime_Mean,DiffTime_Median,DiffTime_Min,DiffTime_Max,Duration,Hurst_Exponent,Benford_Law,Normal_Dist,Count_Distribution,Count_NZ_Distribution,Time_Distribution,Stationarity,Power_Min,Power_Max,Power_Mean,Power_Std,Power_Mode,Freq_Max_Power,Freq_Min_Power,Spectral_Energy,Spectral_Entropy,Spectral_Centroid,Spectral_Spread,Spectral_Skewness,Spectral_Kurtosis,Spectral_Flatness,Spectral_Rolloff,Spectral_Slope,Spectral_Flux,Periodicity_Spectral,Sig_Spaces,Switching_Ratio,Transients,Count_Zeros,Biggest_Interval,Directions,Periodicity_Time
IOPS_59,7.0456239863681e-08,-8.292804992038327e-06,0.025529678147979296,0.0006517644663394115,0.49975,0.50025,357277.09989614564,2.0027521453778325,0.25569278557038855,4.34197354600835,0.0009827692526128715,-0.014322642991660485,-0.01975422754273115,0.019180000864787772,-0.11084912104236722,0.30010601275751725,-0.41095513379988446,0.025529678148076516,0.02115484764887284,1.5403246188968425,0.5329157448885031,0.06212278661613762,-0.11084912104236722,357277.09989614564,3999.5,3999.5,1999.75,5999.25,1.0,1.0,1.0,1.0,7999.0,37.548556335612425,0.0016903119609823789,3.1703979297416114e-100,114.6160440030936,114.6160440030936,0.0,0.974202476054336,5.230931663740369e-10,0.0028944972442124114,7.560305857677031e-05,0.00020746172430212106,5.230931663740369e-10,6.396392785571143,9.859859719438878,0.037801529288385156,4.778173027777251,4.526882173624248,2.8975254458832125,-0.330229567243495,1.7165998299927798,0.10902360386048106,7.0970941883767535,-0.34519269222441457,8.590507230977934e-05,1.0,0,0.9921240155018136,14,0,1.1240984472612539,0.5001875234403675,3.858693039309424
