Dataset_Name,Mean,Median,Std,Variance,Pct_Above_Mean,Pct_Below_Mean,Coeff_Var,Kurtosis,Skew_Fisher,Skew_Pearson_SK1,Skew_Pearson_SK2,Skew_Galton,Q1,Q3,Min,Max,Min_Minus_Max,RMS,Avg_Dispersion,Entropy,Scaled_Entropy,Pct_Deviation,Mode,Burstiness,Time_Mean,Time_Median,Time_Q1,Time_Q3,DiffTime_Mean,DiffTime_Median,DiffTime_Min,DiffTime_Max,Duration,Hurst_Exponent,Benford_Law,Normal_Dist,Count_Distribution,Count_NZ_Distribution,Time_Distribution,Stationarity,Power_Min,Power_Max,Power_Mean,Power_Std,Power_Mode,Freq_Max_Power,Freq_Min_Power,Spectral_Energy,Spectral_Entropy,Spectral_Centroid,Spectral_Spread,Spectral_Skewness,Spectral_Kurtosis,Spectral_Flatness,Spectral_Rolloff,Spectral_Slope,Spectral_Flux,Periodicity_Spectral,Sig_Spaces,Switching_Ratio,Transients,Count_Zeros,Biggest_Interval,Directions,Periodicity_Time
IOPS_225,6.536524044353787e-07,-0.0013324865085166948,0.06056565500755228,0.003668198566493843,0.49,0.51,92515.74514537779,12.746765394406323,-0.24082508549545265,16.664446913923317,0.06603446154805422,-0.004976095141831089,-0.03582154310625185,0.032815027976326405,-1.0092925056923914,0.47796301904261895,-1.4872555247350103,0.060565655011079536,0.04443355609431487,1.1369174463864422,0.39334644164272903,0.04072309966884835,-1.0092925056923914,92515.74514537779,3999.5,3999.5,1999.75,5999.25,1.0,1.0,1.0,1.0,7999.0,42.75504864644591,0.0005520520570886847,0.0,-14.14933384185594,-14.14933384185594,0.0,0.8903452580889376,8.36612839068629e-10,0.004538282821448691,0.0002188718254511819,0.00048817234827133775,8.36612839068629e-10,5.955951903807615,9.019018036072145,0.10943591272559094,4.937377869856128,4.780161814093218,2.6134782727165677,-0.5432103201369702,1.9370053853475873,0.08100847577863142,7.4774749498998,-0.35071241715107293,0.00022673128386617667,1.0,0,0.5776972121514466,58,0,2.4213787734609014,0.498937367170834,-0.27659007349106174
