Dataset_Name,Mean,Median,Std,Variance,Pct_Above_Mean,Pct_Below_Mean,Coeff_Var,Kurtosis,Skew_Fisher,Skew_Pearson_SK1,Skew_Pearson_SK2,Skew_Galton,Q1,Q3,Min,Max,Min_Minus_Max,RMS,Avg_Dispersion,Entropy,Scaled_Entropy,Pct_Deviation,Mode,Burstiness,Time_Mean,Time_Median,Time_Q1,Time_Q3,DiffTime_Mean,DiffTime_Median,DiffTime_Min,DiffTime_Max,Duration,Hurst_Exponent,Benford_Law,Normal_Dist,Count_Distribution,Count_NZ_Distribution,Time_Distribution,Stationarity,Power_Min,Power_Max,Power_Mean,Power_Std,Power_Mode,Freq_Max_Power,Freq_Min_Power,Spectral_Energy,Spectral_Entropy,Spectral_Centroid,Spectral_Spread,Spectral_Skewness,Spectral_Kurtosis,Spectral_Flatness,Spectral_Rolloff,Spectral_Slope,Spectral_Flux,Periodicity_Spectral,Sig_Spaces,Switching_Ratio,Transients,Count_Zeros,Biggest_Interval,Directions,Periodicity_Time
Yahoo_A1real_56_data,-3.101933181955163,0.598269071582763,186.12655158971515,34643.093206678896,0.5052557813594954,0.49474421864050455,-60.003404564763095,222.9919767136415,-9.536068056292505,23.784961526205507,-0.05964010328318751,-0.0026193033060809513,-116.85252606271933,117.43539308468462,-4430.114801772419,680.2997919850168,-5110.414593757436,186.15239777167582,126.4454485043633,0.9573042965383496,0.3251228172791803,0.0364210277219072,-4430.114801772419,-60.003404564763095,713.0,713.0,356.5,1069.5,1.0,1.0,1.0,1.0,1426.0,11.417407061385864,0.0068609418594431535,0.0,-0.021443694291588353,-0.021443694291588353,0.0,0.4267231351015129,2.353737998354547e-05,0.02476942891832921,0.0009489380137757481,0.0017875058110863248,2.353737998354547e-05,9.419418837675352,7.157154308617235,0.474469006887874,5.6054678330114065,5.036500646688319,2.967219442264157,-0.1155907605164258,1.808224958682071,0.6622720344705014,8.618617234468939,-0.043339067908144464,0.0008232368850417487,1.0,0,0.9880785413737811,1,0,1652.006372041651,0.5007012622717386,19810107.348929077
