Dataset_Name,Mean,Median,Std,Variance,Pct_Above_Mean,Pct_Below_Mean,Coeff_Var,Kurtosis,Skew_Fisher,Skew_Pearson_SK1,Skew_Pearson_SK2,Skew_Galton,Q1,Q3,Min,Max,Min_Minus_Max,RMS,Avg_Dispersion,Entropy,Scaled_Entropy,Pct_Deviation,Mode,Burstiness,Time_Mean,Time_Median,Time_Q1,Time_Q3,DiffTime_Mean,DiffTime_Median,DiffTime_Min,DiffTime_Max,Duration,Hurst_Exponent,Benford_Law,Normal_Dist,Count_Distribution,Count_NZ_Distribution,Time_Distribution,Stationarity,Power_Min,Power_Max,Power_Mean,Power_Std,Power_Mode,Freq_Max_Power,Freq_Min_Power,Spectral_Energy,Spectral_Entropy,Spectral_Centroid,Spectral_Spread,Spectral_Skewness,Spectral_Kurtosis,Spectral_Flatness,Spectral_Rolloff,Spectral_Slope,Spectral_Flux,Periodicity_Spectral,Sig_Spaces,Switching_Ratio,Transients,Count_Zeros,Biggest_Interval,Directions,Periodicity_Time
art_daily_jumpsdown,0.0007004039853146207,0.0026984115549488,0.07425859498099828,0.0055143389285519425,0.5084325396825397,0.4915674603174603,106.0223678271528,2.2231132170754453,0.14796523400855685,4.856385992036574,-0.08071823375756151,-0.14362629461635018,-0.04534301024488303,0.03867293439398177,-0.3599280013251089,0.3289385947887382,-0.6888665961138472,0.07426189799819681,0.055521275155516144,1.922550122141131,0.6934133815182741,0.10779822289558012,-0.3599280013251089,106.0223678271528,2015.5,2015.5,1007.75,3023.25,1.0,1.0,1.0,1.0,4031.0,55.03165666175734,0.0009580233993247774,3.5895979177879533e-50,0.5729566719367881,0.5729566719367881,0.0,1.1471299066779368,9.572934342260656e-09,0.05325968940923392,0.0006229181974354609,0.003601811136932493,9.572934342260656e-09,5.955951903807615,1.3913827655310622,0.3114590987177304,3.578368287202404,4.1008029190598325,2.8400590327622734,-0.21697083806287557,1.4864749121791097,0.03183902104895106,6.936933867735471,-0.17509780389583274,0.0010619959069224942,1.0,0,0.8593401141153909,41,0,3.338617229204454,0.5078144381045627,6.298851765057035
