Dataset_Name,Mean,Median,Std,Variance,Pct_Above_Mean,Pct_Below_Mean,Coeff_Var,Kurtosis,Skew_Fisher,Skew_Pearson_SK1,Skew_Pearson_SK2,Skew_Galton,Q1,Q3,Min,Max,Min_Minus_Max,RMS,Avg_Dispersion,Entropy,Scaled_Entropy,Pct_Deviation,Mode,Burstiness,Time_Mean,Time_Median,Time_Q1,Time_Q3,DiffTime_Mean,DiffTime_Median,DiffTime_Min,DiffTime_Max,Duration,Hurst_Exponent,Benford_Law,Normal_Dist,Count_Distribution,Count_NZ_Distribution,Time_Distribution,Stationarity,Power_Min,Power_Max,Power_Mean,Power_Std,Power_Mode,Freq_Max_Power,Freq_Min_Power,Spectral_Energy,Spectral_Entropy,Spectral_Centroid,Spectral_Spread,Spectral_Skewness,Spectral_Kurtosis,Spectral_Flatness,Spectral_Rolloff,Spectral_Slope,Spectral_Flux,Periodicity_Spectral,Sig_Spaces,Switching_Ratio,Transients,Count_Zeros,Biggest_Interval,Directions,Periodicity_Time
IOPS_24,5.146369614550395e-08,-0.00019000872922703138,0.018112722939939343,0.0003280707322990049,0.495375,0.504625,345242.9826847336,5.26804651964061,0.4000833234438532,7.110878802850607,0.03147955993036794,0.012902087086368622,-0.011805025864955354,0.011728641849719779,-0.12879733326270326,0.2459643456101901,-0.37476167887289336,0.018112722940012455,0.01405953435520324,1.3185865270801662,0.4561996300378106,0.0483313100370416,-0.12879733326270326,345242.9826847336,3999.5,3999.5,1999.75,5999.25,1.0,1.0,1.0,1.0,7999.0,47.010959049370605,0.0009541126005738829,1.721573325875376e-243,-786.7476206617654,-786.7476206617654,0.0,1.337482040032076,1.0652021474526726e-09,0.003156474863036835,0.00016728298312013653,0.000391306401735454,1.0652021474526726e-09,5.535531062124249,7.757755511022045,0.08364149156006827,4.85987480652828,4.5762395959949504,2.744617438300893,-0.49531677405412855,1.7595002818541936,0.08698852152744904,7.077074148296593,-0.42818473413713093,0.00018570582011379375,1.0,0,0.7642205275658501,26,0,1.1639128109552743,0.5004375546942742,0.6891918603398566
