Dataset_Name,Mean,Median,Std,Variance,Pct_Above_Mean,Pct_Below_Mean,Coeff_Var,Kurtosis,Skew_Fisher,Skew_Pearson_SK1,Skew_Pearson_SK2,Skew_Galton,Q1,Q3,Min,Max,Min_Minus_Max,RMS,Avg_Dispersion,Entropy,Scaled_Entropy,Pct_Deviation,Mode,Burstiness,Time_Mean,Time_Median,Time_Q1,Time_Q3,DiffTime_Mean,DiffTime_Median,DiffTime_Min,DiffTime_Max,Duration,Hurst_Exponent,Benford_Law,Normal_Dist,Count_Distribution,Count_NZ_Distribution,Time_Distribution,Stationarity,Power_Min,Power_Max,Power_Mean,Power_Std,Power_Mode,Freq_Max_Power,Freq_Min_Power,Spectral_Energy,Spectral_Entropy,Spectral_Centroid,Spectral_Spread,Spectral_Skewness,Spectral_Kurtosis,Spectral_Flatness,Spectral_Rolloff,Spectral_Slope,Spectral_Flux,Periodicity_Spectral,Sig_Spaces,Switching_Ratio,Transients,Count_Zeros,Biggest_Interval,Directions,Periodicity_Time
rds_cpu_utilization_cc0c53,8.80507218659922e-07,-0.0006689068318176999,0.018328057146160114,0.0003359176787529108,0.4990079365079365,0.5009920634920635,20791.72666790256,1.3399220097800209,0.21202473077035622,4.603703639829371,0.10963311012465651,0.016736542178460986,-0.01677944742161645,0.015990082392621927,-0.084376067491263,0.176074256770125,-0.26045032426138803,0.018328057167310553,0.016777648471191044,1.4185413593431184,0.5116306459205198,0.07037064410561233,-0.084376067491263,20791.72666790256,2015.5,2015.5,1007.75,3023.25,1.0,1.0,1.0,1.0,4031.0,15.470660695734678,0.018119892407772484,1.1170806569607564e-32,1.2886975348929033,1.2886975348929033,0.0,0.757455160207822,2.8002565151207894e-09,0.012870262682869655,0.00013638147130616538,0.0006589103072347223,2.8002565151207894e-09,9.419418837675352,2.1521442885771545,0.06819073565308269,4.375478905054422,5.515795162686326,3.1604162436099803,-0.28877679801150746,1.7591636911972894,0.11370068387587791,9.419418837675352,-0.30850803548269085,0.00015372140785425729,1.0,0,0.9947903745966274,7,0,0.8353960523659727,0.499379806499504,1.0739707098327778
