Dataset_Name,Mean,Median,Std,Variance,Pct_Above_Mean,Pct_Below_Mean,Coeff_Var,Kurtosis,Skew_Fisher,Skew_Pearson_SK1,Skew_Pearson_SK2,Skew_Galton,Q1,Q3,Min,Max,Min_Minus_Max,RMS,Avg_Dispersion,Entropy,Scaled_Entropy,Pct_Deviation,Mode,Burstiness,Time_Mean,Time_Median,Time_Q1,Time_Q3,DiffTime_Mean,DiffTime_Median,DiffTime_Min,DiffTime_Max,Duration,Hurst_Exponent,Benford_Law,Normal_Dist,Count_Distribution,Count_NZ_Distribution,Time_Distribution,Stationarity,Power_Min,Power_Max,Power_Mean,Power_Std,Power_Mode,Freq_Max_Power,Freq_Min_Power,Spectral_Energy,Spectral_Entropy,Spectral_Centroid,Spectral_Spread,Spectral_Skewness,Spectral_Kurtosis,Spectral_Flatness,Spectral_Rolloff,Spectral_Slope,Spectral_Flux,Periodicity_Spectral,Sig_Spaces,Switching_Ratio,Transients,Count_Zeros,Biggest_Interval,Directions,Periodicity_Time
exchange-2_cpc_results,6.772934816560841e-09,1.5315766131139552e-05,0.00035867397822731377,1.2864702265740755e-07,0.500615763546798,0.49938423645320196,46143.95806628032,-1.3004541995247851,0.06195501188057683,2.390034542542103,-0.1280462323186155,-0.06759182910918048,-0.000335054004181075,0.0003213199525373,-0.000857238814574,0.0011495825312444,-0.0020068213458183997,0.0003586739782912613,0.0003326935888184682,1.9784265522878919,0.7713316232779571,0.17872731932384547,-0.000857238814574,46143.95806628032,811.5,811.5,405.75,1217.25,1.0,1.0,1.0,1.0,1623.0,14.490873977029485,0.010895533201234415,0.0,52.40872006698417,52.40872006698417,0.0,0.8898233607251441,1.9512668559602224e-08,0.06445547420938343,0.0003707053730120633,0.0029539665047926354,1.9512668559602224e-08,9.419418837675352,9.019018036072145,0.18535268650603165,3.7183225539961895,6.245484316025694,3.362046077182096,-0.6459575283793407,1.9835916859196723,0.09012949467657297,9.419418837675352,-0.3411703605413054,0.0005047567317009419,1.0,0,0.999383857054221,2,0,0.003952351009391392,0.5003080714722734,0.00018750854542710528
