Dataset_Name,Mean,Median,Std,Variance,Pct_Above_Mean,Pct_Below_Mean,Coeff_Var,Kurtosis,Skew_Fisher,Skew_Pearson_SK1,Skew_Pearson_SK2,Skew_Galton,Q1,Q3,Min,Max,Min_Minus_Max,RMS,Avg_Dispersion,Entropy,Scaled_Entropy,Pct_Deviation,Mode,Burstiness,Time_Mean,Time_Median,Time_Q1,Time_Q3,DiffTime_Mean,DiffTime_Median,DiffTime_Min,DiffTime_Max,Duration,Hurst_Exponent,Benford_Law,Normal_Dist,Count_Distribution,Count_NZ_Distribution,Time_Distribution,Stationarity,Power_Min,Power_Max,Power_Mean,Power_Std,Power_Mode,Freq_Max_Power,Freq_Min_Power,Spectral_Energy,Spectral_Entropy,Spectral_Centroid,Spectral_Spread,Spectral_Skewness,Spectral_Kurtosis,Spectral_Flatness,Spectral_Rolloff,Spectral_Slope,Spectral_Flux,Periodicity_Spectral,Sig_Spaces,Switching_Ratio,Transients,Count_Zeros,Biggest_Interval,Directions,Periodicity_Time
IOPS_102,3.0355363249690016e-08,-0.00011887015575950954,0.02371120407547028,0.0005622211987085983,0.498,0.502,756208.8784190593,44.6071802617135,2.196684704419627,8.52474965289471,0.015043585184006216,0.0012499179717476371,-0.01319951129655017,0.012994511365959305,-0.2021320568814673,0.518102535594835,-0.7202345924763023,0.023711204075489708,0.01661781917817463,1.0412815006092644,0.34201800826466455,0.03292150125839581,-0.2021320568814673,756208.8784190593,3999.5,3999.5,1999.75,5999.25,1.0,1.0,1.0,1.0,7999.0,33.89288452821477,0.0006445364318225689,0.0,40.066080794966155,40.066080794966155,0.0,1.7690826258005532,2.1288041258549995e-09,0.003551358228343159,0.00020113844407347923,0.00043972474389074133,2.1288041258549995e-09,0.3903807615230461,7.757755511022045,0.10056922203673961,4.9718456807005325,4.758284997283669,2.7383916462290108,-0.4470722927501749,1.8120702944895726,0.09061140619583453,7.597595190380762,-0.3402851310703182,0.00023329445395263763,1.0,0,0.6387048381046833,37,0,0.6392483658464911,0.498937367170834,0.38771089416295
