Dataset_Name,Mean,Median,Std,Variance,Pct_Above_Mean,Pct_Below_Mean,Coeff_Var,Kurtosis,Skew_Fisher,Skew_Pearson_SK1,Skew_Pearson_SK2,Skew_Galton,Q1,Q3,Min,Max,Min_Minus_Max,RMS,Avg_Dispersion,Entropy,Scaled_Entropy,Pct_Deviation,Mode,Burstiness,Time_Mean,Time_Median,Time_Q1,Time_Q3,DiffTime_Mean,DiffTime_Median,DiffTime_Min,DiffTime_Max,Duration,Hurst_Exponent,Benford_Law,Normal_Dist,Count_Distribution,Count_NZ_Distribution,Time_Distribution,Stationarity,Power_Min,Power_Max,Power_Mean,Power_Std,Power_Mode,Freq_Max_Power,Freq_Min_Power,Spectral_Energy,Spectral_Entropy,Spectral_Centroid,Spectral_Spread,Spectral_Skewness,Spectral_Kurtosis,Spectral_Flatness,Spectral_Rolloff,Spectral_Slope,Spectral_Flux,Periodicity_Spectral,Sig_Spaces,Switching_Ratio,Transients,Count_Zeros,Biggest_Interval,Directions,Periodicity_Time
Yahoo_A1real_9_data,6.900194331542527e-06,-0.000173629773922,0.000955398656142988,9.127865921598274e-07,0.4989733059548255,0.5010266940451745,138.43961063033004,11.60192974667996,1.3226861564715557,2.574939178820216,0.5668726184673983,0.20154557106849988,-0.0008570522234878,0.000854811410992,-0.0024531958117024,0.0097479483499873,-0.0122011441616897,0.0009554235735220482,0.0008803170961337786,1.0336924510409224,0.37282574309580563,0.07830401519546201,-0.0024531958117024,138.43961063033004,730.0,730.0,365.0,1095.0,1.0,1.0,1.0,1.0,1460.0,8.360959215071336,0.04738199057948651,3.327836397577374e-120,-0.033629767201406355,-0.033629767201406355,0.0,0.675030638411236,1.812258096652169e-07,0.03988241080250123,0.00043756719430295934,0.0020578877383884333,1.812258096652169e-07,9.419418837675352,4.614609218436874,0.21878359715147966,4.767267578594026,5.747098705346538,3.137843665942549,-0.23962318140722869,1.695572892573104,0.39424245654331525,9.419418837675352,-0.06207021730965518,0.0004714281810353049,1.0,0,0.9917808219171289,3,0,0.010095356954968599,0.49999999999965755,0.001049938374953156
