Dataset_Name,Mean,Median,Std,Variance,Pct_Above_Mean,Pct_Below_Mean,Coeff_Var,Kurtosis,Skew_Fisher,Skew_Pearson_SK1,Skew_Pearson_SK2,Skew_Galton,Q1,Q3,Min,Max,Min_Minus_Max,RMS,Avg_Dispersion,Entropy,Scaled_Entropy,Pct_Deviation,Mode,Burstiness,Time_Mean,Time_Median,Time_Q1,Time_Q3,DiffTime_Mean,DiffTime_Median,DiffTime_Min,DiffTime_Max,Duration,Hurst_Exponent,Benford_Law,Normal_Dist,Count_Distribution,Count_NZ_Distribution,Time_Distribution,Stationarity,Power_Min,Power_Max,Power_Mean,Power_Std,Power_Mode,Freq_Max_Power,Freq_Min_Power,Spectral_Energy,Spectral_Entropy,Spectral_Centroid,Spectral_Spread,Spectral_Skewness,Spectral_Kurtosis,Spectral_Flatness,Spectral_Rolloff,Spectral_Slope,Spectral_Flux,Periodicity_Spectral,Sig_Spaces,Switching_Ratio,Transients,Count_Zeros,Biggest_Interval,Directions,Periodicity_Time
ec2_cpu_utilization_825cc2,1.42350247907214e-06,-0.001068599892121791,0.13719145834847477,0.018821496243781283,0.5,0.5,96308.33246273843,-1.616390392143756,-0.015325286136111026,4.010553674878561,0.023398469547938942,0.012116891141378594,-0.13239937769309407,0.1334838561214155,-0.5502122879494991,0.4321882428818924,-0.9824005308313914,0.13719145835585989,0.13319175999051303,1.4966737421373566,0.5671243761075961,0.13964921017776974,-0.5502122879494991,96308.33246273843,2015.5,2015.5,1007.75,3023.25,1.0,1.0,1.0,1.0,4031.0,13.850733992789431,0.042724282941744074,0.0,9.745520241605421,9.745520241605421,0.0,1.0629465221915453,6.185309481434e-09,0.015088134981513355,8.836288354568725e-05,0.0007488893138159061,6.185309481434e-09,9.419418837675352,1.5915831663326654,0.044181441772843624,3.292398162871314,6.155274421368198,3.1799781226059247,-0.32519664971117035,1.627189230890705,0.0626612731063614,9.419418837675352,-0.1857116277327635,0.00012257812194979483,1.0,0,0.998759612999008,1,0,3.1408266812846506,0.5001240386999504,70.46223707833049
