Dataset_Name,Mean,Median,Std,Variance,Pct_Above_Mean,Pct_Below_Mean,Coeff_Var,Kurtosis,Skew_Fisher,Skew_Pearson_SK1,Skew_Pearson_SK2,Skew_Galton,Q1,Q3,Min,Max,Min_Minus_Max,RMS,Avg_Dispersion,Entropy,Scaled_Entropy,Pct_Deviation,Mode,Burstiness,Time_Mean,Time_Median,Time_Q1,Time_Q3,DiffTime_Mean,DiffTime_Median,DiffTime_Min,DiffTime_Max,Duration,Hurst_Exponent,Benford_Law,Normal_Dist,Count_Distribution,Count_NZ_Distribution,Time_Distribution,Stationarity,Power_Min,Power_Max,Power_Mean,Power_Std,Power_Mode,Freq_Max_Power,Freq_Min_Power,Spectral_Energy,Spectral_Entropy,Spectral_Centroid,Spectral_Spread,Spectral_Skewness,Spectral_Kurtosis,Spectral_Flatness,Spectral_Rolloff,Spectral_Slope,Spectral_Flux,Periodicity_Spectral,Sig_Spaces,Switching_Ratio,Transients,Count_Zeros,Biggest_Interval,Directions,Periodicity_Time
Twitter_volume_KO,0.00363073194072903,-0.0001292060813762,0.28290424477247256,0.08003481171028308,0.4950476310642862,0.5049523689357138,77.91932080679749,1059.1067075924348,17.246829841131287,22.54785747643251,0.03987149091918383,-0.011334318394182561,-0.10272861930945695,0.10017048409548446,-6.375253881214618,17.325930223898922,-23.70118410511354,0.282927541827777,0.1325604200267668,0.19390619814945378,0.06024034745023228,0.011936291600701062,-6.375253881214618,77.91932080679749,7925.0,7925.0,3962.5,11887.5,1.0,1.0,1.0,1.0,15850.0,62.662434294605845,0.003476807403269676,0.0,0.38807492222841805,0.38807492222841805,0.0,0.27440729866724894,2.973206592128597e-08,0.0017634957909072545,0.00010978101507866795,0.00020745219922984847,2.973206592128597e-08,0.43042084168336675,6.87687374749499,0.05489050753933398,5.160588612790221,4.685293311827866,2.686315877233755,-0.4399965700000458,1.832563624555627,0.2729270895710707,7.2772745490981965,-0.1628729750682623,9.698441833171918e-05,1.0,0,0.9454258675078268,79,0,19.48032822811672,0.49987381703466877,144.5712073576823
