Dataset_Name,Mean,Median,Std,Variance,Pct_Above_Mean,Pct_Below_Mean,Coeff_Var,Kurtosis,Skew_Fisher,Skew_Pearson_SK1,Skew_Pearson_SK2,Skew_Galton,Q1,Q3,Min,Max,Min_Minus_Max,RMS,Avg_Dispersion,Entropy,Scaled_Entropy,Pct_Deviation,Mode,Burstiness,Time_Mean,Time_Median,Time_Q1,Time_Q3,DiffTime_Mean,DiffTime_Median,DiffTime_Min,DiffTime_Max,Duration,Hurst_Exponent,Benford_Law,Normal_Dist,Count_Distribution,Count_NZ_Distribution,Time_Distribution,Stationarity,Power_Min,Power_Max,Power_Mean,Power_Std,Power_Mode,Freq_Max_Power,Freq_Min_Power,Spectral_Energy,Spectral_Entropy,Spectral_Centroid,Spectral_Spread,Spectral_Skewness,Spectral_Kurtosis,Spectral_Flatness,Spectral_Rolloff,Spectral_Slope,Spectral_Flux,Periodicity_Spectral,Sig_Spaces,Switching_Ratio,Transients,Count_Zeros,Biggest_Interval,Directions,Periodicity_Time
IOPS_246,0.0007993100393401715,0.0008025350451346296,0.06977309990485474,0.0048682854703328395,0.500125,0.499875,87.29155043630098,858.6079324354237,16.623624849035064,19.106854542863232,-0.00013866400171274275,-0.7259188537467521,-0.0009443862049303433,0.0010799510149953806,-1.3323451799542383,3.4089711416456794,-4.741316321599918,0.06977767814188024,0.008967211545751976,0.1299796048048923,0.04089911993396364,0.014715976567999667,-1.3323451799542383,87.29155043630098,3999.5,3999.5,1999.75,5999.25,1.0,1.0,1.0,1.0,7999.0,32.09629812350038,0.011632388379251917,0.0,0.9583204966572493,0.9583204966572493,0.0,52.0014893705926,7.967727210201813e-12,0.0018660117878962908,0.00024916537631340717,0.0003227784327703186,7.967727210201813e-12,0.9509418837675352,0.5505410821643287,0.12458268815670359,5.529168741066168,4.941933548889488,2.8735219976714705,-0.06895209371818843,1.8133048131224496,0.1884946563197966,8.298296593186373,0.0013170515753365283,0.00013410496761997337,1.0,0,0.9501187648454869,43,0,5.948977054396529,0.4985623202899739,-4.574168919011631
