Dataset_Name,Mean,Median,Std,Variance,Pct_Above_Mean,Pct_Below_Mean,Coeff_Var,Kurtosis,Skew_Fisher,Skew_Pearson_SK1,Skew_Pearson_SK2,Skew_Galton,Q1,Q3,Min,Max,Min_Minus_Max,RMS,Avg_Dispersion,Entropy,Scaled_Entropy,Pct_Deviation,Mode,Burstiness,Time_Mean,Time_Median,Time_Q1,Time_Q3,DiffTime_Mean,DiffTime_Median,DiffTime_Min,DiffTime_Max,Duration,Hurst_Exponent,Benford_Law,Normal_Dist,Count_Distribution,Count_NZ_Distribution,Time_Distribution,Stationarity,Power_Min,Power_Max,Power_Mean,Power_Std,Power_Mode,Freq_Max_Power,Freq_Min_Power,Spectral_Energy,Spectral_Entropy,Spectral_Centroid,Spectral_Spread,Spectral_Skewness,Spectral_Kurtosis,Spectral_Flatness,Spectral_Rolloff,Spectral_Slope,Spectral_Flux,Periodicity_Spectral,Sig_Spaces,Switching_Ratio,Transients,Count_Zeros,Biggest_Interval,Directions,Periodicity_Time
Yahoo_A1real_27_data,-0.08583828337155984,-0.0074421809248406,3.395293001297445,11.528014564659411,0.5501051156271899,0.4498948843728101,-39.554531002852194,1185.5094918850361,-32.887691642809656,36.08600415112208,-0.06926892824301649,-0.03895688358573183,-0.4536510559722728,0.40530446389099944,-122.60839565855292,12.003875869699186,-134.6122715282521,3.3963778905698327,0.7169149542225779,0.4062687206636523,0.1334425115401685,0.025222759877130713,-122.60839565855292,-39.554531002852194,713.0,713.0,356.5,1069.5,1.0,1.0,1.0,1.0,1426.0,40.575811234955225,0.00045149506510055396,0.0,0.027828889998943562,0.027828889998943562,0.0,0.030263391683997626,3.3308930013349516e-06,0.004604554298015583,0.0013782157236802229,0.0005016993813372475,3.3308930013349516e-06,6.096092184368738,0.11010020040080161,0.6891078618401114,6.154765191586056,5.0231334563834995,2.8670619401549,-0.0502503433775256,1.8283559243679084,0.9331459181049844,8.418416833667335,0.047840180921547806,0.0004925173928099259,1.0,0,0.753856942495965,1,0,27.330725179785844,0.5007012622717386,-262.58143185198657
