Dataset_Name,Mean,Median,Std,Variance,Pct_Above_Mean,Pct_Below_Mean,Coeff_Var,Kurtosis,Skew_Fisher,Skew_Pearson_SK1,Skew_Pearson_SK2,Skew_Galton,Q1,Q3,Min,Max,Min_Minus_Max,RMS,Avg_Dispersion,Entropy,Scaled_Entropy,Pct_Deviation,Mode,Burstiness,Time_Mean,Time_Median,Time_Q1,Time_Q3,DiffTime_Mean,DiffTime_Median,DiffTime_Min,DiffTime_Max,Duration,Hurst_Exponent,Benford_Law,Normal_Dist,Count_Distribution,Count_NZ_Distribution,Time_Distribution,Stationarity,Power_Min,Power_Max,Power_Mean,Power_Std,Power_Mode,Freq_Max_Power,Freq_Min_Power,Spectral_Energy,Spectral_Entropy,Spectral_Centroid,Spectral_Spread,Spectral_Skewness,Spectral_Kurtosis,Spectral_Flatness,Spectral_Rolloff,Spectral_Slope,Spectral_Flux,Periodicity_Spectral,Sig_Spaces,Switching_Ratio,Transients,Count_Zeros,Biggest_Interval,Directions,Periodicity_Time
ec2_disk_write_bytes_c0d644,46386.32931218792,38191.258457268006,804464.3079202323,647162822717.5782,0.484375,0.515625,17.342702469644298,13.160437436666271,2.0331720784148595,4.476925197032691,0.030560973709721728,-0.02780118398944751,-78640.12363294457,148702.25329782977,-3555140.20092937,6956801.132437229,-10511941.333366599,805800.5424822181,389472.8665204956,1.2673405659848143,0.43041834947898133,0.07652861468763458,-3555140.20092937,17.342702469644298,2015.5,2015.5,1007.75,3023.25,1.0,1.0,1.0,1.0,4031.0,32.23757217843743,0.00024657779825478226,0.0,0.4061341736579392,0.4061341736579392,0.0,0.5620125024556707,9.008340813619682e-10,0.00980662594029126,0.00046582666212745716,0.0010159391645612086,9.008340813619682e-10,0.13012024048096194,9.97997995991984,0.23291333106372858,4.892740865195364,4.5477514324791875,2.7327265531308025,-0.5213219100925396,1.7310791648878043,0.07545752128316414,7.177174348697395,-0.3977195240810713,0.0004720038104456777,1.0,0,0.7236417762340055,90,0,68245021.95701572,0.5048375093027773,-67035849211716.55
