Dataset_Name,Mean,Median,Std,Variance,Pct_Above_Mean,Pct_Below_Mean,Coeff_Var,Kurtosis,Skew_Fisher,Skew_Pearson_SK1,Skew_Pearson_SK2,Skew_Galton,Q1,Q3,Min,Max,Min_Minus_Max,RMS,Avg_Dispersion,Entropy,Scaled_Entropy,Pct_Deviation,Mode,Burstiness,Time_Mean,Time_Median,Time_Q1,Time_Q3,DiffTime_Mean,DiffTime_Median,DiffTime_Min,DiffTime_Max,Duration,Hurst_Exponent,Benford_Law,Normal_Dist,Count_Distribution,Count_NZ_Distribution,Time_Distribution,Stationarity,Power_Min,Power_Max,Power_Mean,Power_Std,Power_Mode,Freq_Max_Power,Freq_Min_Power,Spectral_Energy,Spectral_Entropy,Spectral_Centroid,Spectral_Spread,Spectral_Skewness,Spectral_Kurtosis,Spectral_Flatness,Spectral_Rolloff,Spectral_Slope,Spectral_Flux,Periodicity_Spectral,Sig_Spaces,Switching_Ratio,Transients,Count_Zeros,Biggest_Interval,Directions,Periodicity_Time
Yahoo_A1real_33_data,0.006109045233000721,-0.0051353827147266,0.39880799470185485,0.1590478166381147,0.48227936066712995,0.51772063933287,65.28154796857105,168.5693661945048,8.352122909763189,5.498460770906153,0.08458527463526747,0.016357145819836615,-0.18311320979313844,0.17876168479943105,-2.186721074257358,8.567276597563797,-10.753997671821155,0.3988547819341941,0.22506617781213908,0.8413952049080109,0.28575739235066416,0.03708462720889109,-2.186721074257358,65.28154796857105,719.0,719.0,359.5,1078.5,1.0,1.0,1.0,1.0,1438.0,18.84824064631892,0.0009633165042252265,0.0,-0.015508541992400815,-0.015508541992400815,0.0,0.24980377565185566,7.762953461956948e-06,0.011657077209099554,0.0011302283167598452,0.001386992131628394,7.762953461956948e-06,5.275270541082165,6.83683366733467,0.5651141583799226,5.748552296764281,4.786625341553265,2.858721658516615,-0.20458412170612017,1.853595803220603,0.6359242339371962,7.617615230460922,-0.07062162014674407,0.0007111267750973808,1.0,0,0.8977746870647443,5,0,8.424846222913054,0.5041724617520833,40.76679662252506
