Dataset_Name,Mean,Median,Std,Variance,Pct_Above_Mean,Pct_Below_Mean,Coeff_Var,Kurtosis,Skew_Fisher,Skew_Pearson_SK1,Skew_Pearson_SK2,Skew_Galton,Q1,Q3,Min,Max,Min_Minus_Max,RMS,Avg_Dispersion,Entropy,Scaled_Entropy,Pct_Deviation,Mode,Burstiness,Time_Mean,Time_Median,Time_Q1,Time_Q3,DiffTime_Mean,DiffTime_Median,DiffTime_Min,DiffTime_Max,Duration,Hurst_Exponent,Benford_Law,Normal_Dist,Count_Distribution,Count_NZ_Distribution,Time_Distribution,Stationarity,Power_Min,Power_Max,Power_Mean,Power_Std,Power_Mode,Freq_Max_Power,Freq_Min_Power,Spectral_Energy,Spectral_Entropy,Spectral_Centroid,Spectral_Spread,Spectral_Skewness,Spectral_Kurtosis,Spectral_Flatness,Spectral_Rolloff,Spectral_Slope,Spectral_Flux,Periodicity_Spectral,Sig_Spaces,Switching_Ratio,Transients,Count_Zeros,Biggest_Interval,Directions,Periodicity_Time
art_increase_spike_density,0.012511245830902507,0.10406458259225054,0.2538628010564962,0.06444632176025018,0.5002480158730159,0.49975198412698413,20.29076753800913,-1.863792209062079,0.016037830277394048,1.68228288908042,-1.0819230232199184,-0.3826276087321328,-0.24119719398061515,0.25823124821309507,-0.4145578022427508,0.5687714044730328,-0.9833292067157835,0.25417091303391004,0.24976158123222728,1.5988568893641097,0.6058439393551784,0.25816664354576097,-0.4145578022427508,20.29076753800913,2015.5,2015.5,1007.75,3023.25,1.0,1.0,1.0,1.0,4031.0,5.942055751779701,0.05082988716754469,0.0,0.5105256945733788,0.5105256945733788,0.0,1.0025226597071706,8.427892881708112e-09,0.01566913723472494,7.418020298316937e-05,0.0007881723080322931,8.427892881708112e-09,9.419418837675352,8.038036072144289,0.03709010149158469,2.2173626918780185,6.637032241498669,3.121448900351803,-0.49017600823319013,1.6281461583445702,0.01668408778120367,9.419418837675352,0.02280425665373268,0.00011833777756169768,1.0,0,0.9997519225996031,0,0,7.050301922926974,0.49987596129980155,254.93055602722575
