Dataset_Name,Mean,Median,Std,Variance,Pct_Above_Mean,Pct_Below_Mean,Coeff_Var,Kurtosis,Skew_Fisher,Skew_Pearson_SK1,Skew_Pearson_SK2,Skew_Galton,Q1,Q3,Min,Max,Min_Minus_Max,RMS,Avg_Dispersion,Entropy,Scaled_Entropy,Pct_Deviation,Mode,Burstiness,Time_Mean,Time_Median,Time_Q1,Time_Q3,DiffTime_Mean,DiffTime_Median,DiffTime_Min,DiffTime_Max,Duration,Hurst_Exponent,Benford_Law,Normal_Dist,Count_Distribution,Count_NZ_Distribution,Time_Distribution,Stationarity,Power_Min,Power_Max,Power_Mean,Power_Std,Power_Mode,Freq_Max_Power,Freq_Min_Power,Spectral_Energy,Spectral_Entropy,Spectral_Centroid,Spectral_Spread,Spectral_Skewness,Spectral_Kurtosis,Spectral_Flatness,Spectral_Rolloff,Spectral_Slope,Spectral_Flux,Periodicity_Spectral,Sig_Spaces,Switching_Ratio,Transients,Count_Zeros,Biggest_Interval,Directions,Periodicity_Time
IOPS_103,3.996925319160738e-08,-0.00028280171290440137,0.052046847335239316,0.0027088743175377075,0.499625,0.500375,1270387.9929620293,0.08313904183074916,0.17997600705414926,3.621336362335506,0.016303101409855567,-0.0033223337361609614,-0.046759264805745104,0.045885863341878164,-0.18847910445211014,0.4996515168238318,-0.6881306212759419,0.05204684733525466,0.0474902044641014,1.4907916429525587,0.5261840396007942,0.07563512747492353,-0.18847910445211014,1270387.9929620293,3999.5,3999.5,1999.75,5999.25,1.0,1.0,1.0,1.0,7999.0,18.368071910656237,0.011011062605924998,1.8324784451762692e-10,3.9779515825581386,3.9779515825581386,0.0,1.0299760250672803,1.7002521229593128e-09,0.0009898805349127908,4.793189628946662e-05,0.00011187463433097903,1.7002521229593128e-09,9.419418837675352,8.07807615230461,0.02396594814473331,4.910724300806908,4.648609619158628,2.8405930231558227,-0.1784838349175768,1.817505482589133,0.12160610014114283,7.317314629258517,-0.25665386734343154,4.855106243376201e-05,1.0,0,0.9971246405799478,12,0,0.8716585082559689,0.5005625703212275,17.876293579915785
