Dataset_Name,Mean,Median,Std,Variance,Pct_Above_Mean,Pct_Below_Mean,Coeff_Var,Kurtosis,Skew_Fisher,Skew_Pearson_SK1,Skew_Pearson_SK2,Skew_Galton,Q1,Q3,Min,Max,Min_Minus_Max,RMS,Avg_Dispersion,Entropy,Scaled_Entropy,Pct_Deviation,Mode,Burstiness,Time_Mean,Time_Median,Time_Q1,Time_Q3,DiffTime_Mean,DiffTime_Median,DiffTime_Min,DiffTime_Max,Duration,Hurst_Exponent,Benford_Law,Normal_Dist,Count_Distribution,Count_NZ_Distribution,Time_Distribution,Stationarity,Power_Min,Power_Max,Power_Mean,Power_Std,Power_Mode,Freq_Max_Power,Freq_Min_Power,Spectral_Energy,Spectral_Entropy,Spectral_Centroid,Spectral_Spread,Spectral_Skewness,Spectral_Kurtosis,Spectral_Flatness,Spectral_Rolloff,Spectral_Slope,Spectral_Flux,Periodicity_Spectral,Sig_Spaces,Switching_Ratio,Transients,Count_Zeros,Biggest_Interval,Directions,Periodicity_Time
elb_request_count_8c0756,0.0004903969335186861,0.15431746295989374,1.3732112228278592,1.8857090625003845,0.5119047619047619,0.4880952380952381,2800.1978168522082,-1.0620547711286252,0.07287097549554124,2.670910145898123,-0.33605987926077036,-0.17760743920064528,-1.2783148334492829,1.1548088861033676,-3.6672333932494894,6.4186923498875785,-10.085925743137068,1.3732113103923727,1.238067054004349,1.9726706895801112,0.7284468685435606,0.13615123268442708,-3.6672333932494894,2800.1978168522082,2015.5,2015.5,1007.75,3023.25,1.0,1.0,1.0,1.0,4031.0,12.684369979970906,0.010538298558191127,8.29337003320267e-281,-0.5044754602490792,-0.5044754602490792,0.0,1.0745518176791358,3.6920379334305634e-10,0.01316254710138335,0.00015779427218360576,0.000700098981386713,3.6920379334305634e-10,9.419418837675352,9.759759519038077,0.07889713609180288,4.347706981931357,5.374639386460186,2.929807833572222,-0.22655334674867222,1.997508770256152,0.07916334664672271,9.419418837675352,-0.18321310367752885,0.000181673010514051,1.0,0,0.9997519225996031,4,0,14.61782117145701,0.49987596129980155,6072.40116939702
