Dataset_Name,Mean,Median,Std,Variance,Pct_Above_Mean,Pct_Below_Mean,Coeff_Var,Kurtosis,Skew_Fisher,Skew_Pearson_SK1,Skew_Pearson_SK2,Skew_Galton,Q1,Q3,Min,Max,Min_Minus_Max,RMS,Avg_Dispersion,Entropy,Scaled_Entropy,Pct_Deviation,Mode,Burstiness,Time_Mean,Time_Median,Time_Q1,Time_Q3,DiffTime_Mean,DiffTime_Median,DiffTime_Min,DiffTime_Max,Duration,Hurst_Exponent,Benford_Law,Normal_Dist,Count_Distribution,Count_NZ_Distribution,Time_Distribution,Stationarity,Power_Min,Power_Max,Power_Mean,Power_Std,Power_Mode,Freq_Max_Power,Freq_Min_Power,Spectral_Energy,Spectral_Entropy,Spectral_Centroid,Spectral_Spread,Spectral_Skewness,Spectral_Kurtosis,Spectral_Flatness,Spectral_Rolloff,Spectral_Slope,Spectral_Flux,Periodicity_Spectral,Sig_Spaces,Switching_Ratio,Transients,Count_Zeros,Biggest_Interval,Directions,Periodicity_Time
ec2_cpu_utilization_fe7f93,0.0021850288709879084,-0.01151145350537745,0.10637764036578665,0.01131620236979264,0.48139880952380953,0.5186011904761905,48.684753365724276,4.067937810237769,0.9464275612272988,3.782482293152063,0.3862601821355228,0.22053293614843134,-0.0576857317253792,0.060790803003639274,-0.4001865159823805,0.6465039118003375,-1.046690427782718,0.10640007857590937,0.0804541033535053,1.8587566309978658,0.643085660270818,0.1016323809223152,-0.4001865159823805,48.684753365724276,2015.5,2015.5,1007.75,3023.25,1.0,1.0,1.0,1.0,4031.0,37.7042009594533,0.010960094133428603,5.0456858884028336e-179,0.493097341537384,0.493097341537384,0.0,1.0849748790462659,2.091687844838021e-09,0.017245871435900634,0.0003600310267371792,0.0011665674831854334,2.091687844838021e-09,6.19619238476954,3.9739679358717437,0.18001551336858962,4.54164640407892,4.714688973544182,2.8574336372435787,-0.5616728686454642,1.8874876636153008,0.06398642992880027,7.057054108216433,-0.2942002001586074,0.00039760320449117243,1.0,0,0.9288017861570507,70,0,4.197910392392455,0.499379806499504,23.51064866963275
