Dataset_Name,Mean,Median,Std,Variance,Pct_Above_Mean,Pct_Below_Mean,Coeff_Var,Kurtosis,Skew_Fisher,Skew_Pearson_SK1,Skew_Pearson_SK2,Skew_Galton,Q1,Q3,Min,Max,Min_Minus_Max,RMS,Avg_Dispersion,Entropy,Scaled_Entropy,Pct_Deviation,Mode,Burstiness,Time_Mean,Time_Median,Time_Q1,Time_Q3,DiffTime_Mean,DiffTime_Median,DiffTime_Min,DiffTime_Max,Duration,Hurst_Exponent,Benford_Law,Normal_Dist,Count_Distribution,Count_NZ_Distribution,Time_Distribution,Stationarity,Power_Min,Power_Max,Power_Mean,Power_Std,Power_Mode,Freq_Max_Power,Freq_Min_Power,Spectral_Energy,Spectral_Entropy,Spectral_Centroid,Spectral_Spread,Spectral_Skewness,Spectral_Kurtosis,Spectral_Flatness,Spectral_Rolloff,Spectral_Slope,Spectral_Flux,Periodicity_Spectral,Sig_Spaces,Switching_Ratio,Transients,Count_Zeros,Biggest_Interval,Directions,Periodicity_Time
IOPS_334,0.003238329522592691,0.0015061090466161053,0.047210120605705605,0.002228795487605269,0.490375,0.509625,14.57853677267877,80.39346484368909,3.8295817447066463,7.872835774980923,0.11007515446225227,-0.06289906535375883,-0.025248890814819666,0.02509455326579305,-0.3684392047960062,1.2909226542330714,-1.6593618590290777,0.04732105520486799,0.032434312510523367,0.9477566602436418,0.30661392531419984,0.02845076878221024,-0.3684392047960062,14.57853677267877,3999.5,3999.5,1999.75,5999.25,1.0,1.0,1.0,1.0,7999.0,27.896079239725342,0.004246594855992879,0.0,0.49709382512324024,0.49709382512324024,0.0,1.344831363540146,5.211302933142569e-11,0.007718828762484979,0.00018413864846599797,0.0004962010811162443,5.211302933142569e-11,6.476472945891784,6.336332665330661,0.09206932423299899,4.7648014013036635,4.528463785194076,2.66369122796387,-0.46301964517623057,1.823181848023783,0.06565070799214655,6.85685370741483,-0.2263241381472309,0.0001954710222554274,1.0,0,0.911613951743854,91,0,4.090212496728295,0.5028128516063879,5.254974236498697
