Dataset_Name,Mean,Median,Std,Variance,Pct_Above_Mean,Pct_Below_Mean,Coeff_Var,Kurtosis,Skew_Fisher,Skew_Pearson_SK1,Skew_Pearson_SK2,Skew_Galton,Q1,Q3,Min,Max,Min_Minus_Max,RMS,Avg_Dispersion,Entropy,Scaled_Entropy,Pct_Deviation,Mode,Burstiness,Time_Mean,Time_Median,Time_Q1,Time_Q3,DiffTime_Mean,DiffTime_Median,DiffTime_Min,DiffTime_Max,Duration,Hurst_Exponent,Benford_Law,Normal_Dist,Count_Distribution,Count_NZ_Distribution,Time_Distribution,Stationarity,Power_Min,Power_Max,Power_Mean,Power_Std,Power_Mode,Freq_Max_Power,Freq_Min_Power,Spectral_Energy,Spectral_Entropy,Spectral_Centroid,Spectral_Spread,Spectral_Skewness,Spectral_Kurtosis,Spectral_Flatness,Spectral_Rolloff,Spectral_Slope,Spectral_Flux,Periodicity_Spectral,Sig_Spaces,Switching_Ratio,Transients,Count_Zeros,Biggest_Interval,Directions,Periodicity_Time
ec2_cpu_utilization_77c1ca,0.0031297041634580467,-0.00047987892796054997,0.1490082813587002,0.02220346791347356,0.4680059523809524,0.5319940476190477,47.610964476302065,2.6557238210411294,0.9053713197387304,3.9355803708625574,0.07267213005105504,-0.363796868260472,-0.06686113934918167,0.03048658417799175,-0.583304366983388,0.6625853596770099,-1.2458897266603979,0.14904114519697012,0.09439971861553177,1.922378052544273,0.6650971615078438,0.11959989560112705,-0.583304366983388,47.610964476302065,2015.5,2015.5,1007.75,3023.25,1.0,1.0,1.0,1.0,4031.0,34.961181573802975,0.00025255466661913684,8.347088378299935e-146,0.39178435145818236,0.39178435145818236,0.0,0.8306187982547484,4.3303490183292e-09,0.011941636679803247,0.0004612430242471863,0.0011818973130792497,4.3303490183292e-09,6.016012024048097,9.899899799599199,0.23062151212359316,4.774523747957858,4.3427292685380525,2.786729145498892,-0.3808487055111034,1.5915163903023881,0.0861569359276277,6.916913827655311,-0.4186343656416436,0.0005289264369295325,1.0,0,0.6219300421730037,66,0,6.563799625457973,0.49342594889593316,3.77909795368983
