Dataset_Name,Mean,Median,Std,Variance,Pct_Above_Mean,Pct_Below_Mean,Coeff_Var,Kurtosis,Skew_Fisher,Skew_Pearson_SK1,Skew_Pearson_SK2,Skew_Galton,Q1,Q3,Min,Max,Min_Minus_Max,RMS,Avg_Dispersion,Entropy,Scaled_Entropy,Pct_Deviation,Mode,Burstiness,Time_Mean,Time_Median,Time_Q1,Time_Q3,DiffTime_Mean,DiffTime_Median,DiffTime_Min,DiffTime_Max,Duration,Hurst_Exponent,Benford_Law,Normal_Dist,Count_Distribution,Count_NZ_Distribution,Time_Distribution,Stationarity,Power_Min,Power_Max,Power_Mean,Power_Std,Power_Mode,Freq_Max_Power,Freq_Min_Power,Spectral_Energy,Spectral_Entropy,Spectral_Centroid,Spectral_Spread,Spectral_Skewness,Spectral_Kurtosis,Spectral_Flatness,Spectral_Rolloff,Spectral_Slope,Spectral_Flux,Periodicity_Spectral,Sig_Spaces,Switching_Ratio,Transients,Count_Zeros,Biggest_Interval,Directions,Periodicity_Time
Yahoo_A1real_20_data,1.9509334843746394e-06,-1.824679805967344e-05,0.00148479368760315,2.204612294746161e-06,0.4971870604781997,0.5028129395218003,760.6784244898838,75.3806446993807,4.022653512583574,6.376663970237382,0.0408091402387475,0.00034638529735776634,-0.0008201124031526501,0.000784174508778725,-0.0094660858541545,0.0263368923909075,-0.035802978245062,0.001484794969309777,0.001001343865834572,1.02203069789092,0.3535983545179788,0.04147123281110566,-0.0094660858541545,760.6784244898838,710.5,710.5,355.25,1065.75,1.0,1.0,1.0,1.0,1421.0,27.25550059698666,0.005347861470710269,1.2674941640291135e-304,-0.20787113086373157,-0.20787113086373157,0.0,0.5768264431884609,2.9983029865406604e-08,0.03116459876012402,0.0010411925556185531,0.0025979927906734134,2.9983029865406604e-08,6.3563527054108215,3.0530460921843687,0.5205962778092765,4.865226067665684,4.577740678569367,2.8580935677848505,-0.441939060953744,1.8138802905260671,0.1236643367542128,6.916913827655311,-0.36140693449949335,0.000990106500593516,1.0,0,0.9795918367340045,11,0,0.0507995946342002,0.4996481351157638,0.0017686005183377238
