Dataset_Name,Mean,Median,Std,Variance,Pct_Above_Mean,Pct_Below_Mean,Coeff_Var,Kurtosis,Skew_Fisher,Skew_Pearson_SK1,Skew_Pearson_SK2,Skew_Galton,Q1,Q3,Min,Max,Min_Minus_Max,RMS,Avg_Dispersion,Entropy,Scaled_Entropy,Pct_Deviation,Mode,Burstiness,Time_Mean,Time_Median,Time_Q1,Time_Q3,DiffTime_Mean,DiffTime_Median,DiffTime_Min,DiffTime_Max,Duration,Hurst_Exponent,Benford_Law,Normal_Dist,Count_Distribution,Count_NZ_Distribution,Time_Distribution,Stationarity,Power_Min,Power_Max,Power_Mean,Power_Std,Power_Mode,Freq_Max_Power,Freq_Min_Power,Spectral_Energy,Spectral_Entropy,Spectral_Centroid,Spectral_Spread,Spectral_Skewness,Spectral_Kurtosis,Spectral_Flatness,Spectral_Rolloff,Spectral_Slope,Spectral_Flux,Periodicity_Spectral,Sig_Spaces,Switching_Ratio,Transients,Count_Zeros,Biggest_Interval,Directions,Periodicity_Time
ambient_temperature_system_failure,0.0001052910522136956,0.0003263774084985,0.01983729718097313,0.00039351835944624445,0.504197055180955,0.495802944819045,188.40260745143726,303.2654581730235,7.709850314050449,4.12118901822822,-0.03343494980029971,0.0016818138820847391,-0.0113026714516948,0.01199460795830015,-0.0816479643625314,0.7648910022679019,-0.8465389666304333,0.019837576607335906,0.01400812850975173,0.8467693430993183,0.2739429676565549,0.023433412919549545,-0.0816479643625314,188.40260745143726,3633.0,3633.0,1816.5,5449.5,1.0,1.0,1.0,1.0,7266.0,63.071530124650735,0.00108301778402878,0.0,0.051102924096481664,0.051102924096481664,0.0,0.48386811351435877,2.1587399763969954e-06,0.017678443453348406,0.00019229679740798765,0.0009387858209441944,2.1587399763969954e-06,6.3563527054108215,8.538537074148296,0.09614839870399383,4.599615505694267,4.965596803879709,2.674415950035845,-0.7122245269047408,2.360258676732429,0.3998028608966193,6.616613226452906,-0.14217945303564594,0.00022154768401284116,1.0,0,0.9920176162949363,8,0,0.970609599504497,0.5004128819157032,1.8607388984834226
