Dataset_Name,Mean,Median,Std,Variance,Pct_Above_Mean,Pct_Below_Mean,Coeff_Var,Kurtosis,Skew_Fisher,Skew_Pearson_SK1,Skew_Pearson_SK2,Skew_Galton,Q1,Q3,Min,Max,Min_Minus_Max,RMS,Avg_Dispersion,Entropy,Scaled_Entropy,Pct_Deviation,Mode,Burstiness,Time_Mean,Time_Median,Time_Q1,Time_Q3,DiffTime_Mean,DiffTime_Median,DiffTime_Min,DiffTime_Max,Duration,Hurst_Exponent,Benford_Law,Normal_Dist,Count_Distribution,Count_NZ_Distribution,Time_Distribution,Stationarity,Power_Min,Power_Max,Power_Mean,Power_Std,Power_Mode,Freq_Max_Power,Freq_Min_Power,Spectral_Energy,Spectral_Entropy,Spectral_Centroid,Spectral_Spread,Spectral_Skewness,Spectral_Kurtosis,Spectral_Flatness,Spectral_Rolloff,Spectral_Slope,Spectral_Flux,Periodicity_Spectral,Sig_Spaces,Switching_Ratio,Transients,Count_Zeros,Biggest_Interval,Directions,Periodicity_Time
Yahoo_A1real_65_data,0.002381071817220247,-0.05228987271777895,3.785007065196277,14.326278483585734,0.49719101123595505,0.5028089887640449,1589.6225591349346,56.889978337345745,2.4460519182545193,10.04450723571276,0.043332239738675414,-0.012828613267033,-2.3949442406908474,2.2310197916839205,-38.01614979181522,60.69873820941211,-98.71488800122734,3.785007814138398,2.705553439893647,0.8753731526022568,0.30896831476871633,0.0383428188168625,-38.01614979181522,1589.6225591349346,711.5,711.5,355.75,1067.25,1.0,1.0,1.0,1.0,1423.0,13.794347450984725,0.004810280110623728,1.2612730933377455e-227,-0.8105086059275335,-0.8105086059275335,0.0,0.2607619395855367,3.8543186300530184e-08,0.021413381831571397,0.0008987909712865652,0.001666643852772725,3.8543186300530184e-08,9.419418837675352,4.2342284569138275,0.4493954856432826,5.281009843089685,5.028927023803417,2.9640801056910218,-0.2271084315684316,1.8746011039493524,0.2483041026819642,8.07807615230461,-0.19955963598022433,0.0007710665773094669,1.0,0,0.9796205200274212,4,0,35.106639433161604,0.49964862965530593,10067.526862768593
