Dataset_Name,Mean,Median,Std,Variance,Pct_Above_Mean,Pct_Below_Mean,Coeff_Var,Kurtosis,Skew_Fisher,Skew_Pearson_SK1,Skew_Pearson_SK2,Skew_Galton,Q1,Q3,Min,Max,Min_Minus_Max,RMS,Avg_Dispersion,Entropy,Scaled_Entropy,Pct_Deviation,Mode,Burstiness,Time_Mean,Time_Median,Time_Q1,Time_Q3,DiffTime_Mean,DiffTime_Median,DiffTime_Min,DiffTime_Max,Duration,Hurst_Exponent,Benford_Law,Normal_Dist,Count_Distribution,Count_NZ_Distribution,Time_Distribution,Stationarity,Power_Min,Power_Max,Power_Mean,Power_Std,Power_Mode,Freq_Max_Power,Freq_Min_Power,Spectral_Energy,Spectral_Entropy,Spectral_Centroid,Spectral_Spread,Spectral_Skewness,Spectral_Kurtosis,Spectral_Flatness,Spectral_Rolloff,Spectral_Slope,Spectral_Flux,Periodicity_Spectral,Sig_Spaces,Switching_Ratio,Transients,Count_Zeros,Biggest_Interval,Directions,Periodicity_Time
Yahoo_A1real_2_data,10.876522544513078,-10.081655510355631,418.20151242670863,174892.50499598653,0.4662960389159138,0.5337039610840861,38.44992833662911,1340.0660859715813,36.05732282633265,0.9703245557970265,0.15034506642410764,0.3592512076238204,-27.93516997793995,27.791862769340696,-394.9146742355479,15603.357044690289,-15998.271718925836,418.3429260052664,49.876140775707384,0.04245847651121622,0.013945857639669483,0.026140418151040228,-394.9146742355479,38.44992833662911,719.0,719.0,359.5,1078.5,1.0,1.0,1.0,1.0,1438.0,17.813381468223522,0.011794776342802392,0.0,0.009236161486614767,0.009236161486614767,0.0,0.0022363985426097,0.0003007383388129698,0.0027650022361726677,0.0013831585829961169,0.00031373903440363456,0.0003007383388129698,0.25024048096192386,0.3703607214428858,0.6915792914980584,6.188614729659373,5.003950482794723,2.8958168439921574,-0.00915822068930048,1.8023185736077176,0.9722911657984906,8.498496993987976,-0.0014547834562362043,0.00022551737078236074,1.0,0,0.9645340751036408,2,0,15543.84039785972,0.49930458970758046,12469538.099011833
