Dataset_Name,Mean,Median,Std,Variance,Pct_Above_Mean,Pct_Below_Mean,Coeff_Var,Kurtosis,Skew_Fisher,Skew_Pearson_SK1,Skew_Pearson_SK2,Skew_Galton,Q1,Q3,Min,Max,Min_Minus_Max,RMS,Avg_Dispersion,Entropy,Scaled_Entropy,Pct_Deviation,Mode,Burstiness,Time_Mean,Time_Median,Time_Q1,Time_Q3,DiffTime_Mean,DiffTime_Median,DiffTime_Min,DiffTime_Max,Duration,Hurst_Exponent,Benford_Law,Normal_Dist,Count_Distribution,Count_NZ_Distribution,Time_Distribution,Stationarity,Power_Min,Power_Max,Power_Mean,Power_Std,Power_Mode,Freq_Max_Power,Freq_Min_Power,Spectral_Energy,Spectral_Entropy,Spectral_Centroid,Spectral_Spread,Spectral_Skewness,Spectral_Kurtosis,Spectral_Flatness,Spectral_Rolloff,Spectral_Slope,Spectral_Flux,Periodicity_Spectral,Sig_Spaces,Switching_Ratio,Transients,Count_Zeros,Biggest_Interval,Directions,Periodicity_Time
Yahoo_A1real_24_data,0.0009100658854289219,0.0002886968409541,0.03811631769449566,0.001452853674587723,0.4668035592060233,0.5331964407939768,41.882984981407304,1008.389114692956,28.812037896260208,3.6040948626558125,0.04890574948660138,-0.04227367792106261,-0.0057281000237807,0.0058174219846023,-0.1364647625047546,1.3295528626515145,-1.466017625156269,0.038127180521296676,0.009357516655755049,0.7217561837352099,0.23706712571901567,0.025999904103767357,-0.1364647625047546,41.882984981407304,730.0,730.0,365.0,1095.0,1.0,1.0,1.0,1.0,1460.0,31.16051255697857,0.0008852765865020493,0.0,0.05068522739523781,0.05068522739523781,0.0,0.024755465062765485,6.44796760985165e-05,0.00558379095597819,0.0013473614845628155,0.000574628139537616,6.44796760985165e-05,0.15014028056112227,6.3563527054108215,0.6736807422814077,6.136765002642515,4.9454405237569965,2.8977330301260857,-0.06191999324983738,1.818681605457994,0.9258743714831299,8.318316633266534,-0.009152878532469056,0.0003671414294528157,1.0,0,0.7226027397255325,1,0,1.4337095092532262,0.4965753424654133,-0.02987258990456307
