Dataset_Name,Mean,Median,Std,Variance,Pct_Above_Mean,Pct_Below_Mean,Coeff_Var,Kurtosis,Skew_Fisher,Skew_Pearson_SK1,Skew_Pearson_SK2,Skew_Galton,Q1,Q3,Min,Max,Min_Minus_Max,RMS,Avg_Dispersion,Entropy,Scaled_Entropy,Pct_Deviation,Mode,Burstiness,Time_Mean,Time_Median,Time_Q1,Time_Q3,DiffTime_Mean,DiffTime_Median,DiffTime_Min,DiffTime_Max,Duration,Hurst_Exponent,Benford_Law,Normal_Dist,Count_Distribution,Count_NZ_Distribution,Time_Distribution,Stationarity,Power_Min,Power_Max,Power_Mean,Power_Std,Power_Mode,Freq_Max_Power,Freq_Min_Power,Spectral_Energy,Spectral_Entropy,Spectral_Centroid,Spectral_Spread,Spectral_Skewness,Spectral_Kurtosis,Spectral_Flatness,Spectral_Rolloff,Spectral_Slope,Spectral_Flux,Periodicity_Spectral,Sig_Spaces,Switching_Ratio,Transients,Count_Zeros,Biggest_Interval,Directions,Periodicity_Time
Yahoo_A1real_40_data,-0.11084249736107406,0.2427368321734491,5.077802175905124,25.784074937626816,0.5101611772950245,0.4898388227049755,-45.81096910127296,687.2454774866749,-21.88241026165237,31.50165759527168,-0.20889706838679561,-0.10007312870324411,-2.586620528294432,2.557323608861367,-160.07002801075146,6.524413074556151,-166.5944410853076,5.079011813025055,2.707349598842901,0.6814917733908377,0.22748754258833065,0.030480021678961466,-160.07002801075146,-45.81096910127296,713.0,713.0,356.5,1069.5,1.0,1.0,1.0,1.0,1426.0,15.973674932757245,0.0131488450575608,0.0,-0.056526960999338384,-0.056526960999338384,0.0,0.1771743945421442,1.2155062026153556e-05,0.009777320197177038,0.0011045492034320091,0.0007274978373186056,1.2155062026153556e-05,3.1531462925851703,6.396392785571143,0.5522746017160045,6.0997564093088945,5.007663242973981,2.932283320999099,0.0011446322607791123,1.7915595058896234,0.9119338487468676,8.598597194388779,0.014413185543275175,0.00038046853993902867,1.0,0,0.9985974754551202,0,0,36.086331879359705,0.4992987377275601,9798.508591621117
