Dataset_Name,Mean,Median,Std,Variance,Pct_Above_Mean,Pct_Below_Mean,Coeff_Var,Kurtosis,Skew_Fisher,Skew_Pearson_SK1,Skew_Pearson_SK2,Skew_Galton,Q1,Q3,Min,Max,Min_Minus_Max,RMS,Avg_Dispersion,Entropy,Scaled_Entropy,Pct_Deviation,Mode,Burstiness,Time_Mean,Time_Median,Time_Q1,Time_Q3,DiffTime_Mean,DiffTime_Median,DiffTime_Min,DiffTime_Max,Duration,Hurst_Exponent,Benford_Law,Normal_Dist,Count_Distribution,Count_NZ_Distribution,Time_Distribution,Stationarity,Power_Min,Power_Max,Power_Mean,Power_Std,Power_Mode,Freq_Max_Power,Freq_Min_Power,Spectral_Energy,Spectral_Entropy,Spectral_Centroid,Spectral_Spread,Spectral_Skewness,Spectral_Kurtosis,Spectral_Flatness,Spectral_Rolloff,Spectral_Slope,Spectral_Flux,Periodicity_Spectral,Sig_Spaces,Switching_Ratio,Transients,Count_Zeros,Biggest_Interval,Directions,Periodicity_Time
Yahoo_A1real_30_data,-0.0004122385509001173,-0.000505220352448,0.016122513634025507,0.00025993544587933837,0.4976043805612594,0.5023956194387406,-39.109764743221795,1329.07653883531,-35.64658358632845,37.35010495882033,0.017301606540641747,0.2004967157344223,-0.0024752573960078,0.0024528953272617,-0.6025898523318696,0.0297357909484841,-0.6323256432803537,0.016127783062224847,0.0031184044406252025,0.6983295821449467,0.22937245370993498,0.02549716871339996,-0.6025898523318696,-39.109764743221795,730.0,730.0,365.0,1095.0,1.0,1.0,1.0,1.0,1460.0,18.619152674998745,0.019327039400414893,0.0,0.010361101396424988,0.010361101396424988,0.0,0.012919436236950077,0.000161151370550901,0.0026559856457440177,0.0013466713994872747,0.00020521295273563897,0.000161151370550901,3.1531462925851703,0.11010020040080161,0.6733356997436374,6.200304374919096,5.006404769951651,2.8802819712072654,0.010206197669272802,1.7891546502350002,0.9801335878945338,8.498496993987976,0.0364065669980899,9.989303532518481e-05,1.0,0,0.995890410958222,0,0,0.022923814368663125,0.5006849315065064,-0.002672163168062163
