Dataset_Name,Mean,Median,Std,Variance,Pct_Above_Mean,Pct_Below_Mean,Coeff_Var,Kurtosis,Skew_Fisher,Skew_Pearson_SK1,Skew_Pearson_SK2,Skew_Galton,Q1,Q3,Min,Max,Min_Minus_Max,RMS,Avg_Dispersion,Entropy,Scaled_Entropy,Pct_Deviation,Mode,Burstiness,Time_Mean,Time_Median,Time_Q1,Time_Q3,DiffTime_Mean,DiffTime_Median,DiffTime_Min,DiffTime_Max,Duration,Hurst_Exponent,Benford_Law,Normal_Dist,Count_Distribution,Count_NZ_Distribution,Time_Distribution,Stationarity,Power_Min,Power_Max,Power_Mean,Power_Std,Power_Mode,Freq_Max_Power,Freq_Min_Power,Spectral_Energy,Spectral_Entropy,Spectral_Centroid,Spectral_Spread,Spectral_Skewness,Spectral_Kurtosis,Spectral_Flatness,Spectral_Rolloff,Spectral_Slope,Spectral_Flux,Periodicity_Spectral,Sig_Spaces,Switching_Ratio,Transients,Count_Zeros,Biggest_Interval,Directions,Periodicity_Time
Twitter_volume_CVS,0.00039937940305261374,-0.0002295943038359,0.01123421186215726,0.00012620751616383488,0.4548665867659118,0.5451334132340881,28.1291014188227,162.82768479230788,4.527585647093906,1.0930946483753492,0.167962023135745,0.05708997480167452,-0.0037110233093227,0.0036734119835347,-0.1761420937226395,0.4030517791558807,-0.5791938728785202,0.01124130864585692,0.006109404034380624,0.8236768813459965,0.26269443486733385,0.019396289168130115,-0.011880678555281,28.1291014188227,7926.0,7926.0,3963.0,11889.0,1.0,1.0,1.0,1.0,15852.0,67.57488109535912,2.3713404808056492e-05,0.0,0.4589510675036205,0.4589510675036205,0.0,0.8751329715072667,7.103290567040111e-10,0.002831403518328535,0.0001285217111659134,0.0003226487874485849,7.103290567040111e-10,6.436432865731463,2.812805611222445,0.06426085558295669,4.769887914793526,4.606608852805403,2.700359485339625,-0.5997809321018291,1.7961105194288067,0.06993982475236286,6.976973947895792,-0.34475076544144356,0.00011503382479672585,1.0,0,0.5958238708049082,115,0,1.4104333784706014,0.501514004541982,0.05560128534810239
