Dataset_Name,Mean,Median,Std,Variance,Pct_Above_Mean,Pct_Below_Mean,Coeff_Var,Kurtosis,Skew_Fisher,Skew_Pearson_SK1,Skew_Pearson_SK2,Skew_Galton,Q1,Q3,Min,Max,Min_Minus_Max,RMS,Avg_Dispersion,Entropy,Scaled_Entropy,Pct_Deviation,Mode,Burstiness,Time_Mean,Time_Median,Time_Q1,Time_Q3,DiffTime_Mean,DiffTime_Median,DiffTime_Min,DiffTime_Max,Duration,Hurst_Exponent,Benford_Law,Normal_Dist,Count_Distribution,Count_NZ_Distribution,Time_Distribution,Stationarity,Power_Min,Power_Max,Power_Mean,Power_Std,Power_Mode,Freq_Max_Power,Freq_Min_Power,Spectral_Energy,Spectral_Entropy,Spectral_Centroid,Spectral_Spread,Spectral_Skewness,Spectral_Kurtosis,Spectral_Flatness,Spectral_Rolloff,Spectral_Slope,Spectral_Flux,Periodicity_Spectral,Sig_Spaces,Switching_Ratio,Transients,Count_Zeros,Biggest_Interval,Directions,Periodicity_Time
IOPS_333,0.0024274397935051015,-0.0003143851911629504,0.04045389459202716,0.0016365175876628443,0.44075,0.55925,16.665244606692873,84.41934263160351,4.571715137807596,9.128528131028371,0.20332961346806042,0.005926083803022374,-0.011486231876208458,0.010990661453310967,-0.36685708412799944,1.0558371403283218,-1.4226942244563212,0.04052665853008284,0.0215990889941783,0.717168284623863,0.2320150225088847,0.028434707801707565,-0.36685708412799944,16.665244606692873,3999.5,3999.5,1999.75,5999.25,1.0,1.0,1.0,1.0,7999.0,32.47126922747892,1.7834261250211892e-05,0.0,0.578838754852368,0.578838754852368,0.0,2.0805853406405963,1.4353012543391957e-10,0.0036541031820609645,0.0002067603937189156,0.00046273208707567505,1.4353012543391957e-10,5.1551503006012025,0.9709619238476954,0.1033801968594578,4.899780227419052,4.460691011621884,2.8131787566111983,-0.3185800046848146,1.5998696582306604,0.06570349088368439,7.3773747494989985,-0.24779196298092776,0.00022074368107417665,1.0,0,0.6670833854230944,106,0,3.9254382969198156,0.5025628203524812,-0.04019262542867284
