Dataset_Name,Mean,Median,Std,Variance,Pct_Above_Mean,Pct_Below_Mean,Coeff_Var,Kurtosis,Skew_Fisher,Skew_Pearson_SK1,Skew_Pearson_SK2,Skew_Galton,Q1,Q3,Min,Max,Min_Minus_Max,RMS,Avg_Dispersion,Entropy,Scaled_Entropy,Pct_Deviation,Mode,Burstiness,Time_Mean,Time_Median,Time_Q1,Time_Q3,DiffTime_Mean,DiffTime_Median,DiffTime_Min,DiffTime_Max,Duration,Hurst_Exponent,Benford_Law,Normal_Dist,Count_Distribution,Count_NZ_Distribution,Time_Distribution,Stationarity,Power_Min,Power_Max,Power_Mean,Power_Std,Power_Mode,Freq_Max_Power,Freq_Min_Power,Spectral_Energy,Spectral_Entropy,Spectral_Centroid,Spectral_Spread,Spectral_Skewness,Spectral_Kurtosis,Spectral_Flatness,Spectral_Rolloff,Spectral_Slope,Spectral_Flux,Periodicity_Spectral,Sig_Spaces,Switching_Ratio,Transients,Count_Zeros,Biggest_Interval,Directions,Periodicity_Time
Yahoo_A1real_35_data,-0.02305026443519887,-0.0129815007792473,0.9102974501869414,0.828641447816847,0.5157673440784863,0.48423265592151365,-39.491845841417714,1201.82170910682,-33.25786420297033,36.21049843049709,-0.03318287986906761,0.034407785755133695,-0.1685939948870705,0.15372114359345795,-32.98537469192544,0.970638982727138,-33.95601367465258,0.9105892391783356,0.22396058305463226,0.03298981328039873,0.01083579245821931,0.026808136516909536,-32.98537469192544,-39.491845841417714,713.0,713.0,356.5,1069.5,1.0,1.0,1.0,1.0,1426.0,27.560858838241202,0.00045694690229287335,0.0,0.015139934956957927,0.015139934956957927,0.0,0.04865300738401632,6.193791248315348e-05,0.007329344862111522,0.00142245323733998,0.0006198000257777198,6.193791248315348e-05,0.15014028056112227,6.176172344689379,0.71122661866999,6.140832908235154,4.97263847167621,2.884579311306633,-0.043740769327959776,1.8128930809540795,0.9329172843614505,8.378376753507014,-0.008078848534557915,0.0004625123201185209,1.0,0,0.7110799438985196,0,0,4.065689088616222,0.5077138849926314,15.482607510280234
