Dataset_Name,Mean,Median,Std,Variance,Pct_Above_Mean,Pct_Below_Mean,Coeff_Var,Kurtosis,Skew_Fisher,Skew_Pearson_SK1,Skew_Pearson_SK2,Skew_Galton,Q1,Q3,Min,Max,Min_Minus_Max,RMS,Avg_Dispersion,Entropy,Scaled_Entropy,Pct_Deviation,Mode,Burstiness,Time_Mean,Time_Median,Time_Q1,Time_Q3,DiffTime_Mean,DiffTime_Median,DiffTime_Min,DiffTime_Max,Duration,Hurst_Exponent,Benford_Law,Normal_Dist,Count_Distribution,Count_NZ_Distribution,Time_Distribution,Stationarity,Power_Min,Power_Max,Power_Mean,Power_Std,Power_Mode,Freq_Max_Power,Freq_Min_Power,Spectral_Energy,Spectral_Entropy,Spectral_Centroid,Spectral_Spread,Spectral_Skewness,Spectral_Kurtosis,Spectral_Flatness,Spectral_Rolloff,Spectral_Slope,Spectral_Flux,Periodicity_Spectral,Sig_Spaces,Switching_Ratio,Transients,Count_Zeros,Biggest_Interval,Directions,Periodicity_Time
Yahoo_A1real_60_data,-0.00017814703133515745,-2.0083573127660515e-05,0.007611147838132495,5.7929571413908954e-05,0.5106091718001369,0.4893908281998631,-42.72420654610688,941.0761672817289,-27.123702700839594,34.24701808942545,-0.06230207616578947,-0.07674579895665265,-0.0021160724189557,0.0017771191021742,-0.2608372989721683,0.0564983415263178,-0.31733564049848606,0.007613232413284286,0.0024595469732031014,0.21234768208319066,0.0697474518112695,0.02398453511932036,-0.2608372989721683,-42.72420654610688,730.0,730.0,365.0,1095.0,1.0,1.0,1.0,1.0,1460.0,20.869569758526914,0.0030380524846812616,0.0,0.019448728815062717,0.019448728815062717,0.0,0.07177003504024639,5.125724575830895e-05,0.006336351008386457,0.0012813697868198414,0.0006802122257937699,5.125724575830895e-05,0.7107014028056113,0.050040080160320646,0.6406848934099206,6.09780364622193,4.969371396118831,2.8675141901891856,-0.025580776591268433,1.8167620731811003,0.8852621845164312,8.378376753507014,0.05304230471389687,0.0005036423005037317,1.0,0,0.9698630136979659,3,0,0.08122101536957078,0.49999999999965755,0.004235074880586947
