Dataset_Name,Mean,Median,Std,Variance,Pct_Above_Mean,Pct_Below_Mean,Coeff_Var,Kurtosis,Skew_Fisher,Skew_Pearson_SK1,Skew_Pearson_SK2,Skew_Galton,Q1,Q3,Min,Max,Min_Minus_Max,RMS,Avg_Dispersion,Entropy,Scaled_Entropy,Pct_Deviation,Mode,Burstiness,Time_Mean,Time_Median,Time_Q1,Time_Q3,DiffTime_Mean,DiffTime_Median,DiffTime_Min,DiffTime_Max,Duration,Hurst_Exponent,Benford_Law,Normal_Dist,Count_Distribution,Count_NZ_Distribution,Time_Distribution,Stationarity,Power_Min,Power_Max,Power_Mean,Power_Std,Power_Mode,Freq_Max_Power,Freq_Min_Power,Spectral_Energy,Spectral_Entropy,Spectral_Centroid,Spectral_Spread,Spectral_Skewness,Spectral_Kurtosis,Spectral_Flatness,Spectral_Rolloff,Spectral_Slope,Spectral_Flux,Periodicity_Spectral,Sig_Spaces,Switching_Ratio,Transients,Count_Zeros,Biggest_Interval,Directions,Periodicity_Time
IOPS_337,0.01674316593995982,0.018254220825076627,0.10662302199996967,0.011368468820406017,0.506625,0.493375,6.368151400646881,1086.8293563401542,22.741529995022397,10.723858476258277,-0.042515814387964895,-0.34724212943205374,-0.03155467379066886,0.04238733463378854,-1.1266670430225463,5.721351950306371,-6.8480189933289175,0.10792961792806943,0.04852938157584996,0.7457180605880729,0.23464613885151928,0.015569907456195419,-1.1266670430225463,6.368151400646881,3999.5,3999.5,1999.75,5999.25,1.0,1.0,1.0,1.0,7999.0,71.34106269842201,0.006674729989926646,0.0,0.46974267259918223,0.46974267259918223,0.0,0.21664784840625517,4.021949875852058e-09,0.0037697713364158543,0.00020964619040435346,0.00043265387156022576,4.021949875852058e-09,0.23022044088176355,6.996993987975952,0.10482309520217672,5.024202090072362,4.291702459265426,2.8557038613971595,-0.23926694648131833,1.4860362110125924,0.08856843011218687,7.197194388777556,-0.39256831346115434,0.00018975779612151255,1.0,0,0.9366170771345247,39,0,27.842645380139828,0.4948118514813733,8.550892855690979
