Dataset_Name,Mean,Median,Std,Variance,Pct_Above_Mean,Pct_Below_Mean,Coeff_Var,Kurtosis,Skew_Fisher,Skew_Pearson_SK1,Skew_Pearson_SK2,Skew_Galton,Q1,Q3,Min,Max,Min_Minus_Max,RMS,Avg_Dispersion,Entropy,Scaled_Entropy,Pct_Deviation,Mode,Burstiness,Time_Mean,Time_Median,Time_Q1,Time_Q3,DiffTime_Mean,DiffTime_Median,DiffTime_Min,DiffTime_Max,Duration,Hurst_Exponent,Benford_Law,Normal_Dist,Count_Distribution,Count_NZ_Distribution,Time_Distribution,Stationarity,Power_Min,Power_Max,Power_Mean,Power_Std,Power_Mode,Freq_Max_Power,Freq_Min_Power,Spectral_Energy,Spectral_Entropy,Spectral_Centroid,Spectral_Spread,Spectral_Skewness,Spectral_Kurtosis,Spectral_Flatness,Spectral_Rolloff,Spectral_Slope,Spectral_Flux,Periodicity_Spectral,Sig_Spaces,Switching_Ratio,Transients,Count_Zeros,Biggest_Interval,Directions,Periodicity_Time
Yahoo_A1real_3_data,-0.0026513801462378513,-0.0010460628492872,0.10144954825984105,0.01029201084212582,0.5578370978781656,0.44216290212183434,-38.262935123327004,1449.6550370244363,-38.05886104708725,38.168330791622054,-0.04747139761574431,0.2634527646379321,-0.0037936869548098,0.0036671359370128,-3.8748113349568074,0.0400297084911862,-3.9148410434479937,0.10148418920603192,0.006723997786804085,0.005671907708442019,0.001862987651626659,0.025914091302306194,-3.8748113349568074,-38.262935123327004,730.0,730.0,365.0,1095.0,1.0,1.0,1.0,1.0,1460.0,13.961177715049098,0.01974693825641629,0.0,0.0009121591358812689,0.0009121591358812689,0.0,0.0007531509466248951,0.0010357517067757216,0.0016041303132970604,0.001369237858502276,5.74619080462719e-05,0.0010357517067757216,3.1531462925851703,9.419418837675352,0.684618929251138,6.2137012231620465,5.008790398198691,2.8884189808222263,0.00829850493713212,1.793997318296768,0.9990634184312238,8.518517034068136,0.0065843260399357255,2.8482421247354296e-05,1.0,0,0.9917808219171289,0,0,0.01717338801309163,0.49863013698595987,-0.053710274234311885
