Dataset_Name,Mean,Median,Std,Variance,Pct_Above_Mean,Pct_Below_Mean,Coeff_Var,Kurtosis,Skew_Fisher,Skew_Pearson_SK1,Skew_Pearson_SK2,Skew_Galton,Q1,Q3,Min,Max,Min_Minus_Max,RMS,Avg_Dispersion,Entropy,Scaled_Entropy,Pct_Deviation,Mode,Burstiness,Time_Mean,Time_Median,Time_Q1,Time_Q3,DiffTime_Mean,DiffTime_Median,DiffTime_Min,DiffTime_Max,Duration,Hurst_Exponent,Benford_Law,Normal_Dist,Count_Distribution,Count_NZ_Distribution,Time_Distribution,Stationarity,Power_Min,Power_Max,Power_Mean,Power_Std,Power_Mode,Freq_Max_Power,Freq_Min_Power,Spectral_Energy,Spectral_Entropy,Spectral_Centroid,Spectral_Spread,Spectral_Skewness,Spectral_Kurtosis,Spectral_Flatness,Spectral_Rolloff,Spectral_Slope,Spectral_Flux,Periodicity_Spectral,Sig_Spaces,Switching_Ratio,Transients,Count_Zeros,Biggest_Interval,Directions,Periodicity_Time
IOPS_261,1.239550806016032e-05,-0.0009606913065383083,0.14552774175344002,0.021178323619855933,0.498875,0.501125,11739.414119459536,0.9016550372472492,-0.146162641189042,11.36023181317087,0.020059820818779238,0.0005495940804759674,-0.12869920594237882,0.1269183092030417,-1.6532164974185157,0.6632812332165656,-2.3164977306350814,0.1455277422813415,0.13058163305264708,1.4433897389097075,0.5094532472919253,0.06282231135651509,-1.6532164974185157,11739.414119459536,3999.5,3999.5,1999.75,5999.25,1.0,1.0,1.0,1.0,7999.0,30.56091539376307,0.010611054593906226,3.618783194896105e-36,7.292139833985542,7.292139833985542,0.0,0.9489609752804452,2.9998322598829607e-09,0.001459603328608284,5.2021705144134356e-05,0.00012125741235768474,2.9998322598829607e-09,7.197194388777556,8.238236472945893,0.02601085257206718,4.871779905427111,4.795096741157739,2.868436691374765,-0.262732778871724,1.7195869948469065,0.09878593768324449,7.757755511022045,-0.26138202265836524,5.36520411291158e-05,1.0,0,0.9968746093260411,5,0,3.770488613270757,0.5000625078134141,130.76157350959232
