Dataset_Name,Mean,Median,Std,Variance,Pct_Above_Mean,Pct_Below_Mean,Coeff_Var,Kurtosis,Skew_Fisher,Skew_Pearson_SK1,Skew_Pearson_SK2,Skew_Galton,Q1,Q3,Min,Max,Min_Minus_Max,RMS,Avg_Dispersion,Entropy,Scaled_Entropy,Pct_Deviation,Mode,Burstiness,Time_Mean,Time_Median,Time_Q1,Time_Q3,DiffTime_Mean,DiffTime_Median,DiffTime_Min,DiffTime_Max,Duration,Hurst_Exponent,Benford_Law,Normal_Dist,Count_Distribution,Count_NZ_Distribution,Time_Distribution,Stationarity,Power_Min,Power_Max,Power_Mean,Power_Std,Power_Mode,Freq_Max_Power,Freq_Min_Power,Spectral_Energy,Spectral_Entropy,Spectral_Centroid,Spectral_Spread,Spectral_Skewness,Spectral_Kurtosis,Spectral_Flatness,Spectral_Rolloff,Spectral_Slope,Spectral_Flux,Periodicity_Spectral,Sig_Spaces,Switching_Ratio,Transients,Count_Zeros,Biggest_Interval,Directions,Periodicity_Time
Yahoo_A1real_15_data,-1.588025041579896,0.3061622791537957,61.08071032268272,3730.8531735234797,0.551772063933287,0.448227936066713,-38.463316863302104,1355.1931450628351,-36.3185853875379,37.389935683260795,-0.09303365877848649,-0.08541846848457864,-7.090176905547196,6.538371713097149,-2285.39185553196,100.65028437533692,-2386.042139907297,61.10135020649024,9.460600761874048,0.24525357348091595,0.08055567939376117,0.0255991750108111,-2285.39185553196,-38.463316863302104,719.0,719.0,359.5,1078.5,1.0,1.0,1.0,1.0,1438.0,15.822742973435863,0.001933548623320008,0.0,-0.013341483598712444,-0.013341483598712444,0.0,0.011748423162177528,0.0005999386476204001,0.0025935757199975,0.001368919782018178,0.0002504087010611357,0.0005999386476204001,6.89689378757515,3.13312625250501,0.684459891009089,6.198649564987253,5.0095859033876735,2.8869977362309367,-0.009253457861658352,1.8098348310755978,0.9844459333140729,8.498496993987976,0.0023266458548301485,0.00022569232704322626,1.0,0,0.9492350486780603,0,0,112.70426111929737,0.5062586926282988,102681.37119950067
