Dataset_Name,Mean,Median,Std,Variance,Pct_Above_Mean,Pct_Below_Mean,Coeff_Var,Kurtosis,Skew_Fisher,Skew_Pearson_SK1,Skew_Pearson_SK2,Skew_Galton,Q1,Q3,Min,Max,Min_Minus_Max,RMS,Avg_Dispersion,Entropy,Scaled_Entropy,Pct_Deviation,Mode,Burstiness,Time_Mean,Time_Median,Time_Q1,Time_Q3,DiffTime_Mean,DiffTime_Median,DiffTime_Min,DiffTime_Max,Duration,Hurst_Exponent,Benford_Law,Normal_Dist,Count_Distribution,Count_NZ_Distribution,Time_Distribution,Stationarity,Power_Min,Power_Max,Power_Mean,Power_Std,Power_Mode,Freq_Max_Power,Freq_Min_Power,Spectral_Energy,Spectral_Entropy,Spectral_Centroid,Spectral_Spread,Spectral_Skewness,Spectral_Kurtosis,Spectral_Flatness,Spectral_Rolloff,Spectral_Slope,Spectral_Flux,Periodicity_Spectral,Sig_Spaces,Switching_Ratio,Transients,Count_Zeros,Biggest_Interval,Directions,Periodicity_Time
ec2_cpu_utilization_53ea38,2.9665649044692916e-10,0.0030072444578912493,0.023890545946204527,0.0005707581856077096,0.5,0.5,18424730.159619976,-1.9851732439738463,0.00031569656823365346,1.1781042256823868,-0.3776277078971418,-0.12830050623344655,-0.0238945122378567,0.02379093411792415,-0.0281455540145305,0.0343625996085767,-0.0625081536231072,0.023890545946204527,0.023846750115546784,1.2932457831713453,0.5041993437044064,0.3821988681357261,-0.0281455540145305,18424730.159619976,2015.5,2015.5,1007.75,3023.25,1.0,1.0,1.0,1.0,4031.0,3.13320706776391,0.08686172836733612,0.0,4333.499343422813,4333.499343422813,0.0,1.0006909960212447,1.0958577376695678e-09,0.016172959533766077,6.198698649126369e-05,0.0007970411736898951,1.0958577376695678e-09,9.419418837675352,3.993987975951904,0.03099349324563184,1.6914906641321923,7.099584241617578,3.024480396163793,-0.5725045316374694,1.3921996636764231,0.011969426317266474,9.419418837675352,0.13718629811994162,9.33341602060288e-05,1.0,0,0.9997519225996031,0,0,0.05846995898198918,0.49987596129980155,2.2946325620344403
