Dataset_Name,Mean,Median,Std,Variance,Pct_Above_Mean,Pct_Below_Mean,Coeff_Var,Kurtosis,Skew_Fisher,Skew_Pearson_SK1,Skew_Pearson_SK2,Skew_Galton,Q1,Q3,Min,Max,Min_Minus_Max,RMS,Avg_Dispersion,Entropy,Scaled_Entropy,Pct_Deviation,Mode,Burstiness,Time_Mean,Time_Median,Time_Q1,Time_Q3,DiffTime_Mean,DiffTime_Median,DiffTime_Min,DiffTime_Max,Duration,Hurst_Exponent,Benford_Law,Normal_Dist,Count_Distribution,Count_NZ_Distribution,Time_Distribution,Stationarity,Power_Min,Power_Max,Power_Mean,Power_Std,Power_Mode,Freq_Max_Power,Freq_Min_Power,Spectral_Energy,Spectral_Entropy,Spectral_Centroid,Spectral_Spread,Spectral_Skewness,Spectral_Kurtosis,Spectral_Flatness,Spectral_Rolloff,Spectral_Slope,Spectral_Flux,Periodicity_Spectral,Sig_Spaces,Switching_Ratio,Transients,Count_Zeros,Biggest_Interval,Directions,Periodicity_Time
Yahoo_A1real_16_data,-0.00023811212601706125,-0.0010129292562925,0.01809515405067237,0.00032743460011756473,0.4976043805612594,0.5023956194387406,-75.9945759501209,275.9953789269083,2.5795579074453663,19.448943930047367,0.12845711375874314,0.1623027936659298,-0.0060952087488364,0.0060387211133303,-0.3521697681120574,0.4052817490331861,-0.7574515171452435,0.018096720628393452,0.007679762898116304,0.7581561324738433,0.26759584970781647,0.023889521133948766,-0.3521697681120574,-75.9945759501209,730.0,730.0,365.0,1095.0,1.0,1.0,1.0,1.0,1460.0,15.340673703881514,0.015567983143267183,7.524575190414493e-280,0.05133754921789254,0.05133754921789254,0.0,0.06349834822938259,2.678693968168927e-07,0.009868381170601227,0.00120064863836284,0.0014035257479850264,2.678693968168927e-07,9.419418837675352,2.6526452905811624,0.6003243191814199,5.689250193738579,4.811664994899189,2.7892926228560744,-0.18488119108524623,1.8340270701149284,0.5469889372034967,7.817815631262525,-0.09172914825579076,0.0009841015034275258,1.0,0,0.9842465753417916,5,0,0.39908558673825023,0.5006849315065064,0.06491775663870464
