Dataset_Name,Mean,Median,Std,Variance,Pct_Above_Mean,Pct_Below_Mean,Coeff_Var,Kurtosis,Skew_Fisher,Skew_Pearson_SK1,Skew_Pearson_SK2,Skew_Galton,Q1,Q3,Min,Max,Min_Minus_Max,RMS,Avg_Dispersion,Entropy,Scaled_Entropy,Pct_Deviation,Mode,Burstiness,Time_Mean,Time_Median,Time_Q1,Time_Q3,DiffTime_Mean,DiffTime_Median,DiffTime_Min,DiffTime_Max,Duration,Hurst_Exponent,Benford_Law,Normal_Dist,Count_Distribution,Count_NZ_Distribution,Time_Distribution,Stationarity,Power_Min,Power_Max,Power_Mean,Power_Std,Power_Mode,Freq_Max_Power,Freq_Min_Power,Spectral_Energy,Spectral_Entropy,Spectral_Centroid,Spectral_Spread,Spectral_Skewness,Spectral_Kurtosis,Spectral_Flatness,Spectral_Rolloff,Spectral_Slope,Spectral_Flux,Periodicity_Spectral,Sig_Spaces,Switching_Ratio,Transients,Count_Zeros,Biggest_Interval,Directions,Periodicity_Time
art_daily_nojump,0.0007228287801703059,0.0028779700807568,0.08052152123734066,0.006483715382375503,0.5084325396825397,0.4915674603174603,111.39762561853634,1.5225773893043524,0.1487962046974035,4.2357963550033535,-0.08029435760916649,-0.12382069665023508,-0.054210298136778676,0.04738645715663735,-0.3403499416120787,0.3514935358249573,-0.691843477437036,0.08052476553099018,0.06295941698616624,1.9904329045266764,0.7178969198867863,0.11638690505437618,-0.3403499416120787,111.39762561853634,2015.5,2015.5,1007.75,3023.25,1.0,1.0,1.0,1.0,4031.0,50.8850591560738,0.001575895599378034,7.238039442530317e-34,0.5723263117331928,0.5723263117331928,0.0,1.1011821094005363,4.993020916985292e-10,0.053107836057420275,0.0005247748865454757,0.0032344536017441983,4.993020916985292e-10,5.955951903807615,4.2342284569138275,0.26238744327273783,3.542857522334396,4.3152430684085195,2.8941254093972173,-0.30054252080178223,1.5793080884580284,0.029963986069094936,7.177174348697395,-0.1997512680968382,0.0008995238440949293,1.0,0,0.9089555941451478,29,0,3.252460922990693,0.5088067477051579,10.14856484509135
