Dataset_Name,Mean,Median,Std,Variance,Pct_Above_Mean,Pct_Below_Mean,Coeff_Var,Kurtosis,Skew_Fisher,Skew_Pearson_SK1,Skew_Pearson_SK2,Skew_Galton,Q1,Q3,Min,Max,Min_Minus_Max,RMS,Avg_Dispersion,Entropy,Scaled_Entropy,Pct_Deviation,Mode,Burstiness,Time_Mean,Time_Median,Time_Q1,Time_Q3,DiffTime_Mean,DiffTime_Median,DiffTime_Min,DiffTime_Max,Duration,Hurst_Exponent,Benford_Law,Normal_Dist,Count_Distribution,Count_NZ_Distribution,Time_Distribution,Stationarity,Power_Min,Power_Max,Power_Mean,Power_Std,Power_Mode,Freq_Max_Power,Freq_Min_Power,Spectral_Energy,Spectral_Entropy,Spectral_Centroid,Spectral_Spread,Spectral_Skewness,Spectral_Kurtosis,Spectral_Flatness,Spectral_Rolloff,Spectral_Slope,Spectral_Flux,Periodicity_Spectral,Sig_Spaces,Switching_Ratio,Transients,Count_Zeros,Biggest_Interval,Directions,Periodicity_Time
Twitter_volume_GOOG,0.0004913031794398752,0.00914867356670075,0.2288711786516718,0.052382016417405475,0.5054286074990532,0.49457139250094684,465.84415160604306,15.347968579758874,1.5581056782610536,5.413228622192828,-0.11347916850566603,-0.10647508280500502,-0.17901377092362478,0.16109771890781502,-1.2384407173060268,3.690059147169279,-4.928499864475306,0.22887170597568324,0.18478498927685272,1.3312238007769488,0.4306714710113238,0.046438304737500366,-1.2384407173060268,465.84415160604306,7920.5,7920.5,3960.25,11880.75,1.0,1.0,1.0,1.0,15841.0,43.389087802442205,0.006285280525134484,0.0,0.3910777424190191,0.3910777424190191,0.0,1.1035518227153125,4.488854739755797e-10,0.0012986413226281403,5.0448676526364195e-05,0.00013382922702258394,4.488854739755797e-10,6.616613226452906,8.67867735470942,0.025224338263182097,4.741943336982532,4.649961463916373,2.785507965819688,-0.4973296540864074,1.8285933654132172,0.0778845676187748,7.157154308617235,-0.33231852504256454,5.853187638073841e-05,1.0,0,0.9804936557034921,94,0,9.929004935776305,0.5005997096142604,512.741421762059
