Dataset_Name,Mean,Median,Std,Variance,Pct_Above_Mean,Pct_Below_Mean,Coeff_Var,Kurtosis,Skew_Fisher,Skew_Pearson_SK1,Skew_Pearson_SK2,Skew_Galton,Q1,Q3,Min,Max,Min_Minus_Max,RMS,Avg_Dispersion,Entropy,Scaled_Entropy,Pct_Deviation,Mode,Burstiness,Time_Mean,Time_Median,Time_Q1,Time_Q3,DiffTime_Mean,DiffTime_Median,DiffTime_Min,DiffTime_Max,Duration,Hurst_Exponent,Benford_Law,Normal_Dist,Count_Distribution,Count_NZ_Distribution,Time_Distribution,Stationarity,Power_Min,Power_Max,Power_Mean,Power_Std,Power_Mode,Freq_Max_Power,Freq_Min_Power,Spectral_Energy,Spectral_Entropy,Spectral_Centroid,Spectral_Spread,Spectral_Skewness,Spectral_Kurtosis,Spectral_Flatness,Spectral_Rolloff,Spectral_Slope,Spectral_Flux,Periodicity_Spectral,Sig_Spaces,Switching_Ratio,Transients,Count_Zeros,Biggest_Interval,Directions,Periodicity_Time
IOPS_194,3.8377551369161986e-07,-3.168149404153553e-06,0.009138707134628441,8.351596809250877e-05,0.499875,0.500125,23750.750267213472,147.82596871388245,1.94172299387512,18.290373273897558,0.0011660044939129418,-0.007681781898592313,-0.004332482870809784,0.004260139910179261,-0.16714999924804452,0.21315677619912066,-0.3803067754471652,0.009138707142686674,0.005220759930995499,0.6571384535713057,0.21584286757526602,0.02402982986525367,-0.16714999924804452,23750.750267213472,3999.5,3999.5,1999.75,5999.25,1.0,1.0,1.0,1.0,7999.0,39.2968303796669,0.0015356462258227185,0.0,2.355185485373903,2.355185485373903,0.0,4.12522734059801,3.5191567397467497e-10,0.008405326795050991,0.00018422383674662486,0.000588808699202992,3.5191567397467497e-10,0.21020040080160324,2.712705410821643,0.09211191837331242,4.329614253916528,3.9264274623636166,2.912885877096423,-0.3327408996507658,1.2691896989621276,0.03681220858678885,6.576573146292586,-0.5618560009044892,0.00014359787775607486,1.0,0,0.9888736092010265,17,0,0.573089621759622,0.5008126015751343,0.4450883986055083
