Dataset_Name,Mean,Median,Std,Variance,Pct_Above_Mean,Pct_Below_Mean,Coeff_Var,Kurtosis,Skew_Fisher,Skew_Pearson_SK1,Skew_Pearson_SK2,Skew_Galton,Q1,Q3,Min,Max,Min_Minus_Max,RMS,Avg_Dispersion,Entropy,Scaled_Entropy,Pct_Deviation,Mode,Burstiness,Time_Mean,Time_Median,Time_Q1,Time_Q3,DiffTime_Mean,DiffTime_Median,DiffTime_Min,DiffTime_Max,Duration,Hurst_Exponent,Benford_Law,Normal_Dist,Count_Distribution,Count_NZ_Distribution,Time_Distribution,Stationarity,Power_Min,Power_Max,Power_Mean,Power_Std,Power_Mode,Freq_Max_Power,Freq_Min_Power,Spectral_Energy,Spectral_Entropy,Spectral_Centroid,Spectral_Spread,Spectral_Skewness,Spectral_Kurtosis,Spectral_Flatness,Spectral_Rolloff,Spectral_Slope,Spectral_Flux,Periodicity_Spectral,Sig_Spaces,Switching_Ratio,Transients,Count_Zeros,Biggest_Interval,Directions,Periodicity_Time
IOPS_450,4.577900460291939e-07,-0.0021657061494693153,0.09971443827826958,0.009942969201150833,0.496375,0.503625,217342.20073276066,8.621056745217977,-0.6809645373428246,13.065810107544166,0.065171021023454,0.04023432115850413,-0.07732045717222746,0.07929016706595604,-1.3028494708000675,0.5460960695916413,-1.8489455403917088,0.09971443827932043,0.08309102080447121,1.407258240374069,0.4779376478348758,0.05393043550823791,-1.3028494708000675,217342.20073276066,3999.5,3999.5,1999.75,5999.25,1.0,1.0,1.0,1.0,7999.0,34.126067130746286,0.002133889640433175,0.0,-4.515417891126809,-4.515417891126809,0.0,0.8847329382208778,4.65785464743738e-09,0.0017466339872916163,9.06471691409429e-05,0.0002034529946514343,4.65785464743738e-09,1.25124248496994,2.192184368737475,0.04532358457047145,4.935565025380891,4.4746057739790235,2.8900399857092136,-0.21912193472293942,1.5871036227308155,0.09986774086262278,7.257254509018036,-0.3686360003471107,9.34971557853667e-05,1.0,0,0.9856232029002393,16,0,2.700572572742317,0.5001875234403675,50.04199705551069
