Dataset_Name,Mean,Median,Std,Variance,Pct_Above_Mean,Pct_Below_Mean,Coeff_Var,Kurtosis,Skew_Fisher,Skew_Pearson_SK1,Skew_Pearson_SK2,Skew_Galton,Q1,Q3,Min,Max,Min_Minus_Max,RMS,Avg_Dispersion,Entropy,Scaled_Entropy,Pct_Deviation,Mode,Burstiness,Time_Mean,Time_Median,Time_Q1,Time_Q3,DiffTime_Mean,DiffTime_Median,DiffTime_Min,DiffTime_Max,Duration,Hurst_Exponent,Benford_Law,Normal_Dist,Count_Distribution,Count_NZ_Distribution,Time_Distribution,Stationarity,Power_Min,Power_Max,Power_Mean,Power_Std,Power_Mode,Freq_Max_Power,Freq_Min_Power,Spectral_Energy,Spectral_Entropy,Spectral_Centroid,Spectral_Spread,Spectral_Skewness,Spectral_Kurtosis,Spectral_Flatness,Spectral_Rolloff,Spectral_Slope,Spectral_Flux,Periodicity_Spectral,Sig_Spaces,Switching_Ratio,Transients,Count_Zeros,Biggest_Interval,Directions,Periodicity_Time
IOPS_116,3.7224768543175914e-08,-5.7826599025645464e-05,0.030267433089679694,0.0009161175058382373,0.499125,0.500875,791827.7662163422,46.60299115506946,2.234679780732117,10.624467982732472,0.005735255617249547,-0.03509510349091791,-0.01996496687685756,0.01849940261565841,-0.32157534718049874,0.5937250412973754,-0.9153003884778741,0.030267433089702585,0.022094550843894112,1.0554597770574048,0.3466749870629832,0.033068305703382816,-0.32157534718049874,791827.7662163422,3999.5,3999.5,1999.75,5999.25,1.0,1.0,1.0,1.0,7999.0,38.27768244285815,0.001294304290580558,0.0,594.3788136852253,594.3788136852253,0.0,1.246759982435701,4.8834507623836676e-09,0.02362642539567312,0.00018578625048291592,0.0010848931615551794,4.8834507623836676e-09,0.11010020040080161,3.7737675350701405,0.09289312524145796,4.328949453902551,3.6093035396817785,3.084685660814566,0.08685661993072906,1.3796473565625131,0.08676181284980383,6.976973947895792,-0.23026588562748382,0.0002376322264452012,1.0,0,0.946618327290793,28,0,0.9763513685369425,0.5004375546942742,2.8452655735280232
