Dataset_Name,Mean,Median,Std,Variance,Pct_Above_Mean,Pct_Below_Mean,Coeff_Var,Kurtosis,Skew_Fisher,Skew_Pearson_SK1,Skew_Pearson_SK2,Skew_Galton,Q1,Q3,Min,Max,Min_Minus_Max,RMS,Avg_Dispersion,Entropy,Scaled_Entropy,Pct_Deviation,Mode,Burstiness,Time_Mean,Time_Median,Time_Q1,Time_Q3,DiffTime_Mean,DiffTime_Median,DiffTime_Min,DiffTime_Max,Duration,Hurst_Exponent,Benford_Law,Normal_Dist,Count_Distribution,Count_NZ_Distribution,Time_Distribution,Stationarity,Power_Min,Power_Max,Power_Mean,Power_Std,Power_Mode,Freq_Max_Power,Freq_Min_Power,Spectral_Energy,Spectral_Entropy,Spectral_Centroid,Spectral_Spread,Spectral_Skewness,Spectral_Kurtosis,Spectral_Flatness,Spectral_Rolloff,Spectral_Slope,Spectral_Flux,Periodicity_Spectral,Sig_Spaces,Switching_Ratio,Transients,Count_Zeros,Biggest_Interval,Directions,Periodicity_Time
IOPS_241,0.00041399093875452397,-0.0008481615966337008,0.06716216139688196,0.00451075592350082,0.498375,0.501625,162.2306018782305,372.1332644483321,10.96599984379287,15.166423455204342,0.05637783941186001,0.09284035147291082,-0.009423272378055826,0.009482133835206172,-1.018195804139559,2.2211602319382564,-3.2393560360778153,0.06716343731524015,0.016697642697865514,0.16705111708934794,0.05327744385156449,0.020733182962335978,-1.018195804139559,162.2306018782305,3999.5,3999.5,1999.75,5999.25,1.0,1.0,1.0,1.0,7999.0,18.325572762385907,0.07876500774641834,0.0,0.019137799230795838,0.019137799230795838,0.0,0.009913223506450535,1.1255036557052742e-09,0.002353427076080879,0.00023397913572941435,0.00041258290091225635,1.1255036557052742e-09,5.855851703406814,6.916913827655311,0.11698956786470717,5.185445348139598,4.651632477167261,2.763069098614272,-0.27104835602511856,1.7631408376475568,0.10039376214135326,7.457454909819639,-0.1127273069842385,0.000244393649572592,1.0,0,0.9836229528689856,48,0,4.692047721042948,0.49968746093255406,1.1542114057109556
