Dataset_Name,Mean,Median,Std,Variance,Pct_Above_Mean,Pct_Below_Mean,Coeff_Var,Kurtosis,Skew_Fisher,Skew_Pearson_SK1,Skew_Pearson_SK2,Skew_Galton,Q1,Q3,Min,Max,Min_Minus_Max,RMS,Avg_Dispersion,Entropy,Scaled_Entropy,Pct_Deviation,Mode,Burstiness,Time_Mean,Time_Median,Time_Q1,Time_Q3,DiffTime_Mean,DiffTime_Median,DiffTime_Min,DiffTime_Max,Duration,Hurst_Exponent,Benford_Law,Normal_Dist,Count_Distribution,Count_NZ_Distribution,Time_Distribution,Stationarity,Power_Min,Power_Max,Power_Mean,Power_Std,Power_Mode,Freq_Max_Power,Freq_Min_Power,Spectral_Energy,Spectral_Entropy,Spectral_Centroid,Spectral_Spread,Spectral_Skewness,Spectral_Kurtosis,Spectral_Flatness,Spectral_Rolloff,Spectral_Slope,Spectral_Flux,Periodicity_Spectral,Sig_Spaces,Switching_Ratio,Transients,Count_Zeros,Biggest_Interval,Directions,Periodicity_Time
ec2_cpu_utilization_ac20cd,1.9021464977046517e-05,-0.0004922748991198,0.03695907231025,0.0013659730260342886,0.48933531746031744,0.5106646825396826,1942.9170906529052,38.069693362153515,0.624708288339062,12.559341930122036,0.04150236883415419,0.019526299959847816,-0.0166990898207268,0.01636006297593965,-0.4641626176589,0.5231665040440419,-0.9873291217029418,0.03695907720507126,0.022753743774588026,0.912918887344432,0.3158482588042849,0.03743338615300817,-0.4641626176589,1942.9170906529052,2015.5,2015.5,1007.75,3023.25,1.0,1.0,1.0,1.0,4031.0,44.04080127959838,0.000406342715361057,0.0,0.11092335991051809,0.11092335991051809,0.0,0.9188244303094826,3.5204142980469823e-09,0.017949959315339093,0.000523697106414472,0.001374700336372089,3.5204142980469823e-09,1.5715631262525052,4.534529058116233,0.261848553207236,4.736701260075004,4.459673299653589,2.6433207111243355,-0.36351428062951097,1.591463080950845,0.059013222855771756,7.0970941883767535,-0.43103229310329816,0.0005812532509027932,1.0,0,0.4844951624905769,25,0,3.0903838065609612,0.5093029025054554,0.8689484756861762
