Dataset_Name,Mean,Median,Std,Variance,Pct_Above_Mean,Pct_Below_Mean,Coeff_Var,Kurtosis,Skew_Fisher,Skew_Pearson_SK1,Skew_Pearson_SK2,Skew_Galton,Q1,Q3,Min,Max,Min_Minus_Max,RMS,Avg_Dispersion,Entropy,Scaled_Entropy,Pct_Deviation,Mode,Burstiness,Time_Mean,Time_Median,Time_Q1,Time_Q3,DiffTime_Mean,DiffTime_Median,DiffTime_Min,DiffTime_Max,Duration,Hurst_Exponent,Benford_Law,Normal_Dist,Count_Distribution,Count_NZ_Distribution,Time_Distribution,Stationarity,Power_Min,Power_Max,Power_Mean,Power_Std,Power_Mode,Freq_Max_Power,Freq_Min_Power,Spectral_Energy,Spectral_Entropy,Spectral_Centroid,Spectral_Spread,Spectral_Skewness,Spectral_Kurtosis,Spectral_Flatness,Spectral_Rolloff,Spectral_Slope,Spectral_Flux,Periodicity_Spectral,Sig_Spaces,Switching_Ratio,Transients,Count_Zeros,Biggest_Interval,Directions,Periodicity_Time
machine_temperature_system_failure,-4.989455233622441e-05,4.1248228797030606e-05,0.014767545396343344,0.00021808039703306148,0.5031064111037673,0.49689358889623264,-295.9810377266243,1610.9958314354772,-20.971190482568296,77.71438090680549,-0.018515489036653364,0.00810737386758476,-0.00746430142831395,0.00766949322530755,-1.1477006202566855,0.1545725580662704,-1.302273178322956,0.01476762968453009,0.00941142404489728,0.679953471566163,0.20869653904435143,0.01133982149891231,-1.1477006202566855,-295.9810377266243,11347.0,11347.0,5673.5,17020.5,1.0,1.0,1.0,1.0,22694.0,105.14519483934716,0.0008491171532726337,0.0,-0.011240508074853184,-0.011240508074853184,0.0,0.5737215886611181,1.316411538824854e-07,0.0013371467438334783,9.098895945774077e-05,0.0001634342539454822,1.316411538824854e-07,5.515511022044088,1.751743486973948,0.045494479728870385,5.365932341759088,4.458361903223407,2.7579508283733185,-0.2161986924176667,1.812251534018317,0.4415913160766817,7.317314629258517,-0.18283259474347957,8.317759894150001e-05,1.0,0,0.5653476689873727,55,0,1.3634186343969263,0.5014541288446064,0.1819693511412418
