Dataset_Name,Mean,Median,Std,Variance,Pct_Above_Mean,Pct_Below_Mean,Coeff_Var,Kurtosis,Skew_Fisher,Skew_Pearson_SK1,Skew_Pearson_SK2,Skew_Galton,Q1,Q3,Min,Max,Min_Minus_Max,RMS,Avg_Dispersion,Entropy,Scaled_Entropy,Pct_Deviation,Mode,Burstiness,Time_Mean,Time_Median,Time_Q1,Time_Q3,DiffTime_Mean,DiffTime_Median,DiffTime_Min,DiffTime_Max,Duration,Hurst_Exponent,Benford_Law,Normal_Dist,Count_Distribution,Count_NZ_Distribution,Time_Distribution,Stationarity,Power_Min,Power_Max,Power_Mean,Power_Std,Power_Mode,Freq_Max_Power,Freq_Min_Power,Spectral_Energy,Spectral_Entropy,Spectral_Centroid,Spectral_Spread,Spectral_Skewness,Spectral_Kurtosis,Spectral_Flatness,Spectral_Rolloff,Spectral_Slope,Spectral_Flux,Periodicity_Spectral,Sig_Spaces,Switching_Ratio,Transients,Count_Zeros,Biggest_Interval,Directions,Periodicity_Time
IOPS_338,0.026528652583057657,0.09202308810507243,0.21839755005301556,0.04769748986915944,0.507625,0.492375,8.232515433519538,274.103972312632,9.373506084419597,4.399384682474091,-0.8996589275781227,-0.5502155742889446,-0.14615099877753415,0.16112766692255062,-0.9342861882094322,7.932280031175992,-8.866566219385424,0.2200028619746389,0.16373390500332613,0.4802967394178617,0.1531805534274773,0.024631581677119867,-0.9342861882094322,8.232515433519538,3999.5,3999.5,1999.75,5999.25,1.0,1.0,1.0,1.0,7999.0,60.22171470910231,0.03600786920406027,0.0,0.54098551171936,0.54098551171936,0.0,0.7438900786410599,7.073354453117037e-11,0.002047936682098816,0.00012080324205599455,0.0002411403443207026,7.073354453117037e-11,0.8908817635270542,3.693687374749499,0.060401621027997274,5.005831213171291,4.313099851304817,2.837088642555524,-0.1963471255461249,1.596043996524874,0.0893285849964232,7.177174348697395,-0.3575936887695438,0.00011925989839388206,1.0,0,0.9916239529940002,29,0,43.589601280651394,0.5001875234403675,194.84870125681232
