Dataset_Name,Mean,Median,Std,Variance,Pct_Above_Mean,Pct_Below_Mean,Coeff_Var,Kurtosis,Skew_Fisher,Skew_Pearson_SK1,Skew_Pearson_SK2,Skew_Galton,Q1,Q3,Min,Max,Min_Minus_Max,RMS,Avg_Dispersion,Entropy,Scaled_Entropy,Pct_Deviation,Mode,Burstiness,Time_Mean,Time_Median,Time_Q1,Time_Q3,DiffTime_Mean,DiffTime_Median,DiffTime_Min,DiffTime_Max,Duration,Hurst_Exponent,Benford_Law,Normal_Dist,Count_Distribution,Count_NZ_Distribution,Time_Distribution,Stationarity,Power_Min,Power_Max,Power_Mean,Power_Std,Power_Mode,Freq_Max_Power,Freq_Min_Power,Spectral_Energy,Spectral_Entropy,Spectral_Centroid,Spectral_Spread,Spectral_Skewness,Spectral_Kurtosis,Spectral_Flatness,Spectral_Rolloff,Spectral_Slope,Spectral_Flux,Periodicity_Spectral,Sig_Spaces,Switching_Ratio,Transients,Count_Zeros,Biggest_Interval,Directions,Periodicity_Time
Yahoo_A1real_7_data,0.09624993557730221,0.0594533751606523,3.3141582025532834,10.98364459155121,0.46943078004216443,0.5305692199578356,34.43283518313333,825.1791382406043,25.12745401055041,3.1770767198022436,0.03330851289223163,-0.19166739568880503,-0.1369566632590531,0.19268236023767216,-10.43308493867346,109.2632203244143,-119.69630526308777,3.315555555506475,0.7822794067174498,0.3891562105943784,0.12782175806776208,0.027688057665950557,-10.43308493867346,34.43283518313333,711.0,711.0,355.5,1066.5,1.0,1.0,1.0,1.0,1422.0,32.904583147676256,0.004792049144265044,0.0,0.13079875515141615,0.13079875515141615,0.0,0.22144687146478728,4.9944583059466846e-05,0.018430739318763007,0.0013752324212736443,0.0013688644501692788,4.9944583059466846e-05,0.09008016032064128,6.656653306613227,0.6876162106368222,5.984291174554114,4.816738917179923,2.904310961135747,-0.11807665983858477,1.8489571620232386,0.8469372891064192,8.038036072144289,-0.08267612025319052,0.000713897208635942,1.0,0,0.8523206751048858,1,0,135.8868136849212,0.4957805907169509,2067.931661041401
