Dataset_Name,Mean,Median,Std,Variance,Pct_Above_Mean,Pct_Below_Mean,Coeff_Var,Kurtosis,Skew_Fisher,Skew_Pearson_SK1,Skew_Pearson_SK2,Skew_Galton,Q1,Q3,Min,Max,Min_Minus_Max,RMS,Avg_Dispersion,Entropy,Scaled_Entropy,Pct_Deviation,Mode,Burstiness,Time_Mean,Time_Median,Time_Q1,Time_Q3,DiffTime_Mean,DiffTime_Median,DiffTime_Min,DiffTime_Max,Duration,Hurst_Exponent,Benford_Law,Normal_Dist,Count_Distribution,Count_NZ_Distribution,Time_Distribution,Stationarity,Power_Min,Power_Max,Power_Mean,Power_Std,Power_Mode,Freq_Max_Power,Freq_Min_Power,Spectral_Energy,Spectral_Entropy,Spectral_Centroid,Spectral_Spread,Spectral_Skewness,Spectral_Kurtosis,Spectral_Flatness,Spectral_Rolloff,Spectral_Slope,Spectral_Flux,Periodicity_Spectral,Sig_Spaces,Switching_Ratio,Transients,Count_Zeros,Biggest_Interval,Directions,Periodicity_Time
Yahoo_A1real_10_data,-3.633480908850594e-05,7.5040040988128e-05,0.008984148718595866,8.071492819784774e-05,0.5031271716469771,0.49687282835302293,-247.26691046103304,-0.22282091994813502,-0.08276847020272159,5.817417439172377,-0.03719044769905307,-0.005770124422152744,-0.007390009999755649,0.00745443577685285,-0.0523008840581837,0.0251503873392113,-0.077451271397395,0.008984222193167267,0.007753123598030965,1.778323629870912,0.6933172477672445,0.11599743219839007,-0.0523008840581837,-247.26691046103304,719.0,719.0,359.5,1078.5,1.0,1.0,1.0,1.0,1438.0,11.842455395409162,0.0021823327064289704,0.07745848587346756,0.8500153049714099,0.8500153049714099,0.0,0.906245047212415,6.01808680217202e-08,0.035599957641371506,0.0004960648891610926,0.0019965329914134627,6.01808680217202e-08,9.419418837675352,6.116112224448898,0.24803244458054627,4.575795350350414,5.521636905035314,3.005312731212338,-0.3146831864300299,1.9523161385513301,0.22377909781657077,9.419418837675352,-0.18252899008140425,0.0005666791223072021,1.0,0,0.997913769123089,0,0,0.0808515327348522,0.5006954102917242,0.08564966615165089
