Dataset_Name,Mean,Median,Std,Variance,Pct_Above_Mean,Pct_Below_Mean,Coeff_Var,Kurtosis,Skew_Fisher,Skew_Pearson_SK1,Skew_Pearson_SK2,Skew_Galton,Q1,Q3,Min,Max,Min_Minus_Max,RMS,Avg_Dispersion,Entropy,Scaled_Entropy,Pct_Deviation,Mode,Burstiness,Time_Mean,Time_Median,Time_Q1,Time_Q3,DiffTime_Mean,DiffTime_Median,DiffTime_Min,DiffTime_Max,Duration,Hurst_Exponent,Benford_Law,Normal_Dist,Count_Distribution,Count_NZ_Distribution,Time_Distribution,Stationarity,Power_Min,Power_Max,Power_Mean,Power_Std,Power_Mode,Freq_Max_Power,Freq_Min_Power,Spectral_Energy,Spectral_Entropy,Spectral_Centroid,Spectral_Spread,Spectral_Skewness,Spectral_Kurtosis,Spectral_Flatness,Spectral_Rolloff,Spectral_Slope,Spectral_Flux,Periodicity_Spectral,Sig_Spaces,Switching_Ratio,Transients,Count_Zeros,Biggest_Interval,Directions,Periodicity_Time
IOPS_393,1.1440267076904709e-05,0.0008924097342273285,0.12567993709710235,0.0157954465887316,0.501625,0.498375,10984.791828765128,8.874310208690032,-0.5781188945701254,13.929753481434576,-0.021028880515594445,-0.01175498165520719,-0.10254311790376036,0.10192442514286171,-1.7506791149875163,1.134264970199581,-2.8849440851870973,0.1256799376177889,0.10649734292731898,1.2293567969269654,0.4175181775570277,0.04356408073863502,-1.7506791149875163,10984.791828765128,3999.5,3999.5,1999.75,5999.25,1.0,1.0,1.0,1.0,7999.0,39.16645699648033,0.00629140402128753,0.0,-14.008084814391667,-14.008084814391667,0.0,1.0733293924075238,9.397378552659363e-10,0.001685017296540226,8.652838251420314e-05,0.00017786418221545504,9.397378552659363e-10,5.715711422845692,8.798797595190381,0.04326419125710157,4.984043472112858,4.914030349331734,2.6718019850517085,-0.5130661800781923,2.023108390045502,0.09767589566882855,7.457454909819639,-0.19067696737596518,9.809719877470871e-05,1.0,0,0.9906238279783735,10,0,4.979257670284852,0.5006875859481809,80.7427156462306
