Dataset_Name,Mean,Median,Std,Variance,Pct_Above_Mean,Pct_Below_Mean,Coeff_Var,Kurtosis,Skew_Fisher,Skew_Pearson_SK1,Skew_Pearson_SK2,Skew_Galton,Q1,Q3,Min,Max,Min_Minus_Max,RMS,Avg_Dispersion,Entropy,Scaled_Entropy,Pct_Deviation,Mode,Burstiness,Time_Mean,Time_Median,Time_Q1,Time_Q3,DiffTime_Mean,DiffTime_Median,DiffTime_Min,DiffTime_Max,Duration,Hurst_Exponent,Benford_Law,Normal_Dist,Count_Distribution,Count_NZ_Distribution,Time_Distribution,Stationarity,Power_Min,Power_Max,Power_Mean,Power_Std,Power_Mode,Freq_Max_Power,Freq_Min_Power,Spectral_Energy,Spectral_Entropy,Spectral_Centroid,Spectral_Spread,Spectral_Skewness,Spectral_Kurtosis,Spectral_Flatness,Spectral_Rolloff,Spectral_Slope,Spectral_Flux,Periodicity_Spectral,Sig_Spaces,Switching_Ratio,Transients,Count_Zeros,Biggest_Interval,Directions,Periodicity_Time
Yahoo_A1real_17_data,0.10618541638632296,-0.15737126486652642,7.3746904035716785,54.386058548532205,0.4705056179775281,0.5294943820224719,69.45106574042212,4.638922743402666,0.6136355184885536,4.052876454370127,0.10721399819962614,0.009174983713310835,-3.3620501516228103,3.106657913038361,-29.782523682571536,40.14464242568829,-69.92716610825983,7.375454826055498,4.9348351027432384,1.751252210487081,0.6466838056132105,0.1054624520611756,-29.782523682571536,69.45106574042212,711.5,711.5,355.75,1067.25,1.0,1.0,1.0,1.0,1423.0,25.680634818714655,8.646411338193809e-05,4.783946413689937e-51,0.35825157968832394,0.35825157968832394,0.0,0.14707731961911552,2.9198867079055934e-08,0.036931920998134145,0.001454193605577899,0.0038812159362146778,2.9198867079055934e-08,6.676673346693387,0.6706613226452907,0.7270968027889495,4.7039220322413104,4.640359201381071,2.7490967482109614,-0.6645481894707307,1.8390286330995036,0.09424641853921095,6.696693386773547,-0.42835643416233327,0.00133531883303369,1.0,0,0.770906535487863,22,0,275.6652819703695,0.5003513703439914,1024.797369881378
