Dataset_Name,Mean,Median,Std,Variance,Pct_Above_Mean,Pct_Below_Mean,Coeff_Var,Kurtosis,Skew_Fisher,Skew_Pearson_SK1,Skew_Pearson_SK2,Skew_Galton,Q1,Q3,Min,Max,Min_Minus_Max,RMS,Avg_Dispersion,Entropy,Scaled_Entropy,Pct_Deviation,Mode,Burstiness,Time_Mean,Time_Median,Time_Q1,Time_Q3,DiffTime_Mean,DiffTime_Median,DiffTime_Min,DiffTime_Max,Duration,Hurst_Exponent,Benford_Law,Normal_Dist,Count_Distribution,Count_NZ_Distribution,Time_Distribution,Stationarity,Power_Min,Power_Max,Power_Mean,Power_Std,Power_Mode,Freq_Max_Power,Freq_Min_Power,Spectral_Energy,Spectral_Entropy,Spectral_Centroid,Spectral_Spread,Spectral_Skewness,Spectral_Kurtosis,Spectral_Flatness,Spectral_Rolloff,Spectral_Slope,Spectral_Flux,Periodicity_Spectral,Sig_Spaces,Switching_Ratio,Transients,Count_Zeros,Biggest_Interval,Directions,Periodicity_Time
Yahoo_A1real_31_data,0.17893006898247998,0.0382630884434647,5.981481933039935,35.77812611528315,0.263489838822705,0.7365101611772951,33.42915997085126,1253.806218015522,34.334359180147985,2.135099706183739,0.07055123567547472,-0.037333261429722035,-0.13207763015036275,0.19634280117830372,-12.592130250929529,219.0675793011692,-231.65970955209872,5.984157591914607,0.7652907801962844,0.21201652678063387,0.06963868095829605,0.025820121870043698,-12.592130250929529,33.42915997085126,713.0,713.0,356.5,1069.5,1.0,1.0,1.0,1.0,1426.0,40.425174516856366,0.00012778333350675844,0.0,0.04288664981183261,0.04288664981183261,0.0,0.001305500784374977,3.027153536380655e-05,0.005948681666849872,0.001397253490678326,0.0005298680357644887,3.027153536380655e-05,0.07006012024048096,6.396392785571143,0.698626745339163,6.158719387615312,4.978604989430179,2.891125503505917,-0.03121553652164987,1.8225222546657578,0.9436832196326063,8.438436873747495,-0.010244177440308509,0.0003940142553093883,1.0,0,0.551192145862166,1,0,189.01650007448825,0.5175315568018811,1662.9335649033528
