Dataset_Name,Mean,Median,Std,Variance,Pct_Above_Mean,Pct_Below_Mean,Coeff_Var,Kurtosis,Skew_Fisher,Skew_Pearson_SK1,Skew_Pearson_SK2,Skew_Galton,Q1,Q3,Min,Max,Min_Minus_Max,RMS,Avg_Dispersion,Entropy,Scaled_Entropy,Pct_Deviation,Mode,Burstiness,Time_Mean,Time_Median,Time_Q1,Time_Q3,DiffTime_Mean,DiffTime_Median,DiffTime_Min,DiffTime_Max,Duration,Hurst_Exponent,Benford_Law,Normal_Dist,Count_Distribution,Count_NZ_Distribution,Time_Distribution,Stationarity,Power_Min,Power_Max,Power_Mean,Power_Std,Power_Mode,Freq_Max_Power,Freq_Min_Power,Spectral_Energy,Spectral_Entropy,Spectral_Centroid,Spectral_Spread,Spectral_Skewness,Spectral_Kurtosis,Spectral_Flatness,Spectral_Rolloff,Spectral_Slope,Spectral_Flux,Periodicity_Spectral,Sig_Spaces,Switching_Ratio,Transients,Count_Zeros,Biggest_Interval,Directions,Periodicity_Time
IOPS_11,7.46080851569583e-07,-5.98847241511935e-06,0.00011651078558988501,1.3574763158772155e-08,0.4685792349726776,0.5314207650273224,155.9547207576009,76.04834025846328,2.7528312298741113,9.92102180429732,0.17340443027096464,0.04063482388572116,-6.61544397259576e-05,5.927431071491365e-05,-0.001155169884443294,0.0032575319982441897,-0.004412701882687484,0.00011651317434268638,8.216432413539103e-05,0.8408608849516872,0.2761881056472892,0.026403496606806673,-0.001155169884443294,155.9547207576009,4391.5,4391.5,2195.75,6587.25,1.0,1.0,1.0,1.0,8783.0,43.114400207127595,0.0003266890454857092,0.0,0.5094651237707786,0.5094651237707786,0.0,0.7435600830584351,7.829719460162531e-10,0.012437110095679053,0.000241661872599419,0.0008027806908871365,7.829719460162531e-10,6.19619238476954,3.5535470941883767,0.1208309362997095,4.623609336921298,4.582171430395387,2.564177291063694,-0.44827243081863244,1.8029871882373367,0.06844514615252394,7.217214428857716,-0.33453620887823693,0.0002772153704079574,1.0,0,0.6046908801092332,45,0,0.0029480820762075,0.49937379027661394,-3.261783988894385e-06
