Dataset_Name,Mean,Median,Std,Variance,Pct_Above_Mean,Pct_Below_Mean,Coeff_Var,Kurtosis,Skew_Fisher,Skew_Pearson_SK1,Skew_Pearson_SK2,Skew_Galton,Q1,Q3,Min,Max,Min_Minus_Max,RMS,Avg_Dispersion,Entropy,Scaled_Entropy,Pct_Deviation,Mode,Burstiness,Time_Mean,Time_Median,Time_Q1,Time_Q3,DiffTime_Mean,DiffTime_Median,DiffTime_Min,DiffTime_Max,Duration,Hurst_Exponent,Benford_Law,Normal_Dist,Count_Distribution,Count_NZ_Distribution,Time_Distribution,Stationarity,Power_Min,Power_Max,Power_Mean,Power_Std,Power_Mode,Freq_Max_Power,Freq_Min_Power,Spectral_Energy,Spectral_Entropy,Spectral_Centroid,Spectral_Spread,Spectral_Skewness,Spectral_Kurtosis,Spectral_Flatness,Spectral_Rolloff,Spectral_Slope,Spectral_Flux,Periodicity_Spectral,Sig_Spaces,Switching_Ratio,Transients,Count_Zeros,Biggest_Interval,Directions,Periodicity_Time
Yahoo_A1real_4_data,0.08736558452034807,0.1163195269184598,5.396125239559415,29.118167601010146,0.5045678144764582,0.4954321855235418,61.764883820330134,112.40223893886727,2.958034505927052,13.378382388161882,-0.016097073978462786,-0.031876296464623685,-0.7672281961741128,0.9452788671314654,-72.10406129809553,89.019998178268,-161.12405947636353,5.396832436380505,1.7939032952076346,0.8239047539747968,0.2850514821973789,0.033490499538447405,-72.10406129809553,61.764883820330134,711.0,711.0,355.5,1066.5,1.0,1.0,1.0,1.0,1422.0,18.318362787428157,0.0011775528810125488,3.0649336113516865e-270,0.5925068813349417,0.5925068813349417,0.0,0.05461458403285783,3.362272522471358e-07,0.021736278629583227,0.0012845231974212285,0.0024440580932587027,3.362272522471358e-07,7.957955911823648,3.0530460921843687,0.6422615987106143,5.238991440820005,4.6867729247490475,2.687181377670993,-0.25986517764052014,1.6352194606156287,0.2543342901463867,7.937935871743488,-0.29198481667821014,0.0006402053181250901,1.0,0,0.8874824191273647,13,0,130.56363770090314,0.4957805907169509,12221.457615437565
