Dataset_Name,Mean,Median,Std,Variance,Pct_Above_Mean,Pct_Below_Mean,Coeff_Var,Kurtosis,Skew_Fisher,Skew_Pearson_SK1,Skew_Pearson_SK2,Skew_Galton,Q1,Q3,Min,Max,Min_Minus_Max,RMS,Avg_Dispersion,Entropy,Scaled_Entropy,Pct_Deviation,Mode,Burstiness,Time_Mean,Time_Median,Time_Q1,Time_Q3,DiffTime_Mean,DiffTime_Median,DiffTime_Min,DiffTime_Max,Duration,Hurst_Exponent,Benford_Law,Normal_Dist,Count_Distribution,Count_NZ_Distribution,Time_Distribution,Stationarity,Power_Min,Power_Max,Power_Mean,Power_Std,Power_Mode,Freq_Max_Power,Freq_Min_Power,Spectral_Energy,Spectral_Entropy,Spectral_Centroid,Spectral_Spread,Spectral_Skewness,Spectral_Kurtosis,Spectral_Flatness,Spectral_Rolloff,Spectral_Slope,Spectral_Flux,Periodicity_Spectral,Sig_Spaces,Switching_Ratio,Transients,Count_Zeros,Biggest_Interval,Directions,Periodicity_Time
Yahoo_A1real_38_data,-4.583790835486574,-9.139921415015124,474.65298053240434,225295.45192829502,0.4989488437281009,0.5010511562718991,-103.55031406784725,29.420578293769367,-2.343822787601957,13.835763514354522,0.02879659940874156,0.08694407156384372,-257.9381559966132,287.041021801997,-6571.77018087919,1970.3053844028616,-8542.075565282052,474.6751131739672,340.2321423021537,1.2896372672875218,0.4551853708926862,0.05556646940253052,-6571.77018087919,-103.55031406784725,713.0,713.0,356.5,1069.5,1.0,1.0,1.0,1.0,1426.0,42.91431205334147,0.0011116819641086497,6.413140440752762e-203,0.5457793796791175,0.5457793796791175,0.0,0.854769937785417,1.5615579132273563e-06,0.0679183039671434,0.0011556662802370474,0.004610397714573584,1.5615579132273563e-06,6.3563527054108215,2.752745490981964,0.5778331401185237,4.684465337671993,4.842567469040091,2.814950422536604,-0.48742263008290926,2.084651187299498,0.3136056404130721,7.037034068136273,-0.16461805566449608,0.0015227974868530923,1.0,0,0.9628330995785674,7,0,11521.259728050267,0.5056100981763635,171597773.62102786
