Dataset_Name,Mean,Median,Std,Variance,Pct_Above_Mean,Pct_Below_Mean,Coeff_Var,Kurtosis,Skew_Fisher,Skew_Pearson_SK1,Skew_Pearson_SK2,Skew_Galton,Q1,Q3,Min,Max,Min_Minus_Max,RMS,Avg_Dispersion,Entropy,Scaled_Entropy,Pct_Deviation,Mode,Burstiness,Time_Mean,Time_Median,Time_Q1,Time_Q3,DiffTime_Mean,DiffTime_Median,DiffTime_Min,DiffTime_Max,Duration,Hurst_Exponent,Benford_Law,Normal_Dist,Count_Distribution,Count_NZ_Distribution,Time_Distribution,Stationarity,Power_Min,Power_Max,Power_Mean,Power_Std,Power_Mode,Freq_Max_Power,Freq_Min_Power,Spectral_Energy,Spectral_Entropy,Spectral_Centroid,Spectral_Spread,Spectral_Skewness,Spectral_Kurtosis,Spectral_Flatness,Spectral_Rolloff,Spectral_Slope,Spectral_Flux,Periodicity_Spectral,Sig_Spaces,Switching_Ratio,Transients,Count_Zeros,Biggest_Interval,Directions,Periodicity_Time
Yahoo_A1real_26_data,-0.05859321579683867,-0.0571753764452296,2.7832076789528704,7.7462449841822245,0.5003484320557491,0.49965156794425086,-47.50051159683144,591.1344867461917,-19.414049247856994,30.37906060299298,-0.0015282790736260196,0.011839338968291434,-1.147201608603325,1.058970474843008,-84.60982799580057,7.245948183885503,-91.85577617968607,2.7838243746902633,1.379387647518953,0.46738557409751125,0.15601713746836615,0.03029975680003102,-84.60982799580057,-47.50051159683144,717.0,717.0,358.5,1075.5,1.0,1.0,1.0,1.0,1434.0,16.90450155417592,0.003474588127694486,0.0,-0.07014424423886419,-0.07014424423886419,0.0,0.258028415013403,4.793278244366996e-05,0.01085993508982425,0.0012540753340064073,0.0012375812470863429,4.793278244366996e-05,7.49749498997996,7.197194388777556,0.6270376670032036,5.913324754119415,4.777204474537044,2.9592039196227176,-0.007500746652383485,1.6975934791700815,0.7690757130385787,8.13813627254509,-0.043951924293272535,0.000817457972336524,1.0,0,0.9079497907943459,0,0,23.748036910740915,0.5006973500693859,1157.3161225137821
