Dataset_Name,Mean,Median,Std,Variance,Pct_Above_Mean,Pct_Below_Mean,Coeff_Var,Kurtosis,Skew_Fisher,Skew_Pearson_SK1,Skew_Pearson_SK2,Skew_Galton,Q1,Q3,Min,Max,Min_Minus_Max,RMS,Avg_Dispersion,Entropy,Scaled_Entropy,Pct_Deviation,Mode,Burstiness,Time_Mean,Time_Median,Time_Q1,Time_Q3,DiffTime_Mean,DiffTime_Median,DiffTime_Min,DiffTime_Max,Duration,Hurst_Exponent,Benford_Law,Normal_Dist,Count_Distribution,Count_NZ_Distribution,Time_Distribution,Stationarity,Power_Min,Power_Max,Power_Mean,Power_Std,Power_Mode,Freq_Max_Power,Freq_Min_Power,Spectral_Energy,Spectral_Entropy,Spectral_Centroid,Spectral_Spread,Spectral_Skewness,Spectral_Kurtosis,Spectral_Flatness,Spectral_Rolloff,Spectral_Slope,Spectral_Flux,Periodicity_Spectral,Sig_Spaces,Switching_Ratio,Transients,Count_Zeros,Biggest_Interval,Directions,Periodicity_Time
Yahoo_A1real_48_data,0.0257904135204677,-0.9331818327068504,18.10441593643902,327.7698763995871,0.4864489228630994,0.5135510771369006,701.9823555790875,13.576623764170964,1.6903169701150518,3.8865190804885854,0.15890690694598084,0.11642736691719928,-6.920954066989907,6.63259435709341,-70.33736756843791,168.6210665205872,-238.9584340890251,18.1044343061311,11.262072906058735,1.3815679954313715,0.4876328843509519,0.07576387083963887,-70.33736756843791,701.9823555790875,719.0,719.0,359.5,1078.5,1.0,1.0,1.0,1.0,1438.0,12.844263051837096,0.007075005331593978,1.9507349347585704e-144,0.5533939651510605,0.5533939651510605,0.0,11.70203411619305,7.480609871723854e-08,0.03124457407444184,0.0012335402486242303,0.0029773319550580515,7.480609871723854e-08,0.7307214428857716,9.879879759519039,0.6167701243121152,4.926253555689534,4.489092527159282,2.741330209826204,-0.2658679091274218,1.6500643069973777,0.14145094743110254,7.137134268537075,-0.20458976055863587,0.0013466749076151102,1.0,0,0.8769123783025891,23,0,308.2589606313684,0.49860917941550864,-85445.76664626288
