Dataset_Name,Mean,Median,Std,Variance,Pct_Above_Mean,Pct_Below_Mean,Coeff_Var,Kurtosis,Skew_Fisher,Skew_Pearson_SK1,Skew_Pearson_SK2,Skew_Galton,Q1,Q3,Min,Max,Min_Minus_Max,RMS,Avg_Dispersion,Entropy,Scaled_Entropy,Pct_Deviation,Mode,Burstiness,Time_Mean,Time_Median,Time_Q1,Time_Q3,DiffTime_Mean,DiffTime_Median,DiffTime_Min,DiffTime_Max,Duration,Hurst_Exponent,Benford_Law,Normal_Dist,Count_Distribution,Count_NZ_Distribution,Time_Distribution,Stationarity,Power_Min,Power_Max,Power_Mean,Power_Std,Power_Mode,Freq_Max_Power,Freq_Min_Power,Spectral_Energy,Spectral_Entropy,Spectral_Centroid,Spectral_Spread,Spectral_Skewness,Spectral_Kurtosis,Spectral_Flatness,Spectral_Rolloff,Spectral_Slope,Spectral_Flux,Periodicity_Spectral,Sig_Spaces,Switching_Ratio,Transients,Count_Zeros,Biggest_Interval,Directions,Periodicity_Time
IOPS_199,1.9382934250794515e-07,-0.00010015886873859792,0.005301530352481328,2.8106224078280794e-05,0.496625,0.503375,27211.149430764675,-0.6413653332820881,0.08834916631500195,2.777060910187275,0.056787006286855284,0.020826554670699344,-0.004480807103985018,0.004466838007421092,-0.014722481653765662,0.036916219181611254,-0.051638700835376916,0.005301530356024627,0.004604589026682903,1.922148906203763,0.678434227185113,0.10266583326169766,-0.014722481653765662,27211.149430764675,3999.5,3999.5,1999.75,5999.25,1.0,1.0,1.0,1.0,7999.0,20.684905658014486,0.004647927157523287,9.24579134107278e-72,5.512088927282174,5.512088927282174,0.0,1.0196326071114026,6.97281811363472e-10,0.0017289465754527626,6.679161844992925e-05,0.00016422368461800488,6.97281811363472e-10,5.855851703406814,6.056052104208417,0.03339580922496463,4.797602913978639,5.0115626093614845,2.6800263508131312,-0.5360367635720361,2.1274809298880126,0.08740289234268006,7.637635270541082,-0.234201075138043,7.512148972355084e-05,1.0,0,0.998624828103388,2,0,0.08487202498885482,0.5001875234403675,0.16718895929043084
