Dataset_Name,Mean,Median,Std,Variance,Pct_Above_Mean,Pct_Below_Mean,Coeff_Var,Kurtosis,Skew_Fisher,Skew_Pearson_SK1,Skew_Pearson_SK2,Skew_Galton,Q1,Q3,Min,Max,Min_Minus_Max,RMS,Avg_Dispersion,Entropy,Scaled_Entropy,Pct_Deviation,Mode,Burstiness,Time_Mean,Time_Median,Time_Q1,Time_Q3,DiffTime_Mean,DiffTime_Median,DiffTime_Min,DiffTime_Max,Duration,Hurst_Exponent,Benford_Law,Normal_Dist,Count_Distribution,Count_NZ_Distribution,Time_Distribution,Stationarity,Power_Min,Power_Max,Power_Mean,Power_Std,Power_Mode,Freq_Max_Power,Freq_Min_Power,Spectral_Energy,Spectral_Entropy,Spectral_Centroid,Spectral_Spread,Spectral_Skewness,Spectral_Kurtosis,Spectral_Flatness,Spectral_Rolloff,Spectral_Slope,Spectral_Flux,Periodicity_Spectral,Sig_Spaces,Switching_Ratio,Transients,Count_Zeros,Biggest_Interval,Directions,Periodicity_Time
rogue_agent_key_hold,2.519049724924723e-06,-2.6068464772356637e-05,0.0006148041683929875,3.779841654733929e-07,0.4861849096705632,0.5138150903294367,243.96509414565318,26.28819723954484,2.533306395080756,4.0232164865996225,0.13949548231029849,0.04797842329405154,-0.0002883812908371,0.00026268363557259997,-0.0024709752398004,0.0074251799460073,-0.0098961551858077,0.0006148093290483722,0.0004140246326098939,1.377789263255854,0.47668237105320765,0.062125552269950236,-0.0024709752398004,243.96509414565318,940.5,940.5,470.25,1410.75,1.0,1.0,1.0,1.0,1881.0,22.543251574473807,0.0032229505062790036,5.880440386422591e-273,0.49993342411604536,0.49993342411604536,0.0,0.8537012387704445,1.6808797218495506e-07,0.015165759594409989,0.0008521629201838566,0.0018534845124671467,1.6808797218495506e-07,1.0310220440881765,3.4734669338677353,0.42608146009192827,4.931290509457703,4.5969427587924345,2.764289749318514,-0.31584192713718584,1.8145683029094362,0.1191522073189622,7.317314629258517,-0.25452293667274023,0.0009215190549787119,1.0,0,0.8559276980325061,17,0,0.011360428438972557,0.49335459861749426,4.534884589243362e-05
