Dataset_Name,Mean,Median,Std,Variance,Pct_Above_Mean,Pct_Below_Mean,Coeff_Var,Kurtosis,Skew_Fisher,Skew_Pearson_SK1,Skew_Pearson_SK2,Skew_Galton,Q1,Q3,Min,Max,Min_Minus_Max,RMS,Avg_Dispersion,Entropy,Scaled_Entropy,Pct_Deviation,Mode,Burstiness,Time_Mean,Time_Median,Time_Q1,Time_Q3,DiffTime_Mean,DiffTime_Median,DiffTime_Min,DiffTime_Max,Duration,Hurst_Exponent,Benford_Law,Normal_Dist,Count_Distribution,Count_NZ_Distribution,Time_Distribution,Stationarity,Power_Min,Power_Max,Power_Mean,Power_Std,Power_Mode,Freq_Max_Power,Freq_Min_Power,Spectral_Energy,Spectral_Entropy,Spectral_Centroid,Spectral_Spread,Spectral_Skewness,Spectral_Kurtosis,Spectral_Flatness,Spectral_Rolloff,Spectral_Slope,Spectral_Flux,Periodicity_Spectral,Sig_Spaces,Switching_Ratio,Transients,Count_Zeros,Biggest_Interval,Directions,Periodicity_Time
Yahoo_A1real_66_data,0.11020162226259854,0.06544278925522595,1.3979633845299309,1.9543016244863796,0.4473314606741573,0.5526685393258427,12.68550628513643,28.642076712580476,2.629424177287298,6.147691976855113,0.09605151351744243,-0.12789491265402644,-0.15805343702973979,0.23825338856824768,-8.484046666896969,13.943980398698386,-22.428027065595355,1.4023002610124866,0.5401087125654389,0.5978891612626586,0.2110286407855372,0.06233109048687028,-8.484046666896969,12.68550628513643,711.5,711.5,355.75,1067.25,1.0,1.0,1.0,1.0,1423.0,19.066228903410515,0.0013093205165857482,1.0714131644409636e-215,0.15307879025152255,0.15307879025152255,0.0,0.01660129623860252,4.233716191679703e-08,0.02652583049939846,0.0013055983971815067,0.0030071406466709617,4.233716191679703e-08,6.416412825651303,9.499498997995993,0.6527991985907533,4.916198809509389,4.403332283074438,2.78779148342113,-0.5056898308124129,1.5999301860230069,0.13117871382665192,6.89689378757515,-0.457597627534794,0.001199024933251652,1.0,0,0.8229093464505812,25,0,100.85787205402326,0.4954321855231937,473.89874789522946
