Dataset_Name,Mean,Median,Std,Variance,Pct_Above_Mean,Pct_Below_Mean,Coeff_Var,Kurtosis,Skew_Fisher,Skew_Pearson_SK1,Skew_Pearson_SK2,Skew_Galton,Q1,Q3,Min,Max,Min_Minus_Max,RMS,Avg_Dispersion,Entropy,Scaled_Entropy,Pct_Deviation,Mode,Burstiness,Time_Mean,Time_Median,Time_Q1,Time_Q3,DiffTime_Mean,DiffTime_Median,DiffTime_Min,DiffTime_Max,Duration,Hurst_Exponent,Benford_Law,Normal_Dist,Count_Distribution,Count_NZ_Distribution,Time_Distribution,Stationarity,Power_Min,Power_Max,Power_Mean,Power_Std,Power_Mode,Freq_Max_Power,Freq_Min_Power,Spectral_Energy,Spectral_Entropy,Spectral_Centroid,Spectral_Spread,Spectral_Skewness,Spectral_Kurtosis,Spectral_Flatness,Spectral_Rolloff,Spectral_Slope,Spectral_Flux,Periodicity_Spectral,Sig_Spaces,Switching_Ratio,Transients,Count_Zeros,Biggest_Interval,Directions,Periodicity_Time
Yahoo_A1real_61_data,0.21467461874318436,0.3420847106876508,8.49231277391519,72.1193762500031,0.5003469812630118,0.4996530187369882,39.5589976312736,1160.0379757814176,32.3170754783132,0.6687254349702707,-0.04500897293402109,-0.14088126314722138,-2.60382713641938,2.560447082459512,-5.464350935565562,305.7694891827565,-311.23384011832206,8.495025688126885,2.7925745526570176,0.005746439331505217,0.001887468214527174,0.027285955700252176,-5.464350935565562,39.5589976312736,720.0,720.0,360.0,1080.0,1.0,1.0,1.0,1.0,1440.0,11.513482462900477,0.02708242540619092,0.0,-0.018664172985826094,-0.018664172985826094,0.0,0.04944723559045545,0.000443339116549064,0.009369554928066287,0.0012730671867709424,0.00042537464817378267,0.000443339116549064,9.419418837675352,6.376372745490983,0.6365335933854712,6.184189487384998,5.074811667227681,2.912617379956032,-0.024946335369307775,1.7929885335848323,0.9782310345154596,8.618617234468939,0.005941393537916714,0.00019319891873178493,1.0,0,0.9993055555548616,1,0,305.59756423633166,0.4999999999996528,11644.183563659282
