Dataset_Name,Mean,Median,Std,Variance,Pct_Above_Mean,Pct_Below_Mean,Coeff_Var,Kurtosis,Skew_Fisher,Skew_Pearson_SK1,Skew_Pearson_SK2,Skew_Galton,Q1,Q3,Min,Max,Min_Minus_Max,RMS,Avg_Dispersion,Entropy,Scaled_Entropy,Pct_Deviation,Mode,Burstiness,Time_Mean,Time_Median,Time_Q1,Time_Q3,DiffTime_Mean,DiffTime_Median,DiffTime_Min,DiffTime_Max,Duration,Hurst_Exponent,Benford_Law,Normal_Dist,Count_Distribution,Count_NZ_Distribution,Time_Distribution,Stationarity,Power_Min,Power_Max,Power_Mean,Power_Std,Power_Mode,Freq_Max_Power,Freq_Min_Power,Spectral_Energy,Spectral_Entropy,Spectral_Centroid,Spectral_Spread,Spectral_Skewness,Spectral_Kurtosis,Spectral_Flatness,Spectral_Rolloff,Spectral_Slope,Spectral_Flux,Periodicity_Spectral,Sig_Spaces,Switching_Ratio,Transients,Count_Zeros,Biggest_Interval,Directions,Periodicity_Time
Yahoo_A1real_5_data,0.014498051438395571,2.354977295900426,49.49661227676106,2449.914626876014,0.5010423905489924,0.49895760945100764,3414.018019805053,21.552519192626097,1.4120265006239436,5.937733297130512,-0.1418569354602242,-0.0702914744086386,-44.00211517021319,42.62305857825913,-293.88318476538234,659.3829641569755,-953.2661489223578,49.49661440007296,44.50046726041418,1.1048973618642015,0.389980289974343,0.05192318255784468,-293.88318476538234,3414.018019805053,719.0,719.0,359.5,1078.5,1.0,1.0,1.0,1.0,1438.0,10.797177910565205,0.033916677107875,5.600935024902805e-144,-1.1079557744386923,-1.1079557744386923,0.0,1.5475776413008044,1.0131107542952726e-07,0.03570566444011567,0.00046019404265548443,0.0019016277710866667,1.0131107542952726e-07,9.419418837675352,1.4114028056112227,0.2300970213277422,4.649611475672101,5.5024609167961955,3.1254415267165427,-0.27875604230027673,1.8025972079472719,0.14659921295286904,9.419418837675352,-0.16952480319218835,0.0004414614511164121,1.0,0,0.9909596662023706,2,0,712.6739620231297,0.49930458970758046,2740338.3598614754
