Dataset_Name,Mean,Median,Std,Variance,Pct_Above_Mean,Pct_Below_Mean,Coeff_Var,Kurtosis,Skew_Fisher,Skew_Pearson_SK1,Skew_Pearson_SK2,Skew_Galton,Q1,Q3,Min,Max,Min_Minus_Max,RMS,Avg_Dispersion,Entropy,Scaled_Entropy,Pct_Deviation,Mode,Burstiness,Time_Mean,Time_Median,Time_Q1,Time_Q3,DiffTime_Mean,DiffTime_Median,DiffTime_Min,DiffTime_Max,Duration,Hurst_Exponent,Benford_Law,Normal_Dist,Count_Distribution,Count_NZ_Distribution,Time_Distribution,Stationarity,Power_Min,Power_Max,Power_Mean,Power_Std,Power_Mode,Freq_Max_Power,Freq_Min_Power,Spectral_Energy,Spectral_Entropy,Spectral_Centroid,Spectral_Spread,Spectral_Skewness,Spectral_Kurtosis,Spectral_Flatness,Spectral_Rolloff,Spectral_Slope,Spectral_Flux,Periodicity_Spectral,Sig_Spaces,Switching_Ratio,Transients,Count_Zeros,Biggest_Interval,Directions,Periodicity_Time
Yahoo_A1real_44_data,0.5826665996518499,-0.3903491688542999,29.444474586062714,866.9770836492931,0.49691991786447637,0.5030800821355236,50.53400101039279,474.72030758744006,16.398137635741705,4.434721988355936,0.09913735417106127,0.06756974767063784,-15.24095334696176,16.612590960598027,-129.99539228718277,851.2481544265247,-981.2435467137075,29.45023911644255,17.284054825763526,0.6388255166308502,0.2132451961936283,0.03000730520434554,-129.99539228718277,50.53400101039279,730.0,730.0,365.0,1095.0,1.0,1.0,1.0,1.0,1460.0,27.839959564258994,0.007932098773415953,0.0,-0.2586863434665712,-0.2586863434665712,0.0,0.33989325166887996,2.3188692275503787e-05,0.021830719813941284,0.001027203441030506,0.0014101729794048397,2.3188692275503787e-05,9.419418837675352,6.476472945891784,0.513601720515253,5.89515439608165,5.166042177308919,2.9528271473258667,-0.15665701552974742,1.8622551738154212,0.8212666139455043,8.75875751503006,-0.011780140364642642,0.0005452695245633974,1.0,0,0.9979452054787685,1,0,795.5257148732999,0.4993150684928087,492019.20307819365
