Dataset_Name,Mean,Median,Std,Variance,Pct_Above_Mean,Pct_Below_Mean,Coeff_Var,Kurtosis,Skew_Fisher,Skew_Pearson_SK1,Skew_Pearson_SK2,Skew_Galton,Q1,Q3,Min,Max,Min_Minus_Max,RMS,Avg_Dispersion,Entropy,Scaled_Entropy,Pct_Deviation,Mode,Burstiness,Time_Mean,Time_Median,Time_Q1,Time_Q3,DiffTime_Mean,DiffTime_Median,DiffTime_Min,DiffTime_Max,Duration,Hurst_Exponent,Benford_Law,Normal_Dist,Count_Distribution,Count_NZ_Distribution,Time_Distribution,Stationarity,Power_Min,Power_Max,Power_Mean,Power_Std,Power_Mode,Freq_Max_Power,Freq_Min_Power,Spectral_Energy,Spectral_Entropy,Spectral_Centroid,Spectral_Spread,Spectral_Skewness,Spectral_Kurtosis,Spectral_Flatness,Spectral_Rolloff,Spectral_Slope,Spectral_Flux,Periodicity_Spectral,Sig_Spaces,Switching_Ratio,Transients,Count_Zeros,Biggest_Interval,Directions,Periodicity_Time
ec2_network_in_5abac7,428.7376409291596,-1059.156872188068,14883.07243806731,221505845.1967588,0.4911205073995772,0.5088794926004229,34.71370604591195,2.8787127292569856,0.6475919731589758,4.980522151125981,0.29991680534553855,0.10617557921355657,-11262.527208367916,11568.288551179867,-73696.73431368261,114299.18581521696,-187995.92012889957,14889.246494081168,12712.104639698531,1.5702912818834713,0.5432834987576708,0.07916699696388432,-73696.73431368261,34.71370604591195,2364.5,2364.5,1182.25,3546.75,1.0,1.0,1.0,1.0,4729.0,20.58867319588691,0.024493124684950716,7.112714331650483e-132,0.42905889434741523,0.42905889434741523,0.0,0.7860262765577652,5.707176048356516e-10,0.004191154506422626,0.00017448347335187835,0.0004495338706148508,5.707176048356516e-10,0.9509418837675352,6.916913827655311,0.08724173667593918,4.757048299078528,4.164138227407943,2.824416352427408,-0.16555844376251724,1.4114901323482512,0.07624823490040927,7.157154308617235,-0.24573590886463145,0.00017973135272046674,1.0,0,0.9722985832097752,51,0,526441.4858211857,0.5009515753858107,647944026939.4349
