Dataset_Name,Mean,Median,Std,Variance,Pct_Above_Mean,Pct_Below_Mean,Coeff_Var,Kurtosis,Skew_Fisher,Skew_Pearson_SK1,Skew_Pearson_SK2,Skew_Galton,Q1,Q3,Min,Max,Min_Minus_Max,RMS,Avg_Dispersion,Entropy,Scaled_Entropy,Pct_Deviation,Mode,Burstiness,Time_Mean,Time_Median,Time_Q1,Time_Q3,DiffTime_Mean,DiffTime_Median,DiffTime_Min,DiffTime_Max,Duration,Hurst_Exponent,Benford_Law,Normal_Dist,Count_Distribution,Count_NZ_Distribution,Time_Distribution,Stationarity,Power_Min,Power_Max,Power_Mean,Power_Std,Power_Mode,Freq_Max_Power,Freq_Min_Power,Spectral_Energy,Spectral_Entropy,Spectral_Centroid,Spectral_Spread,Spectral_Skewness,Spectral_Kurtosis,Spectral_Flatness,Spectral_Rolloff,Spectral_Slope,Spectral_Flux,Periodicity_Spectral,Sig_Spaces,Switching_Ratio,Transients,Count_Zeros,Biggest_Interval,Directions,Periodicity_Time
Yahoo_A1real_1_data,3.806254745743978e-07,-1.0191073421227104e-05,0.000782853958097009,6.128603197081535e-07,0.4964788732394366,0.5035211267605634,2051.3671393925556,0.9463764376132238,0.37593799272913575,3.2810904007220696,0.0405120978788953,-0.024403953083475583,-0.0005895908093840249,0.0005416030365921,-0.0025682372626952,0.0043342532233741,-0.0069024904860693,0.0007828540506275134,0.0006284082219541048,1.929950084905137,0.7126714576439358,0.11341614251563731,-0.0025682372626952,2051.3671393925556,709.5,709.5,354.75,1064.25,1.0,1.0,1.0,1.0,1419.0,18.25605797072371,0.001187600090366214,1.8204000077696213e-13,1.2387600545120978,1.2387600545120978,0.0,0.5933394325397572,6.107190692679961e-08,0.01832929161904083,0.0008439627581448474,0.001999894036159751,6.107190692679961e-08,9.419418837675352,9.239238476953908,0.4219813790724237,4.910652924795265,4.6608005466332285,2.866618195916739,-0.21319318674632146,1.8476151226271942,0.15023412066019085,7.577575150300602,-0.18209730920481915,0.0009502500088664424,1.0,0,0.9344608879486015,7,0,0.0176695131504401,0.49471458773749494,0.00037390356579843575
