Dataset_Name,Mean,Median,Std,Variance,Pct_Above_Mean,Pct_Below_Mean,Coeff_Var,Kurtosis,Skew_Fisher,Skew_Pearson_SK1,Skew_Pearson_SK2,Skew_Galton,Q1,Q3,Min,Max,Min_Minus_Max,RMS,Avg_Dispersion,Entropy,Scaled_Entropy,Pct_Deviation,Mode,Burstiness,Time_Mean,Time_Median,Time_Q1,Time_Q3,DiffTime_Mean,DiffTime_Median,DiffTime_Min,DiffTime_Max,Duration,Hurst_Exponent,Benford_Law,Normal_Dist,Count_Distribution,Count_NZ_Distribution,Time_Distribution,Stationarity,Power_Min,Power_Max,Power_Mean,Power_Std,Power_Mode,Freq_Max_Power,Freq_Min_Power,Spectral_Energy,Spectral_Entropy,Spectral_Centroid,Spectral_Spread,Spectral_Skewness,Spectral_Kurtosis,Spectral_Flatness,Spectral_Rolloff,Spectral_Slope,Spectral_Flux,Periodicity_Spectral,Sig_Spaces,Switching_Ratio,Transients,Count_Zeros,Biggest_Interval,Directions,Periodicity_Time
IOPS_243,0.0005750264509165882,0.002162140787896451,0.05247177881568584,0.0027532875720822575,0.506375,0.493625,91.25091112093229,416.68583566300225,6.632484160918693,20.538522671950375,-0.09074102360667857,-0.7110469862484294,-0.0029762878836114702,0.0030298923759391255,-1.0771178129311352,1.929025368544103,-3.006143181475238,0.05247492951402138,0.008180157813194146,0.1448853000466214,0.04687263348400008,0.01745485016202087,-1.0771178129311352,91.25091112093229,3999.5,3999.5,1999.75,5999.25,1.0,1.0,1.0,1.0,7999.0,18.588098199700433,0.027566763206886585,0.0,0.98623688663697,0.98623688663697,0.0,585.3171210025001,9.379363014271702e-11,0.002406596724952163,0.00024003610691961252,0.00040075570640374706,9.379363014271702e-11,6.976973947895792,2.0920841683366733,0.12001805345980626,5.295733856871348,4.650530819520674,2.804067150782851,-0.30606365206341907,1.7897617395181404,0.14584584493843866,7.357354709418838,-0.13978000417181372,0.00013151414453035015,1.0,0,0.9833729216150789,42,0,4.566560708051458,0.49981247655950745,-2.4815053970673135
