Dataset_Name,Mean,Median,Std,Variance,Pct_Above_Mean,Pct_Below_Mean,Coeff_Var,Kurtosis,Skew_Fisher,Skew_Pearson_SK1,Skew_Pearson_SK2,Skew_Galton,Q1,Q3,Min,Max,Min_Minus_Max,RMS,Avg_Dispersion,Entropy,Scaled_Entropy,Pct_Deviation,Mode,Burstiness,Time_Mean,Time_Median,Time_Q1,Time_Q3,DiffTime_Mean,DiffTime_Median,DiffTime_Min,DiffTime_Max,Duration,Hurst_Exponent,Benford_Law,Normal_Dist,Count_Distribution,Count_NZ_Distribution,Time_Distribution,Stationarity,Power_Min,Power_Max,Power_Mean,Power_Std,Power_Mode,Freq_Max_Power,Freq_Min_Power,Spectral_Energy,Spectral_Entropy,Spectral_Centroid,Spectral_Spread,Spectral_Skewness,Spectral_Kurtosis,Spectral_Flatness,Spectral_Rolloff,Spectral_Slope,Spectral_Flux,Periodicity_Spectral,Sig_Spaces,Switching_Ratio,Transients,Count_Zeros,Biggest_Interval,Directions,Periodicity_Time
IOPS_461,4.89471004288644e-07,0.0006119245964981701,0.12003790200372484,0.014409097917455848,0.500875,0.499125,244740.05793231784,3.259564439358507,-0.35436451634215865,10.443492258794867,-0.01528105148941768,-0.01107230543187918,-0.10454181945356567,0.10346258038925527,-1.253614421310365,0.48963609002552744,-1.7432505113358925,0.1200379020047228,0.10694290044084773,1.5406168581955992,0.5330168527469844,0.06885866440554111,-1.253614421310365,244740.05793231784,3999.5,3999.5,1999.75,5999.25,1.0,1.0,1.0,1.0,7999.0,24.53793808492178,0.008910143049895625,1.6751185750444352e-168,-223.87031839389604,-223.87031839389604,0.0,1.0302079894449439,9.39049028021843e-11,0.0009515349471865828,6.610928665482519e-05,0.0001464906368438237,9.39049028021843e-11,6.19619238476954,2.5925851703406813,0.03305464332741259,4.9268302458176905,4.67673249465258,2.8095678822692087,-0.28849204648985094,1.7901834579028826,0.09958005180076382,7.517515030060121,-0.27014069375645294,6.609181502722782e-05,1.0,0,0.9953744218026008,15,0,2.603631987786329,0.5001875234403675,87.33771771983511
