Dataset_Name,Mean,Median,Std,Variance,Pct_Above_Mean,Pct_Below_Mean,Coeff_Var,Kurtosis,Skew_Fisher,Skew_Pearson_SK1,Skew_Pearson_SK2,Skew_Galton,Q1,Q3,Min,Max,Min_Minus_Max,RMS,Avg_Dispersion,Entropy,Scaled_Entropy,Pct_Deviation,Mode,Burstiness,Time_Mean,Time_Median,Time_Q1,Time_Q3,DiffTime_Mean,DiffTime_Median,DiffTime_Min,DiffTime_Max,Duration,Hurst_Exponent,Benford_Law,Normal_Dist,Count_Distribution,Count_NZ_Distribution,Time_Distribution,Stationarity,Power_Min,Power_Max,Power_Mean,Power_Std,Power_Mode,Freq_Max_Power,Freq_Min_Power,Spectral_Energy,Spectral_Entropy,Spectral_Centroid,Spectral_Spread,Spectral_Skewness,Spectral_Kurtosis,Spectral_Flatness,Spectral_Rolloff,Spectral_Slope,Spectral_Flux,Periodicity_Spectral,Sig_Spaces,Switching_Ratio,Transients,Count_Zeros,Biggest_Interval,Directions,Periodicity_Time
Twitter_volume_UPS,0.0035383016846024947,0.0027508030332244002,0.10367694631554489,0.010748909197316376,0.4906088491113072,0.5093911508886928,29.301322005805822,27.63993868893805,3.0102403069797488,7.012628236830414,0.02278709023852654,-0.02699609631799724,-0.01731837451504195,0.021764885113150674,-0.7235095865687668,1.3524012712222202,-2.075910857790987,0.10373730657833583,0.0479131556744623,1.2314239250571473,0.39273678720517086,0.04994287007869233,-0.7235095865687668,29.301322005805822,7932.5,7932.5,3966.25,11898.75,1.0,1.0,1.0,1.0,15865.0,59.0663000645574,0.0004076713283539558,0.0,0.6212432664974832,0.6212432664974832,0.0,1.6035628470417973,6.073849113499768e-10,0.0021345491460047212,0.00011801247028110859,0.00025727146403447935,6.073849113499768e-10,5.875871743486974,0.15014028056112227,0.059006235140554295,4.925507532236355,4.2648987150824285,2.847170165559721,-0.22796273724134442,1.56403483489712,0.07337932471585455,7.177174348697395,-0.31726433608072674,0.0001340787737109124,1.0,0,0.7486920895051529,251,0,15.363126217477689,0.4992121021115349,16.518358724559423
