Dataset_Name,Mean,Median,Std,Variance,Pct_Above_Mean,Pct_Below_Mean,Coeff_Var,Kurtosis,Skew_Fisher,Skew_Pearson_SK1,Skew_Pearson_SK2,Skew_Galton,Q1,Q3,Min,Max,Min_Minus_Max,RMS,Avg_Dispersion,Entropy,Scaled_Entropy,Pct_Deviation,Mode,Burstiness,Time_Mean,Time_Median,Time_Q1,Time_Q3,DiffTime_Mean,DiffTime_Median,DiffTime_Min,DiffTime_Max,Duration,Hurst_Exponent,Benford_Law,Normal_Dist,Count_Distribution,Count_NZ_Distribution,Time_Distribution,Stationarity,Power_Min,Power_Max,Power_Mean,Power_Std,Power_Mode,Freq_Max_Power,Freq_Min_Power,Spectral_Energy,Spectral_Entropy,Spectral_Centroid,Spectral_Spread,Spectral_Skewness,Spectral_Kurtosis,Spectral_Flatness,Spectral_Rolloff,Spectral_Slope,Spectral_Flux,Periodicity_Spectral,Sig_Spaces,Switching_Ratio,Transients,Count_Zeros,Biggest_Interval,Directions,Periodicity_Time
Yahoo_A1real_11_data,0.6099358866840241,0.465106403655227,34.63484698363149,1199.5726255795676,0.4954829742876998,0.5045170257123002,56.7844058416415,61.881347232799286,0.961271035074232,12.585331209929718,0.012544835242932841,-0.0015108018920872983,-7.501281135094359,8.407458987725022,-435.28108482013886,469.1639975749422,-904.445082395081,34.640217195702355,14.872218292681683,0.5293451593658309,0.1909209090150554,0.03829402985074107,-435.28108482013886,56.7844058416415,719.0,719.0,359.5,1078.5,1.0,1.0,1.0,1.0,1438.0,14.008546337390465,0.0002733625296742649,5.494112633468608e-151,0.40934749700273876,0.40934749700273876,0.0,0.08328562980811464,1.8183592137510154e-06,0.020731010852252665,0.0013300810284846503,0.0019841275212652176,1.8183592137510154e-06,9.419418837675352,0.9709619238476954,0.6650405142423251,5.546735662233843,4.948491645918123,2.9824247760235676,-0.13881203730853303,1.812962196561328,0.43513836861433636,8.178176352705412,-0.09718954997921843,0.0007129203304001792,1.0,0,0.8699582753818706,15,0,760.2340980806875,0.49513212795514944,92656.00299946548
