Dataset_Name,Mean,Median,Std,Variance,Pct_Above_Mean,Pct_Below_Mean,Coeff_Var,Kurtosis,Skew_Fisher,Skew_Pearson_SK1,Skew_Pearson_SK2,Skew_Galton,Q1,Q3,Min,Max,Min_Minus_Max,RMS,Avg_Dispersion,Entropy,Scaled_Entropy,Pct_Deviation,Mode,Burstiness,Time_Mean,Time_Median,Time_Q1,Time_Q3,DiffTime_Mean,DiffTime_Median,DiffTime_Min,DiffTime_Max,Duration,Hurst_Exponent,Benford_Law,Normal_Dist,Count_Distribution,Count_NZ_Distribution,Time_Distribution,Stationarity,Power_Min,Power_Max,Power_Mean,Power_Std,Power_Mode,Freq_Max_Power,Freq_Min_Power,Spectral_Energy,Spectral_Entropy,Spectral_Centroid,Spectral_Spread,Spectral_Skewness,Spectral_Kurtosis,Spectral_Flatness,Spectral_Rolloff,Spectral_Slope,Spectral_Flux,Periodicity_Spectral,Sig_Spaces,Switching_Ratio,Transients,Count_Zeros,Biggest_Interval,Directions,Periodicity_Time
IOPS_87,7.194382612141226e-08,-0.00042321852400206694,0.02539332446697493,0.0006448209274850676,0.493875,0.506125,348121.64122990606,46.680282883392785,3.034926185986525,6.875430466952766,0.050008078112340405,0.01754033296172538,-0.014576976392943308,0.014235927286613048,-0.17458997162906087,0.47307762520907204,-0.6476675968381329,0.02539332446707684,0.017435628047258463,1.1441984267550493,0.3758219720117468,0.039207341160397695,-0.17458997162906087,348121.64122990606,3999.5,3999.5,1999.75,5999.25,1.0,1.0,1.0,1.0,7999.0,34.86059204598246,0.0011632544660267448,0.0,-48.94589934849004,-48.94589934849004,0.0,0.4459457572609338,5.7392823793875856e-09,0.003165833446197115,0.00016555144324756628,0.0004214528175285165,5.7392823793875856e-09,6.6366332665330665,4.674669338677355,0.08277572162378315,4.714061075187745,4.370785990652421,2.768201124026533,-0.4678782443091648,1.645441023168698,0.07968306485802959,6.936933867735471,-0.3153094862934151,0.00016736227522473225,1.0,0,0.9443680460056326,35,0,1.1322577278055448,0.499312414051694,2.4022735515315543
