Dataset_Name,Mean,Median,Std,Variance,Pct_Above_Mean,Pct_Below_Mean,Coeff_Var,Kurtosis,Skew_Fisher,Skew_Pearson_SK1,Skew_Pearson_SK2,Skew_Galton,Q1,Q3,Min,Max,Min_Minus_Max,RMS,Avg_Dispersion,Entropy,Scaled_Entropy,Pct_Deviation,Mode,Burstiness,Time_Mean,Time_Median,Time_Q1,Time_Q3,DiffTime_Mean,DiffTime_Median,DiffTime_Min,DiffTime_Max,Duration,Hurst_Exponent,Benford_Law,Normal_Dist,Count_Distribution,Count_NZ_Distribution,Time_Distribution,Stationarity,Power_Min,Power_Max,Power_Mean,Power_Std,Power_Mode,Freq_Max_Power,Freq_Min_Power,Spectral_Energy,Spectral_Entropy,Spectral_Centroid,Spectral_Spread,Spectral_Skewness,Spectral_Kurtosis,Spectral_Flatness,Spectral_Rolloff,Spectral_Slope,Spectral_Flux,Periodicity_Spectral,Sig_Spaces,Switching_Ratio,Transients,Count_Zeros,Biggest_Interval,Directions,Periodicity_Time
ec2_cpu_utilization_24ae8d,1.8225079528770547e-07,-0.0003382904399885,0.0020913358244714557,4.373685530717703e-06,0.4965277777777778,0.5034722222222222,11412.424274547016,6.21443950217836,0.9529466376315617,4.054478364513263,0.4855354051387634,0.1857804460215495,-0.0017764857563319502,0.00175621105058295,-0.0084790976569341,0.0214409901352756,-0.0299200877922097,0.0020913358324126364,0.0018536089148664485,1.4541412248008625,0.5030983368576091,0.06989738028504706,-0.0084790976569341,11412.424274547016,2015.5,2015.5,1007.75,3023.25,1.0,1.0,1.0,1.0,4031.0,15.159561778912323,0.02147215387283189,5.676972034611767e-212,2.1609897439205525,2.1609897439205525,0.0,0.9240258000459766,5.538647818316807e-10,0.011623956981200185,0.00017479301860418361,0.0006694792311524648,5.538647818316807e-10,9.419418837675352,3.613607214428858,0.08739650930209181,4.494779943121166,5.294572708797776,2.9532347676415913,-0.29633073154422984,1.9629354725033656,0.08606442794807874,9.419418837675352,-0.15239169949132597,0.00020790730441879138,1.0,0,0.9853634333909737,24,0,0.021676621154198526,0.5003721161000991,0.01268014139370974
