Dataset_Name,Mean,Median,Std,Variance,Pct_Above_Mean,Pct_Below_Mean,Coeff_Var,Kurtosis,Skew_Fisher,Skew_Pearson_SK1,Skew_Pearson_SK2,Skew_Galton,Q1,Q3,Min,Max,Min_Minus_Max,RMS,Avg_Dispersion,Entropy,Scaled_Entropy,Pct_Deviation,Mode,Burstiness,Time_Mean,Time_Median,Time_Q1,Time_Q3,DiffTime_Mean,DiffTime_Median,DiffTime_Min,DiffTime_Max,Duration,Hurst_Exponent,Benford_Law,Normal_Dist,Count_Distribution,Count_NZ_Distribution,Time_Distribution,Stationarity,Power_Min,Power_Max,Power_Mean,Power_Std,Power_Mode,Freq_Max_Power,Freq_Min_Power,Spectral_Energy,Spectral_Entropy,Spectral_Centroid,Spectral_Spread,Spectral_Skewness,Spectral_Kurtosis,Spectral_Flatness,Spectral_Rolloff,Spectral_Slope,Spectral_Flux,Periodicity_Spectral,Sig_Spaces,Switching_Ratio,Transients,Count_Zeros,Biggest_Interval,Directions,Periodicity_Time
Yahoo_A1real_6_data,-0.02768991507165856,0.0021074869812878,1.0805710830696007,1.1676338655662097,0.542043085476025,0.45795691452397497,-39.023995534012755,1281.016566960332,-34.81722131984353,36.868560080693904,-0.08272681684408394,-0.02596677187580208,-0.17228593018587895,0.16767326134882404,-39.86678984955228,2.133210150447724,-42.00000000000001,1.0809258054847637,0.22813066880088514,0.6123728849868554,0.20113922538328377,0.025727882929616017,-39.86678984955228,-39.023995534012755,719.0,719.0,359.5,1078.5,1.0,1.0,1.0,1.0,1438.0,16.265477090711972,0.0009501399475313299,0.0,-0.02087611312337206,-0.02087611312337206,0.0,0.024804041256286057,0.0002476781825332767,0.004275824453907211,0.001370029374948463,0.00036242864975999584,0.0002476781825332767,7.057054108216433,7.137134268537075,0.6850146874742314,6.1820256465738606,5.0878484581927985,2.8836021247809804,-0.00715633700593914,1.7996738037328828,0.9660116522580149,8.598597194388779,0.03270485791342975,0.0002649606664303588,1.0,0,0.9151599443665402,0,0,2.813886573486762,0.5020862308758678,12.003674195943564
