Dataset_Name,Mean,Median,Std,Variance,Pct_Above_Mean,Pct_Below_Mean,Coeff_Var,Kurtosis,Skew_Fisher,Skew_Pearson_SK1,Skew_Pearson_SK2,Skew_Galton,Q1,Q3,Min,Max,Min_Minus_Max,RMS,Avg_Dispersion,Entropy,Scaled_Entropy,Pct_Deviation,Mode,Burstiness,Time_Mean,Time_Median,Time_Q1,Time_Q3,DiffTime_Mean,DiffTime_Median,DiffTime_Min,DiffTime_Max,Duration,Hurst_Exponent,Benford_Law,Normal_Dist,Count_Distribution,Count_NZ_Distribution,Time_Distribution,Stationarity,Power_Min,Power_Max,Power_Mean,Power_Std,Power_Mode,Freq_Max_Power,Freq_Min_Power,Spectral_Energy,Spectral_Entropy,Spectral_Centroid,Spectral_Spread,Spectral_Skewness,Spectral_Kurtosis,Spectral_Flatness,Spectral_Rolloff,Spectral_Slope,Spectral_Flux,Periodicity_Spectral,Sig_Spaces,Switching_Ratio,Transients,Count_Zeros,Biggest_Interval,Directions,Periodicity_Time
Yahoo_A1real_63_data,0.00063114013026094,0.0001322167420934,0.03245237088119414,0.0010531563758105775,0.49339819318971506,0.5066018068102849,51.41856444655568,422.3282845468306,15.17185418088267,2.0328724338412276,0.04612205757971069,-0.00907903108067453,-0.015122428738564501,0.01511235963035325,-0.0653403920797828,0.9080254432586904,-0.9733658353384732,0.032458507570043996,0.01835621088100482,0.7845172609475071,0.2618782952039021,0.033340363581354754,-0.0653403920797828,51.41856444655568,719.0,719.0,359.5,1078.5,1.0,1.0,1.0,1.0,1438.0,20.98985433255663,0.0006755656490469767,0.0,0.09295123250295785,0.09295123250295785,0.0,0.24940216220577485,1.8429206736069134e-05,0.015407917199804985,0.0012297260879756892,0.0014077704651553485,1.8429206736069134e-05,6.6366332665330665,5.395390781563126,0.6148630439878446,5.8334063927284125,4.974438327760119,2.821150174455571,-0.1803609953640778,1.9158005982682147,0.7179165586263287,8.11811623246493,-0.023260038866488628,0.0008553285557032833,1.0,0,0.7489568845613707,1,0,0.8324039754855601,0.5152990264252327,0.19348207433707457
