Dataset_Name,Mean,Median,Std,Variance,Pct_Above_Mean,Pct_Below_Mean,Coeff_Var,Kurtosis,Skew_Fisher,Skew_Pearson_SK1,Skew_Pearson_SK2,Skew_Galton,Q1,Q3,Min,Max,Min_Minus_Max,RMS,Avg_Dispersion,Entropy,Scaled_Entropy,Pct_Deviation,Mode,Burstiness,Time_Mean,Time_Median,Time_Q1,Time_Q3,DiffTime_Mean,DiffTime_Median,DiffTime_Min,DiffTime_Max,Duration,Hurst_Exponent,Benford_Law,Normal_Dist,Count_Distribution,Count_NZ_Distribution,Time_Distribution,Stationarity,Power_Min,Power_Max,Power_Mean,Power_Std,Power_Mode,Freq_Max_Power,Freq_Min_Power,Spectral_Energy,Spectral_Entropy,Spectral_Centroid,Spectral_Spread,Spectral_Skewness,Spectral_Kurtosis,Spectral_Flatness,Spectral_Rolloff,Spectral_Slope,Spectral_Flux,Periodicity_Spectral,Sig_Spaces,Switching_Ratio,Transients,Count_Zeros,Biggest_Interval,Directions,Periodicity_Time
IOPS_342,0.02137226460965563,0.020087323912024203,0.1543950475830272,0.023837830718165233,0.482125,0.517875,7.22408425961514,1974.7863689864578,36.99230938302232,6.204164194000799,0.02496726500151537,-0.5335710718199347,-0.018951144943746716,0.0319607029729687,-0.9365199675401755,9.564982176813373,-10.501502144353548,0.15586726536611328,0.038118182294978584,0.07119487606921403,0.022117931824851063,0.01470218692964227,-0.9365199675401755,7.22408425961514,3999.5,3999.5,1999.75,5999.25,1.0,1.0,1.0,1.0,7999.0,133.84592634465284,0.00784491663714671,0.0,0.3702898756129512,0.3702898756129512,0.0,0.0442512751348324,5.856525461982191e-12,0.002768852450094067,0.00022590957416152886,0.0003806682906062898,5.856525461982191e-12,6.276272545090181,5.535531062124249,0.11295478708076444,5.187998184689603,4.529552288229981,2.7020938347656456,-0.43417590014025587,1.6846534171276357,0.09044791120613921,7.177174348697395,-0.3748595889930065,0.0001203635595463797,1.0,0,0.9228653581696558,21,0,56.849453905675965,0.49981247655950745,5.104755809696728
