Dataset_Name,Mean,Median,Std,Variance,Pct_Above_Mean,Pct_Below_Mean,Coeff_Var,Kurtosis,Skew_Fisher,Skew_Pearson_SK1,Skew_Pearson_SK2,Skew_Galton,Q1,Q3,Min,Max,Min_Minus_Max,RMS,Avg_Dispersion,Entropy,Scaled_Entropy,Pct_Deviation,Mode,Burstiness,Time_Mean,Time_Median,Time_Q1,Time_Q3,DiffTime_Mean,DiffTime_Median,DiffTime_Min,DiffTime_Max,Duration,Hurst_Exponent,Benford_Law,Normal_Dist,Count_Distribution,Count_NZ_Distribution,Time_Distribution,Stationarity,Power_Min,Power_Max,Power_Mean,Power_Std,Power_Mode,Freq_Max_Power,Freq_Min_Power,Spectral_Energy,Spectral_Entropy,Spectral_Centroid,Spectral_Spread,Spectral_Skewness,Spectral_Kurtosis,Spectral_Flatness,Spectral_Rolloff,Spectral_Slope,Spectral_Flux,Periodicity_Spectral,Sig_Spaces,Switching_Ratio,Transients,Count_Zeros,Biggest_Interval,Directions,Periodicity_Time
Yahoo_A1real_25_data,0.0692903949631299,0.005141198024505,2.2690242156609894,5.148470891255968,0.1456445993031359,0.8543554006968641,32.74659040580977,1417.1885398002323,37.58763576827049,0.6845564851530609,0.08481513304387439,-0.04384372866169478,-0.030919409894004803,0.0381725564730701,-1.4839848475214945,85.80041941203638,-87.28440425955787,2.270081947879881,0.1573706803514167,0.005763703538614722,0.0018931387942180708,0.02599575760278537,-1.4839848475214945,32.74659040580977,717.0,717.0,358.5,1075.5,1.0,1.0,1.0,1.0,1434.0,16.88515736766754,0.00012872577350432835,0.0,0.029057358155553464,0.029057358155553464,0.0,0.000491065468249164,0.0008040030915167994,0.002053777794834877,0.0013924849252499798,0.00012675911797428407,0.0008040030915167994,5.495490981963928,5.575571142284569,0.6962424626249899,6.2103694327514365,5.000028906359942,2.8942005287408636,0.0010065876265218418,1.7963878280095251,0.9956155114416351,8.498496993987976,-0.003763510645387681,7.472259272743916e-05,1.0,0,0.6973500697345206,1,0,91.05661495843684,0.5034867503483239,65.43184800354308
