Dataset_Name,Mean,Median,Std,Variance,Pct_Above_Mean,Pct_Below_Mean,Coeff_Var,Kurtosis,Skew_Fisher,Skew_Pearson_SK1,Skew_Pearson_SK2,Skew_Galton,Q1,Q3,Min,Max,Min_Minus_Max,RMS,Avg_Dispersion,Entropy,Scaled_Entropy,Pct_Deviation,Mode,Burstiness,Time_Mean,Time_Median,Time_Q1,Time_Q3,DiffTime_Mean,DiffTime_Median,DiffTime_Min,DiffTime_Max,Duration,Hurst_Exponent,Benford_Law,Normal_Dist,Count_Distribution,Count_NZ_Distribution,Time_Distribution,Stationarity,Power_Min,Power_Max,Power_Mean,Power_Std,Power_Mode,Freq_Max_Power,Freq_Min_Power,Spectral_Energy,Spectral_Entropy,Spectral_Centroid,Spectral_Spread,Spectral_Skewness,Spectral_Kurtosis,Spectral_Flatness,Spectral_Rolloff,Spectral_Slope,Spectral_Flux,Periodicity_Spectral,Sig_Spaces,Switching_Ratio,Transients,Count_Zeros,Biggest_Interval,Directions,Periodicity_Time
IOPS_218,5.410975338713264e-07,-0.0003371254923862921,0.070448297105829,0.004962962565111155,0.498125,0.501875,129955.02230517578,12.216145889905206,-0.6482640077091305,14.840485102779356,0.014379336293386951,-0.00318569357143153,-0.04493418643188818,0.04397669262807824,-1.0454863774581806,0.3674163040330427,-1.4129026814912233,0.07044829710790702,0.05354578625490947,1.3709345061814704,0.46560126238512695,0.04986068607472306,-1.0454863774581806,129955.02230517578,3999.5,3999.5,1999.75,5999.25,1.0,1.0,1.0,1.0,7999.0,43.7209618305214,0.0008045190738138232,0.0,176.76300381695668,176.76300381695668,0.0,1.1833213510435467,1.7859498383249211e-09,0.0029477358508771573,0.00015066167546288472,0.0003590576566265954,1.7859498383249211e-09,0.3503406813627255,8.6386372745491,0.07533083773144236,4.816862623881242,4.472410272242884,2.798380889183481,-0.4645190291703138,1.6829623744051525,0.08981385363651333,6.956953907815632,-0.4119689695404434,0.0001571870690801417,1.0,0,0.9168646080758949,38,0,2.5711675202588538,0.49681210151262695,17.844636020993807
