Dataset_Name,Mean,Median,Std,Variance,Pct_Above_Mean,Pct_Below_Mean,Coeff_Var,Kurtosis,Skew_Fisher,Skew_Pearson_SK1,Skew_Pearson_SK2,Skew_Galton,Q1,Q3,Min,Max,Min_Minus_Max,RMS,Avg_Dispersion,Entropy,Scaled_Entropy,Pct_Deviation,Mode,Burstiness,Time_Mean,Time_Median,Time_Q1,Time_Q3,DiffTime_Mean,DiffTime_Median,DiffTime_Min,DiffTime_Max,Duration,Hurst_Exponent,Benford_Law,Normal_Dist,Count_Distribution,Count_NZ_Distribution,Time_Distribution,Stationarity,Power_Min,Power_Max,Power_Mean,Power_Std,Power_Mode,Freq_Max_Power,Freq_Min_Power,Spectral_Energy,Spectral_Entropy,Spectral_Centroid,Spectral_Spread,Spectral_Skewness,Spectral_Kurtosis,Spectral_Flatness,Spectral_Rolloff,Spectral_Slope,Spectral_Flux,Periodicity_Spectral,Sig_Spaces,Switching_Ratio,Transients,Count_Zeros,Biggest_Interval,Directions,Periodicity_Time
speed_7578,0.006836122284917942,0.000915531439027,0.23913119512514802,0.05718372848198161,0.45785270629991126,0.5421472937000887,34.98052699732996,949.402399532282,29.55460196397099,1.9182239262062541,0.0742762668588723,0.08336794387332683,-0.031184991541664396,0.038855157737032145,-0.4518710596246613,7.703726513771752,-8.155597573396413,0.23922888840998274,0.05479001499187307,0.48910918168280837,0.1632686558266051,0.029321112639970573,-0.4518710596246613,34.98052699732996,563.0,563.0,281.5,844.5,1.0,1.0,1.0,1.0,1126.0,20.718293823622876,0.00030531062649792015,0.0,0.005143887766605066,0.005143887766605066,0.0,0.02252718241552876,6.807853278304486e-05,0.004926964728600875,0.0017759696218999496,0.0006150900646751722,6.807853278304486e-05,7.117114228456914,4.614609218436874,0.8879848109499748,6.15584958163894,5.00151019079479,2.878786828735429,-0.004265205801562192,1.7994970596733901,0.9328613601251295,8.458456913827655,0.029044320878384544,0.0005829534023691609,1.0,0,0.613676731793416,1,0,7.424297754719771,0.4964476021309978,-0.35807726931730377
