Dataset_Name,Mean,Median,Std,Variance,Pct_Above_Mean,Pct_Below_Mean,Coeff_Var,Kurtosis,Skew_Fisher,Skew_Pearson_SK1,Skew_Pearson_SK2,Skew_Galton,Q1,Q3,Min,Max,Min_Minus_Max,RMS,Avg_Dispersion,Entropy,Scaled_Entropy,Pct_Deviation,Mode,Burstiness,Time_Mean,Time_Median,Time_Q1,Time_Q3,DiffTime_Mean,DiffTime_Median,DiffTime_Min,DiffTime_Max,Duration,Hurst_Exponent,Benford_Law,Normal_Dist,Count_Distribution,Count_NZ_Distribution,Time_Distribution,Stationarity,Power_Min,Power_Max,Power_Mean,Power_Std,Power_Mode,Freq_Max_Power,Freq_Min_Power,Spectral_Energy,Spectral_Entropy,Spectral_Centroid,Spectral_Spread,Spectral_Skewness,Spectral_Kurtosis,Spectral_Flatness,Spectral_Rolloff,Spectral_Slope,Spectral_Flux,Periodicity_Spectral,Sig_Spaces,Switching_Ratio,Transients,Count_Zeros,Biggest_Interval,Directions,Periodicity_Time
Yahoo_A1real_14_data,-0.21749998199145895,-0.0712861378478919,11.26900429346089,126.99045776603998,0.5031271716469771,0.49687282835302293,-51.81151852102192,478.5963183759494,-16.316178937135742,28.820206417267983,-0.03892460424798212,-0.02305382085526254,-4.920023084698627,4.558924841590752,-324.99252986543365,75.21747591936219,-400.21000578479584,11.271103051973496,5.940122830786909,0.6845899056841369,0.22852172455432776,0.028157727519417374,-324.99252986543365,-51.81151852102192,719.0,719.0,359.5,1078.5,1.0,1.0,1.0,1.0,1438.0,21.769292460696303,0.0032076789026264023,0.0,0.05411610583950254,0.05411610583950254,0.0,0.24264352817457777,8.250221676934908e-06,0.011444866653913184,0.0011721891578623121,0.001269995037612721,8.250221676934908e-06,9.419418837675352,1.2912825651302606,0.586094578931156,5.884075412473917,4.9498504115117425,2.884193729595684,-0.07148967183476114,1.8152370444240324,0.7532760754425228,8.278276553106213,0.056578208754418435,0.000873948306554273,1.0,0,0.9381084840049109,4,0,130.58769474096772,0.49791376912343677,34036.911067366316
