Dataset_Name,Mean,Median,Std,Variance,Pct_Above_Mean,Pct_Below_Mean,Coeff_Var,Kurtosis,Skew_Fisher,Skew_Pearson_SK1,Skew_Pearson_SK2,Skew_Galton,Q1,Q3,Min,Max,Min_Minus_Max,RMS,Avg_Dispersion,Entropy,Scaled_Entropy,Pct_Deviation,Mode,Burstiness,Time_Mean,Time_Median,Time_Q1,Time_Q3,DiffTime_Mean,DiffTime_Median,DiffTime_Min,DiffTime_Max,Duration,Hurst_Exponent,Benford_Law,Normal_Dist,Count_Distribution,Count_NZ_Distribution,Time_Distribution,Stationarity,Power_Min,Power_Max,Power_Mean,Power_Std,Power_Mode,Freq_Max_Power,Freq_Min_Power,Spectral_Energy,Spectral_Entropy,Spectral_Centroid,Spectral_Spread,Spectral_Skewness,Spectral_Kurtosis,Spectral_Flatness,Spectral_Rolloff,Spectral_Slope,Spectral_Flux,Periodicity_Spectral,Sig_Spaces,Switching_Ratio,Transients,Count_Zeros,Biggest_Interval,Directions,Periodicity_Time
Twitter_volume_CRM,0.00023706797683711167,0.0002540944155885,0.04114520222256017,0.0016929276659353703,0.5001886555150296,0.49981134448497044,173.55793563335254,315.05646730057236,6.983888269324103,19.434839628724195,-0.0012414403685860962,-0.060562351771979404,-0.023661177722246574,0.021438051130439825,-0.7994133581448857,1.5383417006838729,-2.3377550588287583,0.04114588517897035,0.026773642569818762,0.6941760297712436,0.21842802753181007,0.01760030506599527,-0.7994133581448857,173.55793563335254,7950.5,7950.5,3975.25,11925.75,1.0,1.0,1.0,1.0,15901.0,53.701335856848786,0.0012323102343772148,0.0,0.46933110245526793,0.46933110245526793,0.0,1.977374690569667,4.592533088902081e-09,0.0013194294312299077,9.9831236498446e-05,0.0002138301582601513,4.592533088902081e-09,0.8508416833667335,3.933927855711423,0.049915618249223,4.8924739053785045,4.535474684054552,2.8293473204460127,-0.45232605480418153,1.6698382026972105,0.0730816208591675,7.137134268537075,-0.24778778172716964,9.1044153695123e-05,1.0,0,0.9005094019243506,46,0,3.028931131815856,0.5007232249543738,9.612628014685624
