Dataset_Name,Mean,Median,Std,Variance,Pct_Above_Mean,Pct_Below_Mean,Coeff_Var,Kurtosis,Skew_Fisher,Skew_Pearson_SK1,Skew_Pearson_SK2,Skew_Galton,Q1,Q3,Min,Max,Min_Minus_Max,RMS,Avg_Dispersion,Entropy,Scaled_Entropy,Pct_Deviation,Mode,Burstiness,Time_Mean,Time_Median,Time_Q1,Time_Q3,DiffTime_Mean,DiffTime_Median,DiffTime_Min,DiffTime_Max,Duration,Hurst_Exponent,Benford_Law,Normal_Dist,Count_Distribution,Count_NZ_Distribution,Time_Distribution,Stationarity,Power_Min,Power_Max,Power_Mean,Power_Std,Power_Mode,Freq_Max_Power,Freq_Min_Power,Spectral_Energy,Spectral_Entropy,Spectral_Centroid,Spectral_Spread,Spectral_Skewness,Spectral_Kurtosis,Spectral_Flatness,Spectral_Rolloff,Spectral_Slope,Spectral_Flux,Periodicity_Spectral,Sig_Spaces,Switching_Ratio,Transients,Count_Zeros,Biggest_Interval,Directions,Periodicity_Time
IOPS_96,3.702339577937863e-08,9.662115226305446e-05,0.03807685813169129,0.0014498471251809448,0.501,0.499,1001406.0383407852,0.5604125547954792,0.1727921446563796,4.405059097523288,-0.007609671417479521,-0.008467435519466727,-0.03208801247137849,0.031740788510835394,-0.16773077769977363,0.369193926363252,-0.5369247040630256,0.03807685813170929,0.032926420151847144,1.5657972645791671,0.5526577330688448,0.0709165694419327,-0.16773077769977363,1001406.0383407852,3999.5,3999.5,1999.75,5999.25,1.0,1.0,1.0,1.0,7999.0,19.995754044622238,0.00405714115258802,1.4340969181311143e-23,426.11196932337435,426.11196932337435,0.0,0.9736713746575751,3.87084568990151e-09,0.002713496380929569,8.6331434282001e-05,0.00022593223857097163,3.87084568990151e-09,7.017014028056113,0.9509418837675352,0.043165717141000495,4.810549496935977,4.911722664473466,2.732547864636603,-0.4526493448473965,1.8959256154758757,0.1070217755857319,7.317314629258517,-0.2475204626153065,9.607544384435602e-05,1.0,0,0.992624078009627,6,0,0.8666077621531656,0.5001875234403675,8.137430202687996
