Dataset_Name,Mean,Median,Std,Variance,Pct_Above_Mean,Pct_Below_Mean,Coeff_Var,Kurtosis,Skew_Fisher,Skew_Pearson_SK1,Skew_Pearson_SK2,Skew_Galton,Q1,Q3,Min,Max,Min_Minus_Max,RMS,Avg_Dispersion,Entropy,Scaled_Entropy,Pct_Deviation,Mode,Burstiness,Time_Mean,Time_Median,Time_Q1,Time_Q3,DiffTime_Mean,DiffTime_Median,DiffTime_Min,DiffTime_Max,Duration,Hurst_Exponent,Benford_Law,Normal_Dist,Count_Distribution,Count_NZ_Distribution,Time_Distribution,Stationarity,Power_Min,Power_Max,Power_Mean,Power_Std,Power_Mode,Freq_Max_Power,Freq_Min_Power,Spectral_Energy,Spectral_Entropy,Spectral_Centroid,Spectral_Spread,Spectral_Skewness,Spectral_Kurtosis,Spectral_Flatness,Spectral_Rolloff,Spectral_Slope,Spectral_Flux,Periodicity_Spectral,Sig_Spaces,Switching_Ratio,Transients,Count_Zeros,Biggest_Interval,Directions,Periodicity_Time
Yahoo_A1real_47_data,1.0975427449950028,0.0291703225884703,44.2335999455335,1956.6113641415009,0.4653118430273301,0.5346881569726699,40.302393785521765,1095.3881953091593,30.90921807786113,4.6880710596433115,0.07245888354313736,0.0233916735306313,-7.645037165151507,8.07100227410956,-206.2727170281886,1566.0241230781594,-1772.296840106348,44.24721419726435,11.37213207213386,0.12468350661498487,0.04095338731261413,0.024958347238747132,-206.2727170281886,40.302393785521765,713.0,713.0,356.5,1069.5,1.0,1.0,1.0,1.0,1426.0,23.28956792658661,0.0008025730092956706,0.0,-0.029365099202492456,-0.029365099202492456,0.0,0.039909522210056,0.00013979182576370557,0.006710078027107386,0.0013791698168885839,0.0006567367423737611,0.00013979182576370557,4.734729458917836,1.5115030060120243,0.689584908444292,6.123353475687519,4.988079952129471,2.8700056639278912,-0.023289892399211396,1.8052427697055062,0.91434076149548,8.378376753507014,-0.0003967088707070441,0.0006266743563233004,1.0,0,0.8779803646557658,1,0,1331.6080209565835,0.4922861150066674,201100.10859143463
