Dataset_Name,Mean,Median,Std,Variance,Pct_Above_Mean,Pct_Below_Mean,Coeff_Var,Kurtosis,Skew_Fisher,Skew_Pearson_SK1,Skew_Pearson_SK2,Skew_Galton,Q1,Q3,Min,Max,Min_Minus_Max,RMS,Avg_Dispersion,Entropy,Scaled_Entropy,Pct_Deviation,Mode,Burstiness,Time_Mean,Time_Median,Time_Q1,Time_Q3,DiffTime_Mean,DiffTime_Median,DiffTime_Min,DiffTime_Max,Duration,Hurst_Exponent,Benford_Law,Normal_Dist,Count_Distribution,Count_NZ_Distribution,Time_Distribution,Stationarity,Power_Min,Power_Max,Power_Mean,Power_Std,Power_Mode,Freq_Max_Power,Freq_Min_Power,Spectral_Energy,Spectral_Entropy,Spectral_Centroid,Spectral_Spread,Spectral_Skewness,Spectral_Kurtosis,Spectral_Flatness,Spectral_Rolloff,Spectral_Slope,Spectral_Flux,Periodicity_Spectral,Sig_Spaces,Switching_Ratio,Transients,Count_Zeros,Biggest_Interval,Directions,Periodicity_Time
Yahoo_A1real_29_data,-3.7484613564615916,1.313437128352234,182.80996365749917,33419.48281245617,0.5121443442054129,0.4878556557945871,-48.769333953821075,527.9294945364973,-18.21834560832118,29.5383314387166,-0.08306820454715115,0.01315352697865629,-63.39074310980504,67.74248177788104,-5403.649758200947,607.9386164030147,-6011.588374603962,182.84839013509816,85.4770483563598,0.7942726984017152,0.26513474022640016,0.030409594314499636,-5403.649758200947,-48.769333953821075,720.0,720.0,360.0,1080.0,1.0,1.0,1.0,1.0,1440.0,30.950578030738242,0.0008991495837648136,0.0,-0.12986008869225943,-0.12986008869225943,0.0,0.21127198838109623,8.487697937659484e-06,0.015542346192412869,0.001274468381234008,0.0014776041319354307,8.487697937659484e-06,6.19619238476954,7.437434869739479,0.637234190617004,5.862607423723135,5.117385015621678,2.7705057333303524,-0.2501729620938746,2.02088706133615,0.7410703408083116,8.09809619238477,0.03432611428779852,0.0008988793272765264,1.0,0,0.9423611111104567,1,0,3272.6129819601883,0.5034722222218726,10496384.15791422
