Dataset_Name,Mean,Median,Std,Variance,Pct_Above_Mean,Pct_Below_Mean,Coeff_Var,Kurtosis,Skew_Fisher,Skew_Pearson_SK1,Skew_Pearson_SK2,Skew_Galton,Q1,Q3,Min,Max,Min_Minus_Max,RMS,Avg_Dispersion,Entropy,Scaled_Entropy,Pct_Deviation,Mode,Burstiness,Time_Mean,Time_Median,Time_Q1,Time_Q3,DiffTime_Mean,DiffTime_Median,DiffTime_Min,DiffTime_Max,Duration,Hurst_Exponent,Benford_Law,Normal_Dist,Count_Distribution,Count_NZ_Distribution,Time_Distribution,Stationarity,Power_Min,Power_Max,Power_Mean,Power_Std,Power_Mode,Freq_Max_Power,Freq_Min_Power,Spectral_Energy,Spectral_Entropy,Spectral_Centroid,Spectral_Spread,Spectral_Skewness,Spectral_Kurtosis,Spectral_Flatness,Spectral_Rolloff,Spectral_Slope,Spectral_Flux,Periodicity_Spectral,Sig_Spaces,Switching_Ratio,Transients,Count_Zeros,Biggest_Interval,Directions,Periodicity_Time
IOPS_394,3.712628550790242e-06,0.006519908226167104,0.17383472266530103,0.03021851080412212,0.501625,0.498375,46809.93812057747,-0.7869124778772205,-0.07747630150661222,7.112275759258087,-0.11245501693026257,-0.04327377230416831,-0.15836752642420038,0.1577286680858201,-1.236356778613498,0.5554728693874438,-1.7918296480009417,0.17383472270494676,0.1609375940885916,1.6006293939835947,0.577305022042091,0.09701520608402973,-1.236356778613498,46809.93812057747,3999.5,3999.5,1999.75,5999.25,1.0,1.0,1.0,1.0,7999.0,23.00154797665551,0.014320437727413383,1.667469815160583e-140,6.256556412863561,6.256556412863561,0.0,1.0424949993698251,1.7637470293581298e-09,0.000980477671693499,4.654285266408296e-05,0.00011142680958080109,1.7637470293581298e-09,9.419418837675352,2.712705410821643,0.02327142633204148,4.8300416046334,4.3989530888602175,3.0033299869933314,-0.08521439396511367,1.6874876829816898,0.09958342102061249,7.437434869739479,-0.3103342024730853,5.443378802897655e-05,1.0,0,0.9973746718338545,1,0,3.6422933745146366,0.4999374921864608,205.64145834019308
