Dataset_Name,Mean,Median,Std,Variance,Pct_Above_Mean,Pct_Below_Mean,Coeff_Var,Kurtosis,Skew_Fisher,Skew_Pearson_SK1,Skew_Pearson_SK2,Skew_Galton,Q1,Q3,Min,Max,Min_Minus_Max,RMS,Avg_Dispersion,Entropy,Scaled_Entropy,Pct_Deviation,Mode,Burstiness,Time_Mean,Time_Median,Time_Q1,Time_Q3,DiffTime_Mean,DiffTime_Median,DiffTime_Min,DiffTime_Max,Duration,Hurst_Exponent,Benford_Law,Normal_Dist,Count_Distribution,Count_NZ_Distribution,Time_Distribution,Stationarity,Power_Min,Power_Max,Power_Mean,Power_Std,Power_Mode,Freq_Max_Power,Freq_Min_Power,Spectral_Energy,Spectral_Entropy,Spectral_Centroid,Spectral_Spread,Spectral_Skewness,Spectral_Kurtosis,Spectral_Flatness,Spectral_Rolloff,Spectral_Slope,Spectral_Flux,Periodicity_Spectral,Sig_Spaces,Switching_Ratio,Transients,Count_Zeros,Biggest_Interval,Directions,Periodicity_Time
Yahoo_A1real_37_data,0.004247271780209833,0.0011758663372747002,0.5731608263274296,0.3285133328363419,0.496513249651325,0.5034867503486751,134.94796684547137,2.9154793680651974,0.378495826686307,5.778048256940413,0.016076144581914344,-0.025559117290619812,-0.29392436920827597,0.28156704919456294,-3.3075036475055697,2.659144086919639,-5.966647734425209,0.5731765628093292,0.4124224813145959,1.7422433520408882,0.6433571101039472,0.0960607784710427,-3.3075036475055697,134.94796684547137,716.5,716.5,358.25,1074.75,1.0,1.0,1.0,1.0,1433.0,23.45387147898073,0.00011415042674395287,3.471391884454674e-30,0.2562866651326295,0.2562866651326295,0.0,0.6585841230820654,6.363226010879492e-08,0.02322613493866484,0.0011483396553491718,0.0026013280853286716,6.363226010879492e-08,0.4504408817635271,7.597595190380762,0.5741698276745859,4.927774910443001,4.436055700515742,2.8080090676005285,-0.2830715156248154,1.678710689129646,0.1307665595100849,7.157154308617235,-0.2727964061608334,0.0012910375318280654,1.0,0,0.8206559665032654,17,0,12.945744640699118,0.49406838799686387,56.69197052899904
