Dataset_Name,Mean,Median,Std,Variance,Pct_Above_Mean,Pct_Below_Mean,Coeff_Var,Kurtosis,Skew_Fisher,Skew_Pearson_SK1,Skew_Pearson_SK2,Skew_Galton,Q1,Q3,Min,Max,Min_Minus_Max,RMS,Avg_Dispersion,Entropy,Scaled_Entropy,Pct_Deviation,Mode,Burstiness,Time_Mean,Time_Median,Time_Q1,Time_Q3,DiffTime_Mean,DiffTime_Median,DiffTime_Min,DiffTime_Max,Duration,Hurst_Exponent,Benford_Law,Normal_Dist,Count_Distribution,Count_NZ_Distribution,Time_Distribution,Stationarity,Power_Min,Power_Max,Power_Mean,Power_Std,Power_Mode,Freq_Max_Power,Freq_Min_Power,Spectral_Energy,Spectral_Entropy,Spectral_Centroid,Spectral_Spread,Spectral_Skewness,Spectral_Kurtosis,Spectral_Flatness,Spectral_Rolloff,Spectral_Slope,Spectral_Flux,Periodicity_Spectral,Sig_Spaces,Switching_Ratio,Transients,Count_Zeros,Biggest_Interval,Directions,Periodicity_Time
speed_6005,1.819527808323951e-07,0.0029767161989155497,0.1503795299008567,0.022614003013202655,0.5032,0.4968,821958.153446276,-0.501182638968567,-0.07135914261823698,3.4555441973132965,-0.05938044017633839,-0.022255615466452088,-0.11345789512331805,0.1143415115015642,-0.5196429334463701,0.4610087719815254,-0.9806517054278956,0.15037952990096679,0.1253245476900277,2.177759427509297,0.8252035309144207,0.15334652345492417,-0.5196429334463701,821958.153446276,1249.5,1249.5,624.75,1874.25,1.0,1.0,1.0,1.0,2499.0,18.26694267816946,0.002645777204569836,1.8587412004229025e-11,1236.1346772371826,1236.1346772371826,0.0,1.057679325501474,1.596583848807568e-08,0.009388055217109944,0.0003960545415942354,0.0009748667465081658,1.596583848807568e-08,5.575571142284569,9.879879759519039,0.1980272707971177,4.782800556617804,4.553105112994668,2.6777031078173708,-0.3312704810458801,1.7938698074655677,0.09274681069043061,7.017014028056113,-0.24518421944273247,0.0004338725561766473,1.0,0,0.9843937575026073,1,0,1.6662999581199927,0.5022008803519399,33.77527228976096
