Dataset_Name,Mean,Median,Std,Variance,Pct_Above_Mean,Pct_Below_Mean,Coeff_Var,Kurtosis,Skew_Fisher,Skew_Pearson_SK1,Skew_Pearson_SK2,Skew_Galton,Q1,Q3,Min,Max,Min_Minus_Max,RMS,Avg_Dispersion,Entropy,Scaled_Entropy,Pct_Deviation,Mode,Burstiness,Time_Mean,Time_Median,Time_Q1,Time_Q3,DiffTime_Mean,DiffTime_Median,DiffTime_Min,DiffTime_Max,Duration,Hurst_Exponent,Benford_Law,Normal_Dist,Count_Distribution,Count_NZ_Distribution,Time_Distribution,Stationarity,Power_Min,Power_Max,Power_Mean,Power_Std,Power_Mode,Freq_Max_Power,Freq_Min_Power,Spectral_Energy,Spectral_Entropy,Spectral_Centroid,Spectral_Spread,Spectral_Skewness,Spectral_Kurtosis,Spectral_Flatness,Spectral_Rolloff,Spectral_Slope,Spectral_Flux,Periodicity_Spectral,Sig_Spaces,Switching_Ratio,Transients,Count_Zeros,Biggest_Interval,Directions,Periodicity_Time
Yahoo_A1real_23_data,8.524303816287438e-09,3.04049494878611e-05,0.0010495968306140995,1.1016535068351627e-06,0.5126760563380282,0.48732394366197185,110201.94765513382,4.586107005425229,-0.8917820294864012,5.82739922588599,-0.0868802058201486,-0.0027537968238197353,-0.00058018313909525,0.000637639399478475,-0.0061164170613084,0.0038451989084007,-0.0099616159697091,0.0010495968306487146,0.0007714078195151204,1.871471854110472,0.6749907905286614,0.1053641024148663,-0.0061164170613084,110201.94765513382,709.5,709.5,354.75,1064.25,1.0,1.0,1.0,1.0,1419.0,29.091960401884084,0.0004779373991880193,6.608102970232424e-65,-634.3886107598012,-634.3886107598012,0.0,1.4570861214730393,3.2730930412969393e-07,0.03394551695567221,0.0011406072728347568,0.003024022106428951,3.2730930412969393e-07,6.19619238476954,2.9729659318637274,0.5703036364173784,4.83260543670857,4.56545448426294,2.8410988844029954,-0.4370121663879849,1.8164555472190747,0.1859997147411802,6.89689378757515,-0.16121368846084866,0.0012817293908626809,1.0,0,0.8548273431988338,6,0,0.028306903706738457,0.49471458773749494,0.0005971634589866767
