Dataset_Name,Mean,Median,Std,Variance,Pct_Above_Mean,Pct_Below_Mean,Coeff_Var,Kurtosis,Skew_Fisher,Skew_Pearson_SK1,Skew_Pearson_SK2,Skew_Galton,Q1,Q3,Min,Max,Min_Minus_Max,RMS,Avg_Dispersion,Entropy,Scaled_Entropy,Pct_Deviation,Mode,Burstiness,Time_Mean,Time_Median,Time_Q1,Time_Q3,DiffTime_Mean,DiffTime_Median,DiffTime_Min,DiffTime_Max,Duration,Hurst_Exponent,Benford_Law,Normal_Dist,Count_Distribution,Count_NZ_Distribution,Time_Distribution,Stationarity,Power_Min,Power_Max,Power_Mean,Power_Std,Power_Mode,Freq_Max_Power,Freq_Min_Power,Spectral_Energy,Spectral_Entropy,Spectral_Centroid,Spectral_Spread,Spectral_Skewness,Spectral_Kurtosis,Spectral_Flatness,Spectral_Rolloff,Spectral_Slope,Spectral_Flux,Periodicity_Spectral,Sig_Spaces,Switching_Ratio,Transients,Count_Zeros,Biggest_Interval,Directions,Periodicity_Time
IOPS_275,7.870607956146358e-07,0.0018388743360731041,0.1175709192368687,0.013822921050202304,0.501375,0.498625,149190.16386949067,-1.2082317649504934,0.0343128875547838,2.634419407892716,-0.04690157918916474,-0.022058806541617525,-0.10749529781855927,0.10645358935665428,-0.3097303270150178,0.5443161030752321,-0.8540464300902499,0.11757091923950314,0.10792024060641643,1.9819146453970338,0.7148246073370588,0.1376633810023434,-0.3097303270150178,149190.16386949067,3999.5,3999.5,1999.75,5999.25,1.0,1.0,1.0,1.0,7999.0,18.82774049256672,0.011015705415615563,0.0,87.54050100442178,87.54050100442178,0.0,1.0402558144131264,1.8340464347019257e-09,0.0009911248121703407,4.649893426636802e-05,0.00010208607523362216,1.8340464347019257e-09,9.419418837675352,5.575571142284569,0.02324946713318401,4.9217942869485505,4.342783826649331,3.0144408379732224,-0.0464396579842212,1.6352920536605218,0.1108316730094371,7.437434869739479,-0.3196756832219951,4.506122681720614e-05,1.0,0,0.9991248906112015,5,0,1.5967876335795381,0.4999374921864608,92.2994751057552
