Dataset_Name,Mean,Median,Std,Variance,Pct_Above_Mean,Pct_Below_Mean,Coeff_Var,Kurtosis,Skew_Fisher,Skew_Pearson_SK1,Skew_Pearson_SK2,Skew_Galton,Q1,Q3,Min,Max,Min_Minus_Max,RMS,Avg_Dispersion,Entropy,Scaled_Entropy,Pct_Deviation,Mode,Burstiness,Time_Mean,Time_Median,Time_Q1,Time_Q3,DiffTime_Mean,DiffTime_Median,DiffTime_Min,DiffTime_Max,Duration,Hurst_Exponent,Benford_Law,Normal_Dist,Count_Distribution,Count_NZ_Distribution,Time_Distribution,Stationarity,Power_Min,Power_Max,Power_Mean,Power_Std,Power_Mode,Freq_Max_Power,Freq_Min_Power,Spectral_Energy,Spectral_Entropy,Spectral_Centroid,Spectral_Spread,Spectral_Skewness,Spectral_Kurtosis,Spectral_Flatness,Spectral_Rolloff,Spectral_Slope,Spectral_Flux,Periodicity_Spectral,Sig_Spaces,Switching_Ratio,Transients,Count_Zeros,Biggest_Interval,Directions,Periodicity_Time
IOPS_236,3.1105545419851667e-06,-0.0021289741806569396,0.06624725438671097,0.004388698713777597,0.48325,0.51675,21290.725742652525,35.11941358086792,-1.4484656360357855,20.711901515827094,0.0965512332285972,0.04316073463168218,-0.03669550393491505,0.03555598286529005,-1.3721035187088617,0.46412810431920093,-1.8362316230280626,0.06624725445973703,0.0467312199440387,1.092959576635426,0.36483886958761946,0.036077831097030784,-1.3721035187088617,21290.725742652525,3999.5,3999.5,1999.75,5999.25,1.0,1.0,1.0,1.0,7999.0,51.79611912030166,0.0006276472616535868,0.0,25.666625486678157,25.666625486678157,0.0,1.7666886010568392,2.2037174264359888e-09,0.005132028088164958,0.0001804570617839362,0.0004124292685129621,2.2037174264359888e-09,6.336332665330661,3.4734669338677353,0.0902285308919681,4.929455806366853,4.786127805646876,2.584235601025382,-0.5997539530306403,1.9381096411859586,0.1061974989605904,7.0970941883767535,-0.3345701866141489,0.00020151722363641742,1.0,0,0.5728216027002659,55,0,3.0418375339356416,0.5036879609950614,1.9106604885131095
