Dataset_Name,Mean,Median,Std,Variance,Pct_Above_Mean,Pct_Below_Mean,Coeff_Var,Kurtosis,Skew_Fisher,Skew_Pearson_SK1,Skew_Pearson_SK2,Skew_Galton,Q1,Q3,Min,Max,Min_Minus_Max,RMS,Avg_Dispersion,Entropy,Scaled_Entropy,Pct_Deviation,Mode,Burstiness,Time_Mean,Time_Median,Time_Q1,Time_Q3,DiffTime_Mean,DiffTime_Median,DiffTime_Min,DiffTime_Max,Duration,Hurst_Exponent,Benford_Law,Normal_Dist,Count_Distribution,Count_NZ_Distribution,Time_Distribution,Stationarity,Power_Min,Power_Max,Power_Mean,Power_Std,Power_Mode,Freq_Max_Power,Freq_Min_Power,Spectral_Energy,Spectral_Entropy,Spectral_Centroid,Spectral_Spread,Spectral_Skewness,Spectral_Kurtosis,Spectral_Flatness,Spectral_Rolloff,Spectral_Slope,Spectral_Flux,Periodicity_Spectral,Sig_Spaces,Switching_Ratio,Transients,Count_Zeros,Biggest_Interval,Directions,Periodicity_Time
exchange-2_cpm_results,2.5646596720442707e-08,0.00014749528640064998,0.0016926103266048374,2.864929717729334e-06,0.5043103448275862,0.4956896551724138,63520.69438219487,-1.3783847812889145,0.04199261655911278,2.5484901249395273,-0.26137655612833727,-0.09658342111538805,-0.0015747277434522999,0.00156634287351815,-0.0043135776046165,0.005414181369526,-0.009727758974142499,0.001692610326799137,0.0015823307454169624,1.8923774630487702,0.7377835577166416,0.17399795339358595,-0.0043135776046165,63520.69438219487,811.5,811.5,405.75,1217.25,1.0,1.0,1.0,1.0,1623.0,10.937539204718373,0.018259346716678927,0.0,12.725558056754073,12.725558056754073,0.0,0.8967392638621651,6.098604996645636e-09,0.0723543486212418,0.0003802805989066343,0.0032874392602666547,6.098604996645636e-09,9.419418837675352,8.998997995991985,0.19014029945331715,3.6990492584606542,6.461741296955858,3.2984880840434774,-0.6694530952419563,1.9603048283024476,0.11744965489389171,9.419418837675352,-0.23708935461110606,0.0005213829081045242,1.0,0,0.9981515711638952,1,0,0.015808591154483957,0.5009242144174363,0.0040543057321987454
