Dataset_Name,Mean,Median,Std,Variance,Pct_Above_Mean,Pct_Below_Mean,Coeff_Var,Kurtosis,Skew_Fisher,Skew_Pearson_SK1,Skew_Pearson_SK2,Skew_Galton,Q1,Q3,Min,Max,Min_Minus_Max,RMS,Avg_Dispersion,Entropy,Scaled_Entropy,Pct_Deviation,Mode,Burstiness,Time_Mean,Time_Median,Time_Q1,Time_Q3,DiffTime_Mean,DiffTime_Median,DiffTime_Min,DiffTime_Max,Duration,Hurst_Exponent,Benford_Law,Normal_Dist,Count_Distribution,Count_NZ_Distribution,Time_Distribution,Stationarity,Power_Min,Power_Max,Power_Mean,Power_Std,Power_Mode,Freq_Max_Power,Freq_Min_Power,Spectral_Energy,Spectral_Entropy,Spectral_Centroid,Spectral_Spread,Spectral_Skewness,Spectral_Kurtosis,Spectral_Flatness,Spectral_Rolloff,Spectral_Slope,Spectral_Flux,Periodicity_Spectral,Sig_Spaces,Switching_Ratio,Transients,Count_Zeros,Biggest_Interval,Directions,Periodicity_Time
art_daily_flatmiddle,0.012846391919560248,0.013413095421148151,0.08899462228909996,0.007920042796379569,0.5042162698412699,0.4957837301587302,6.927596162312183,4.556619251808624,-0.09527083329996894,4.884640384362118,-0.019103519313081227,0.021731021334454786,-0.028395153495146926,0.057078780236639474,-0.4218603389894709,0.4585700925489391,-0.8804304315384099,0.08991703165546842,0.06088701205525743,1.7373417007905803,0.6415470804204122,0.101080811157919,-0.4218603389894709,6.927596162312183,2015.5,2015.5,1007.75,3023.25,1.0,1.0,1.0,1.0,4031.0,45.284503535916656,0.0003802135756631835,1.045250024205619e-92,0.4449756866118515,0.4449756866118515,0.0,1.072349875194195,3.0947100775039204e-09,0.05946017540918764,0.0007510226824472914,0.004465654656441668,3.0947100775039204e-09,5.955951903807615,0.47046092184368743,0.3755113412236457,3.3685888024169444,4.198955054802535,2.835353535478853,-0.2919188949475005,1.4198611250889321,0.02362865110641438,7.177174348697395,-0.35858301269133874,0.0013594342836887525,1.0,0,0.7705284048621259,48,0,8.384545384367692,0.4916894070948917,0.6971252843387927
