Dataset_Name,Mean,Median,Std,Variance,Pct_Above_Mean,Pct_Below_Mean,Coeff_Var,Kurtosis,Skew_Fisher,Skew_Pearson_SK1,Skew_Pearson_SK2,Skew_Galton,Q1,Q3,Min,Max,Min_Minus_Max,RMS,Avg_Dispersion,Entropy,Scaled_Entropy,Pct_Deviation,Mode,Burstiness,Time_Mean,Time_Median,Time_Q1,Time_Q3,DiffTime_Mean,DiffTime_Median,DiffTime_Min,DiffTime_Max,Duration,Hurst_Exponent,Benford_Law,Normal_Dist,Count_Distribution,Count_NZ_Distribution,Time_Distribution,Stationarity,Power_Min,Power_Max,Power_Mean,Power_Std,Power_Mode,Freq_Max_Power,Freq_Min_Power,Spectral_Energy,Spectral_Entropy,Spectral_Centroid,Spectral_Spread,Spectral_Skewness,Spectral_Kurtosis,Spectral_Flatness,Spectral_Rolloff,Spectral_Slope,Spectral_Flux,Periodicity_Spectral,Sig_Spaces,Switching_Ratio,Transients,Count_Zeros,Biggest_Interval,Directions,Periodicity_Time
Yahoo_A1real_52_data,0.008934686110120443,159.9786723330617,5236.114501061945,27416895.068231177,0.5153631284916201,0.48463687150837986,586043.4099735765,20.84753199008096,-2.346867414286608,10.3840251861761,-0.09165368955232586,0.020674659239037003,-2744.9191653574817,3187.5278301085345,-54371.93592205341,19139.444137047976,-73511.38005910139,5236.114501069567,3654.896741871073,1.4932646905724651,0.5270569169025413,0.07122862469528068,-54371.93592205341,586043.4099735765,715.5,715.5,357.75,1073.25,1.0,1.0,1.0,1.0,1431.0,23.140277269941354,0.0011839405102793553,1.238267403028176e-192,767.3569717270632,767.3569717270632,0.0,0.7311240404495617,2.2521059122990657e-07,0.03667352391455329,0.0010092432100613162,0.0026398402470965998,2.2521059122990657e-07,5.235230460921844,0.5505410821643287,0.5046216050306581,4.904305072803492,4.705697355342625,2.737594818947662,-0.38636532937242163,1.857832684651412,0.202876353226594,7.3773747494989985,-0.27136268137468444,0.001121086129396467,1.0,0,0.9140461215926526,4,0,78170.09513590415,0.498252969950735,9081259898.405926
