Dataset_Name,Mean,Median,Std,Variance,Pct_Above_Mean,Pct_Below_Mean,Coeff_Var,Kurtosis,Skew_Fisher,Skew_Pearson_SK1,Skew_Pearson_SK2,Skew_Galton,Q1,Q3,Min,Max,Min_Minus_Max,RMS,Avg_Dispersion,Entropy,Scaled_Entropy,Pct_Deviation,Mode,Burstiness,Time_Mean,Time_Median,Time_Q1,Time_Q3,DiffTime_Mean,DiffTime_Median,DiffTime_Min,DiffTime_Max,Duration,Hurst_Exponent,Benford_Law,Normal_Dist,Count_Distribution,Count_NZ_Distribution,Time_Distribution,Stationarity,Power_Min,Power_Max,Power_Mean,Power_Std,Power_Mode,Freq_Max_Power,Freq_Min_Power,Spectral_Energy,Spectral_Entropy,Spectral_Centroid,Spectral_Spread,Spectral_Skewness,Spectral_Kurtosis,Spectral_Flatness,Spectral_Rolloff,Spectral_Slope,Spectral_Flux,Periodicity_Spectral,Sig_Spaces,Switching_Ratio,Transients,Count_Zeros,Biggest_Interval,Directions,Periodicity_Time
IOPS_353,5.780311691605533e-08,0.001088513010985892,0.03690315323712601,0.0013618427188428035,0.50325,0.49675,627571.3800989032,-0.8291842464264367,0.037794026104788395,3.2646706764645455,-0.08848472958774466,-0.04891518997427174,-0.032275944679646784,0.03134112938902689,-0.1204765877038767,0.2307386774610407,-0.3512152651649174,0.03690315323717127,0.03251959263250169,1.8617282303523093,0.6714765211108816,0.1050727482324122,-0.1204765877038767,627571.3800989032,3999.5,3999.5,1999.75,5999.25,1.0,1.0,1.0,1.0,7999.0,24.69172566632575,0.0046583106004588586,7.386891327608538e-170,-623.9301335144394,-623.9301335144394,0.0,1.062229489750497,1.788753745259728e-09,0.0016088076309515131,5.143116425974725e-05,0.00013892126722268053,1.788753745259728e-09,6.396392785571143,3.7337274549098196,0.025715582129873626,4.7926501588228625,4.651795067356448,2.8958568623216845,-0.31360628527805384,1.8304437925376407,0.11430364677338707,7.337334669338678,-0.3145007036317446,5.992734308522563e-05,1.0,0,0.9993749218651081,3,0,0.6498538442862909,0.5000625078134141,8.907966564446019
