Dataset_Name,Mean,Median,Std,Variance,Pct_Above_Mean,Pct_Below_Mean,Coeff_Var,Kurtosis,Skew_Fisher,Skew_Pearson_SK1,Skew_Pearson_SK2,Skew_Galton,Q1,Q3,Min,Max,Min_Minus_Max,RMS,Avg_Dispersion,Entropy,Scaled_Entropy,Pct_Deviation,Mode,Burstiness,Time_Mean,Time_Median,Time_Q1,Time_Q3,DiffTime_Mean,DiffTime_Median,DiffTime_Min,DiffTime_Max,Duration,Hurst_Exponent,Benford_Law,Normal_Dist,Count_Distribution,Count_NZ_Distribution,Time_Distribution,Stationarity,Power_Min,Power_Max,Power_Mean,Power_Std,Power_Mode,Freq_Max_Power,Freq_Min_Power,Spectral_Energy,Spectral_Entropy,Spectral_Centroid,Spectral_Spread,Spectral_Skewness,Spectral_Kurtosis,Spectral_Flatness,Spectral_Rolloff,Spectral_Slope,Spectral_Flux,Periodicity_Spectral,Sig_Spaces,Switching_Ratio,Transients,Count_Zeros,Biggest_Interval,Directions,Periodicity_Time
Yahoo_A1real_67_data,-1.7119392679239727,0.4837168697899159,74.42353369587725,5538.862367781377,0.9782150386507379,0.02178496134926212,-43.47323245269215,1401.4015416263458,-37.35151948808947,37.5987924613738,-0.08850652590577071,-0.3412466419730201,-0.7950216752527908,1.1117693725011328,-2799.9469369788712,56.533225756675165,-2856.4801627355464,74.44322067077994,4.779348518533303,0.005849174822261696,0.001921212584235139,0.026054279902500182,-2799.9469369788712,-43.47323245269215,711.0,711.0,355.5,1066.5,1.0,1.0,1.0,1.0,1422.0,15.831515048554706,0.005627366569430401,0.0,-0.03505739672091337,-0.03505739672091337,0.0,8.747547696925385e-05,0.001162496612836813,0.0021604777109879465,0.001402732417041267,0.00015510850409223618,0.001162496612836813,5.675671342685371,6.976973947895792,0.7013662085206335,6.208905696019103,4.9938606725247325,2.888034652487586,-0.010760568148194916,1.8064547715958734,0.994644411197732,8.478476953907816,-0.004583246550874463,6.044116306674689e-05,1.0,0,0.969760900139965,0,0,330.052684583374,0.5021097046409971,48640.640920185295
