Dataset_Name,Mean,Median,Std,Variance,Pct_Above_Mean,Pct_Below_Mean,Coeff_Var,Kurtosis,Skew_Fisher,Skew_Pearson_SK1,Skew_Pearson_SK2,Skew_Galton,Q1,Q3,Min,Max,Min_Minus_Max,RMS,Avg_Dispersion,Entropy,Scaled_Entropy,Pct_Deviation,Mode,Burstiness,Time_Mean,Time_Median,Time_Q1,Time_Q3,DiffTime_Mean,DiffTime_Median,DiffTime_Min,DiffTime_Max,Duration,Hurst_Exponent,Benford_Law,Normal_Dist,Count_Distribution,Count_NZ_Distribution,Time_Distribution,Stationarity,Power_Min,Power_Max,Power_Mean,Power_Std,Power_Mode,Freq_Max_Power,Freq_Min_Power,Spectral_Energy,Spectral_Entropy,Spectral_Centroid,Spectral_Spread,Spectral_Skewness,Spectral_Kurtosis,Spectral_Flatness,Spectral_Rolloff,Spectral_Slope,Spectral_Flux,Periodicity_Spectral,Sig_Spaces,Switching_Ratio,Transients,Count_Zeros,Biggest_Interval,Directions,Periodicity_Time
nyc_taxi,0.0005975533049839187,-0.5113902115408564,35.93208057463128,1291.1144144217947,0.4994186046511628,0.5005813953488372,60131.90813778553,-1.470030587785731,0.03521236254532097,5.011270846433033,0.04274629439574377,0.004658189274062755,-34.60191449338856,33.898220665179,-180.0647902870387,189.09344438206608,-369.1582346691048,35.93208057959996,34.15494010136556,1.5013036055702642,0.5414808164609373,0.09733517283378952,-180.0647902870387,60131.90813778553,5159.5,5159.5,2579.75,7739.25,1.0,1.0,1.0,1.0,10319.0,16.083390797744073,0.016702753395088213,0.0,-5.85376995971967,-5.85376995971967,0.0,0.9879483984825653,8.864405191018279e-10,0.0007425123888415221,1.6326193279097587e-05,4.833845765457044e-05,8.864405191018279e-10,9.419418837675352,9.95995991983968,0.008163096639548794,4.844830117721295,5.215753968567099,2.9701343307243384,0.002790679856909858,1.6999345902035883,0.15594685177455495,9.33933867735471,-0.014781859007236789,1.998457921823908e-05,1.0,0,0.9985463707722648,3,0,407.29856006155387,0.5000484543075394,11826820.816058243
