Dataset_Name,Mean,Median,Std,Variance,Pct_Above_Mean,Pct_Below_Mean,Coeff_Var,Kurtosis,Skew_Fisher,Skew_Pearson_SK1,Skew_Pearson_SK2,Skew_Galton,Q1,Q3,Min,Max,Min_Minus_Max,RMS,Avg_Dispersion,Entropy,Scaled_Entropy,Pct_Deviation,Mode,Burstiness,Time_Mean,Time_Median,Time_Q1,Time_Q3,DiffTime_Mean,DiffTime_Median,DiffTime_Min,DiffTime_Max,Duration,Hurst_Exponent,Benford_Law,Normal_Dist,Count_Distribution,Count_NZ_Distribution,Time_Distribution,Stationarity,Power_Min,Power_Max,Power_Mean,Power_Std,Power_Mode,Freq_Max_Power,Freq_Min_Power,Spectral_Energy,Spectral_Entropy,Spectral_Centroid,Spectral_Spread,Spectral_Skewness,Spectral_Kurtosis,Spectral_Flatness,Spectral_Rolloff,Spectral_Slope,Spectral_Flux,Periodicity_Spectral,Sig_Spaces,Switching_Ratio,Transients,Count_Zeros,Biggest_Interval,Directions,Periodicity_Time
rds_cpu_utilization_e47b3b,7.655799058758134e-07,0.045501411747822254,0.12781756914106054,0.016337330981129796,0.5004960317460317,0.49950396825396826,166737.43749522063,-1.811268199324535,0.03191121200868525,2.1733126715313187,-1.0679434631178206,-0.3607429236336781,-0.12698467401697572,0.12653284584463925,-0.2777867792520041,0.6187693956259466,-0.8965561748779507,0.12781756914335332,0.12705221615238463,0.8186845529209383,0.3102185554756682,0.14256504230300512,-0.2777867792520041,166737.43749522063,2015.5,2015.5,1007.75,3023.25,1.0,1.0,1.0,1.0,4031.0,7.339076644577116,0.060004040512619344,0.0,-1.0083383848283505,-1.0083383848283505,0.0,1.0189975769542714,1.140419224834662e-09,0.015966554017284588,6.751348877315163e-05,0.0007864855594994929,1.140419224834662e-09,9.419418837675352,4.654649298597194,0.03375674438657582,2.261174888711939,6.843767780632586,3.106698319087158,-0.5181288537341878,1.5069318214501872,0.034211985564311265,9.419418837675352,-0.055848294388623876,9.67364462169396e-05,1.0,0,0.9992557677993056,2,0,1.0717140760257422,0.5003721161000991,64.81864456823998
