Dataset_Name,Mean,Median,Std,Variance,Pct_Above_Mean,Pct_Below_Mean,Coeff_Var,Kurtosis,Skew_Fisher,Skew_Pearson_SK1,Skew_Pearson_SK2,Skew_Galton,Q1,Q3,Min,Max,Min_Minus_Max,RMS,Avg_Dispersion,Entropy,Scaled_Entropy,Pct_Deviation,Mode,Burstiness,Time_Mean,Time_Median,Time_Q1,Time_Q3,DiffTime_Mean,DiffTime_Median,DiffTime_Min,DiffTime_Max,Duration,Hurst_Exponent,Benford_Law,Normal_Dist,Count_Distribution,Count_NZ_Distribution,Time_Distribution,Stationarity,Power_Min,Power_Max,Power_Mean,Power_Std,Power_Mode,Freq_Max_Power,Freq_Min_Power,Spectral_Energy,Spectral_Entropy,Spectral_Centroid,Spectral_Spread,Spectral_Skewness,Spectral_Kurtosis,Spectral_Flatness,Spectral_Rolloff,Spectral_Slope,Spectral_Flux,Periodicity_Spectral,Sig_Spaces,Switching_Ratio,Transients,Count_Zeros,Biggest_Interval,Directions,Periodicity_Time
Yahoo_A1real_34_data,1.7265296921016116,2.9828738875949057,80.67248103116269,6508.049195723304,0.5010511562718991,0.4989488437281009,46.725220743953265,605.0387813366923,19.9132830031395,2.3016343851391383,-0.04672017692101518,-0.0627093800568944,-41.27368049900724,42.01636138281265,-183.95202658600897,2463.469803688022,-2647.421830274031,80.69095426688801,44.91509169554669,0.39730690627338366,0.13262430346267684,0.030472091794597735,-183.95202658600897,46.725220743953265,713.0,713.0,356.5,1069.5,1.0,1.0,1.0,1.0,1426.0,12.847963042527825,0.014297769838759926,0.0,-0.021267083980846823,-0.021267083980846823,0.0,0.18410150140573117,5.389098348738677e-06,0.016891288906115635,0.0010553123651026275,0.0009268389939666856,5.389098348738677e-06,9.419418837675352,0.43042084168336675,0.5276561825513137,6.032865842038806,5.097268256335909,2.9634861818953144,-0.06517105695458322,1.7854558049758342,0.8545857904953924,8.7387374749499,0.017820143288411337,0.0005841632491661508,1.0,0,0.9936886395504954,3,0,2371.697147342863,0.4992987377275601,2793798.699813048
