Dataset_Name,Mean,Median,Std,Variance,Pct_Above_Mean,Pct_Below_Mean,Coeff_Var,Kurtosis,Skew_Fisher,Skew_Pearson_SK1,Skew_Pearson_SK2,Skew_Galton,Q1,Q3,Min,Max,Min_Minus_Max,RMS,Avg_Dispersion,Entropy,Scaled_Entropy,Pct_Deviation,Mode,Burstiness,Time_Mean,Time_Median,Time_Q1,Time_Q3,DiffTime_Mean,DiffTime_Median,DiffTime_Min,DiffTime_Max,Duration,Hurst_Exponent,Benford_Law,Normal_Dist,Count_Distribution,Count_NZ_Distribution,Time_Distribution,Stationarity,Power_Min,Power_Max,Power_Mean,Power_Std,Power_Mode,Freq_Max_Power,Freq_Min_Power,Spectral_Energy,Spectral_Entropy,Spectral_Centroid,Spectral_Spread,Spectral_Skewness,Spectral_Kurtosis,Spectral_Flatness,Spectral_Rolloff,Spectral_Slope,Spectral_Flux,Periodicity_Spectral,Sig_Spaces,Switching_Ratio,Transients,Count_Zeros,Biggest_Interval,Directions,Periodicity_Time
Yahoo_A1real_51_data,-0.0784544184754351,0.0152273869276768,3.2883374898497397,10.813163447151286,0.5248773651016118,0.47512263489838824,-41.91398770986162,937.8395771107108,-27.6966873770641,34.03566133053346,-0.08546732718018879,0.00438736322892388,-0.773645108811138,0.8110525268063498,-111.99919559753334,7.535968770779846,-119.53516436831319,3.28927325452441,1.121299499210572,0.30999666732035175,0.10182111433224786,0.027509373557141437,-111.99919559753334,-41.91398770986162,713.0,713.0,356.5,1069.5,1.0,1.0,1.0,1.0,1426.0,34.17280409828784,0.00046235772785265,0.0,-0.05878492985486059,-0.05878492985486059,0.0,0.0814932256193588,3.927189044044843e-05,0.0095352081357744,0.0013698899227967422,0.0008359777725011495,3.927189044044843e-05,6.3563527054108215,7.677675350701403,0.6849449613983711,6.074003864056069,4.975523154060452,2.8864172194287683,-0.06666211740126816,1.842701477927673,0.8711360371705784,8.358356713426854,-0.025117325884942268,0.0007442497908326651,1.0,0,0.7952314165492319,0,0,44.03612117057579,0.5035063113600957,636.6957674139877
