Dataset_Name,Mean,Median,Std,Variance,Pct_Above_Mean,Pct_Below_Mean,Coeff_Var,Kurtosis,Skew_Fisher,Skew_Pearson_SK1,Skew_Pearson_SK2,Skew_Galton,Q1,Q3,Min,Max,Min_Minus_Max,RMS,Avg_Dispersion,Entropy,Scaled_Entropy,Pct_Deviation,Mode,Burstiness,Time_Mean,Time_Median,Time_Q1,Time_Q3,DiffTime_Mean,DiffTime_Median,DiffTime_Min,DiffTime_Max,Duration,Hurst_Exponent,Benford_Law,Normal_Dist,Count_Distribution,Count_NZ_Distribution,Time_Distribution,Stationarity,Power_Min,Power_Max,Power_Mean,Power_Std,Power_Mode,Freq_Max_Power,Freq_Min_Power,Spectral_Energy,Spectral_Entropy,Spectral_Centroid,Spectral_Spread,Spectral_Skewness,Spectral_Kurtosis,Spectral_Flatness,Spectral_Rolloff,Spectral_Slope,Spectral_Flux,Periodicity_Spectral,Sig_Spaces,Switching_Ratio,Transients,Count_Zeros,Biggest_Interval,Directions,Periodicity_Time
IOPS_478,4.698459152319145e-08,0.0007880921198406554,0.041763363474616955,0.0017441785287129693,0.503375,0.496625,870349.4632111703,-0.3843461739071383,0.11465982080317215,3.314083373606871,-0.056607877154731555,-0.032761004456639375,-0.03644537207771492,0.03565933369739227,-0.13840722484662038,0.3239489463155394,-0.46235617116215977,0.041763363474643385,0.03691107187034046,1.766348049927914,0.623443360878588,0.09032725415844456,-0.13840722484662038,870349.4632111703,3999.5,3999.5,1999.75,5999.25,1.0,1.0,1.0,1.0,7999.0,19.274374315467067,0.0055792129826446905,4.651147923265534e-21,219.27958575791433,219.27958575791433,0.0,1.0712602600166463,9.496772597208101e-09,0.0010651305675947363,6.058723439847552e-05,0.00013633065145457138,9.496772597208101e-09,6.176172344689379,2.752745490981964,0.03029361719923776,4.923389153864392,4.515790342029609,2.844122359692139,-0.19776008017719188,1.7667810693422623,0.11284204784916067,7.137134268537075,-0.335538008567192,6.339909389432312e-05,1.0,0,0.9981247655955746,5,0,1.0472627871685276,0.4999374921864608,10.934557417052156
