Dataset_Name,Mean,Median,Std,Variance,Pct_Above_Mean,Pct_Below_Mean,Coeff_Var,Kurtosis,Skew_Fisher,Skew_Pearson_SK1,Skew_Pearson_SK2,Skew_Galton,Q1,Q3,Min,Max,Min_Minus_Max,RMS,Avg_Dispersion,Entropy,Scaled_Entropy,Pct_Deviation,Mode,Burstiness,Time_Mean,Time_Median,Time_Q1,Time_Q3,DiffTime_Mean,DiffTime_Median,DiffTime_Min,DiffTime_Max,Duration,Hurst_Exponent,Benford_Law,Normal_Dist,Count_Distribution,Count_NZ_Distribution,Time_Distribution,Stationarity,Power_Min,Power_Max,Power_Mean,Power_Std,Power_Mode,Freq_Max_Power,Freq_Min_Power,Spectral_Energy,Spectral_Entropy,Spectral_Centroid,Spectral_Spread,Spectral_Skewness,Spectral_Kurtosis,Spectral_Flatness,Spectral_Rolloff,Spectral_Slope,Spectral_Flux,Periodicity_Spectral,Sig_Spaces,Switching_Ratio,Transients,Count_Zeros,Biggest_Interval,Directions,Periodicity_Time
IOPS_186,1.381023020070038e-07,0.0021153346369819914,0.01328175010133566,0.00017640488575432981,0.500625,0.499375,95481.88570356603,-1.7270153637708698,0.004732537260054669,2.0078066177054255,-0.4777675440252618,-0.16783773713685762,-0.012861236941558718,0.012787140428638821,-0.026667049653676056,0.03120257541992011,-0.057869625073596165,0.013281750102053645,0.01280961518896095,2.0605998101410843,0.7609163997556169,0.229511593602566,-0.026667049653676056,95481.88570356603,3999.5,3999.5,1999.75,5999.25,1.0,1.0,1.0,1.0,7999.0,8.55837656052593,0.030413552826604004,0.0,-36.281583471226064,-36.281583471226064,0.0,0.99992147356296,1.9455285456010077e-10,0.0011327770963159495,2.4243243385012734e-05,8.399177558989641e-05,1.9455285456010077e-10,9.419418837675352,8.67867735470942,0.012121621692506367,4.3735797789353725,5.380595157697006,2.8131926252886372,-0.33427426795844517,2.092069302820702,0.07178653855285677,9.279278557114228,-0.11060108322118457,2.7365070467247573e-05,1.0,0,0.9998749843729215,0,0,0.08932949826114633,0.4999374921864608,1.305447561176345
