Dataset_Name,Mean,Median,Std,Variance,Pct_Above_Mean,Pct_Below_Mean,Coeff_Var,Kurtosis,Skew_Fisher,Skew_Pearson_SK1,Skew_Pearson_SK2,Skew_Galton,Q1,Q3,Min,Max,Min_Minus_Max,RMS,Avg_Dispersion,Entropy,Scaled_Entropy,Pct_Deviation,Mode,Burstiness,Time_Mean,Time_Median,Time_Q1,Time_Q3,DiffTime_Mean,DiffTime_Median,DiffTime_Min,DiffTime_Max,Duration,Hurst_Exponent,Benford_Law,Normal_Dist,Count_Distribution,Count_NZ_Distribution,Time_Distribution,Stationarity,Power_Min,Power_Max,Power_Mean,Power_Std,Power_Mode,Freq_Max_Power,Freq_Min_Power,Spectral_Energy,Spectral_Entropy,Spectral_Centroid,Spectral_Spread,Spectral_Skewness,Spectral_Kurtosis,Spectral_Flatness,Spectral_Rolloff,Spectral_Slope,Spectral_Flux,Periodicity_Spectral,Sig_Spaces,Switching_Ratio,Transients,Count_Zeros,Biggest_Interval,Directions,Periodicity_Time
IOPS_330,0.016402130280739967,0.0819201821665146,0.16191035870234133,0.026214964255120835,0.509375,0.490625,9.871300011630982,390.20590643070926,10.764359304518788,5.7954401141672385,-1.2139689888817018,-0.6544370516036184,-0.11584332885153487,0.12322712777193358,-0.9219396632374557,6.715269437718689,-7.637209100956145,0.16273903690530803,0.1254550101257601,0.7354536833889214,0.23455749955399768,0.02120019977728129,-0.9219396632374557,9.871300011630982,3999.5,3999.5,1999.75,5999.25,1.0,1.0,1.0,1.0,7999.0,61.84089866811141,0.04129179463098601,0.0,0.5081570570212463,0.5081570570212463,0.0,2.2601028490287156,1.0998237776329393e-09,0.0011599268666101857,0.00010979622878189653,0.0001888043854072951,1.0998237776329393e-09,6.276272545090181,1.8518436873747497,0.054898114390948265,5.178032331850497,4.614552487392266,2.7293676618726423,-0.3741213244097902,1.773941940406086,0.1215731174536433,7.217214428857716,-0.258297910861984,8.374987459498105e-05,1.0,0,0.9956244530565076,19,0,31.54449425553309,0.5004375546942742,115.18591717746285
