Dataset_Name,Mean,Median,Std,Variance,Pct_Above_Mean,Pct_Below_Mean,Coeff_Var,Kurtosis,Skew_Fisher,Skew_Pearson_SK1,Skew_Pearson_SK2,Skew_Galton,Q1,Q3,Min,Max,Min_Minus_Max,RMS,Avg_Dispersion,Entropy,Scaled_Entropy,Pct_Deviation,Mode,Burstiness,Time_Mean,Time_Median,Time_Q1,Time_Q3,DiffTime_Mean,DiffTime_Median,DiffTime_Min,DiffTime_Max,Duration,Hurst_Exponent,Benford_Law,Normal_Dist,Count_Distribution,Count_NZ_Distribution,Time_Distribution,Stationarity,Power_Min,Power_Max,Power_Mean,Power_Std,Power_Mode,Freq_Max_Power,Freq_Min_Power,Spectral_Energy,Spectral_Entropy,Spectral_Centroid,Spectral_Spread,Spectral_Skewness,Spectral_Kurtosis,Spectral_Flatness,Spectral_Rolloff,Spectral_Slope,Spectral_Flux,Periodicity_Spectral,Sig_Spaces,Switching_Ratio,Transients,Count_Zeros,Biggest_Interval,Directions,Periodicity_Time
IOPS_401,3.2470032517928347e-06,-0.0007162044189925609,0.08516967724279688,0.007253873921642192,0.49525,0.50475,26222.165016548202,31.372972919074556,-1.6135398676948196,21.537357142707954,0.02534181543553737,0.014149899531715688,-0.052659402878830974,0.05271807477672752,-1.8343265310413877,0.35743103558155553,-2.191757566622943,0.08516967730469115,0.06366821422604811,1.1813453123366071,0.3943427529793154,0.03885907752798003,-1.8343265310413877,26222.165016548202,3999.5,3999.5,1999.75,5999.25,1.0,1.0,1.0,1.0,7999.0,48.941988853545574,0.0004531018298218453,0.0,-46.42047273824714,-46.42047273824714,0.0,0.6939041476041615,1.06454183004459e-09,0.00460345585384195,0.0001837562599563506,0.0004598235849325564,1.06454183004459e-09,6.8168136272545095,1.5715631262525052,0.0918781299781753,4.781633998849813,4.692862831645287,2.680050461794359,-0.554716791158856,1.8253155783524788,0.07594441788836416,6.89689378757515,-0.365952671218127,0.00019157861274065273,1.0,0,0.8163520440053986,22,0,3.378065824930218,0.4973121640204404,10.041265769766078
