Dataset_Name,Mean,Median,Std,Variance,Pct_Above_Mean,Pct_Below_Mean,Coeff_Var,Kurtosis,Skew_Fisher,Skew_Pearson_SK1,Skew_Pearson_SK2,Skew_Galton,Q1,Q3,Min,Max,Min_Minus_Max,RMS,Avg_Dispersion,Entropy,Scaled_Entropy,Pct_Deviation,Mode,Burstiness,Time_Mean,Time_Median,Time_Q1,Time_Q3,DiffTime_Mean,DiffTime_Median,DiffTime_Min,DiffTime_Max,Duration,Hurst_Exponent,Benford_Law,Normal_Dist,Count_Distribution,Count_NZ_Distribution,Time_Distribution,Stationarity,Power_Min,Power_Max,Power_Mean,Power_Std,Power_Mode,Freq_Max_Power,Freq_Min_Power,Spectral_Energy,Spectral_Entropy,Spectral_Centroid,Spectral_Spread,Spectral_Skewness,Spectral_Kurtosis,Spectral_Flatness,Spectral_Rolloff,Spectral_Slope,Spectral_Flux,Periodicity_Spectral,Sig_Spaces,Switching_Ratio,Transients,Count_Zeros,Biggest_Interval,Directions,Periodicity_Time
IOPS_242,0.0007181056248212703,0.008588543558025748,0.02085533704217597,0.0004349450831427571,0.5025,0.4975,29.042117592727486,939.5280127696092,18.948920914575574,14.627098918522845,-1.132147258983001,-0.714137733740477,-0.011948001949517182,0.012013369119143193,-0.3043349868973192,1.0772016621857006,-1.3815366490830199,0.020867696538697248,0.012876041083228163,0.06242375599258074,0.019642132986181737,0.015095753732572147,-0.3043349868973192,29.042117592727486,3999.5,3999.5,1999.75,5999.25,1.0,1.0,1.0,1.0,7999.0,41.33045893969068,0.0577362032356979,0.0,0.9670055363151313,0.9670055363151313,0.0,5.051509535543864,2.2907367990036224e-10,0.0014449329996169779,0.00015835517073414424,0.00025055886466328846,2.2907367990036224e-10,6.276272545090181,6.6366332665330665,0.07917758536707212,5.230081660535576,4.535915464175666,2.737859008072468,-0.41456601194493825,1.687672774505291,0.10305781656881978,7.297294589178357,-0.33131288998368746,7.033096593553169e-05,1.0,0,0.9946243280408807,24,0,5.256533416059234,0.5006875859481809,1.1602082781917022
