Dataset_Name,Mean,Median,Std,Variance,Pct_Above_Mean,Pct_Below_Mean,Coeff_Var,Kurtosis,Skew_Fisher,Skew_Pearson_SK1,Skew_Pearson_SK2,Skew_Galton,Q1,Q3,Min,Max,Min_Minus_Max,RMS,Avg_Dispersion,Entropy,Scaled_Entropy,Pct_Deviation,Mode,Burstiness,Time_Mean,Time_Median,Time_Q1,Time_Q3,DiffTime_Mean,DiffTime_Median,DiffTime_Min,DiffTime_Max,Duration,Hurst_Exponent,Benford_Law,Normal_Dist,Count_Distribution,Count_NZ_Distribution,Time_Distribution,Stationarity,Power_Min,Power_Max,Power_Mean,Power_Std,Power_Mode,Freq_Max_Power,Freq_Min_Power,Spectral_Energy,Spectral_Entropy,Spectral_Centroid,Spectral_Spread,Spectral_Skewness,Spectral_Kurtosis,Spectral_Flatness,Spectral_Rolloff,Spectral_Slope,Spectral_Flux,Periodicity_Spectral,Sig_Spaces,Switching_Ratio,Transients,Count_Zeros,Biggest_Interval,Directions,Periodicity_Time
Yahoo_A1real_57_data,0.7888070351587986,-1.5510245075802231,41.50152793586132,1722.3768210110777,0.49340735600277585,0.5065926439972241,52.61302959207687,329.5366660512326,12.622812837489805,3.1439054415561634,0.16913822158297956,0.06597456292967906,-22.90911353410138,22.82430694649338,-129.6880724784346,1091.7868983103108,-1221.4749707887454,41.5090235677713,26.552004307710217,0.8716457247836559,0.29096249093668686,0.03397656843433188,-129.6880724784346,52.61302959207687,720.0,720.0,360.0,1080.0,1.0,1.0,1.0,1.0,1440.0,18.615773697186032,0.022635720138674632,0.0,0.03450684550167667,0.03450684550167667,0.0,0.18417760359702307,3.059625596627709e-08,0.02191974550607667,0.0010419692499500034,0.0014729747172264732,3.059625596627709e-08,9.419418837675352,7.977975951903808,0.5209846249750018,5.782017878902623,4.942779105701883,2.991943036986238,-0.12301307658744935,1.834688717913089,0.7015404006236202,8.498496993987976,-0.08235548109334451,0.0007315278421001707,1.0,0,0.9881944444437583,1,0,1249.8162365415944,0.4999999999996528,1008223.0049920398
