Dataset_Name,Mean,Median,Std,Variance,Pct_Above_Mean,Pct_Below_Mean,Coeff_Var,Kurtosis,Skew_Fisher,Skew_Pearson_SK1,Skew_Pearson_SK2,Skew_Galton,Q1,Q3,Min,Max,Min_Minus_Max,RMS,Avg_Dispersion,Entropy,Scaled_Entropy,Pct_Deviation,Mode,Burstiness,Time_Mean,Time_Median,Time_Q1,Time_Q3,DiffTime_Mean,DiffTime_Median,DiffTime_Min,DiffTime_Max,Duration,Hurst_Exponent,Benford_Law,Normal_Dist,Count_Distribution,Count_NZ_Distribution,Time_Distribution,Stationarity,Power_Min,Power_Max,Power_Mean,Power_Std,Power_Mode,Freq_Max_Power,Freq_Min_Power,Spectral_Energy,Spectral_Entropy,Spectral_Centroid,Spectral_Spread,Spectral_Skewness,Spectral_Kurtosis,Spectral_Flatness,Spectral_Rolloff,Spectral_Slope,Spectral_Flux,Periodicity_Spectral,Sig_Spaces,Switching_Ratio,Transients,Count_Zeros,Biggest_Interval,Directions,Periodicity_Time
Yahoo_A1real_32_data,2.0509905842662988e-05,4.384539339996607e-05,0.0007927987126931386,6.285297988478976e-07,0.5031534688156972,0.4968465311843027,38.65254507892604,431.9478392231694,15.387806192889315,5.424685347969078,-0.08830283557255272,-0.11274117215803287,-0.00043915477311955,0.00042897183571655,-0.0042801790794779,0.0222522520211009,-0.026532431100578797,0.0007930639665787197,0.00047865008949504983,0.7757393110474401,0.25894814354294504,0.029880363386507788,-0.0042801790794779,38.65254507892604,713.0,713.0,356.5,1069.5,1.0,1.0,1.0,1.0,1426.0,15.161568183287525,0.017438152294034958,0.0,0.0861186959312575,0.0861186959312575,0.0,0.1907007344384443,2.404732604009442e-05,0.010913407396985224,0.001034410384189175,0.0009215836111918496,2.404732604009442e-05,9.419418837675352,7.957955911823648,0.5172051920945875,5.976984127354321,4.996802516446928,2.918898894702585,-0.043845148609420515,1.8175308310189553,0.8031256866314819,8.498496993987976,-0.02471982845494209,0.0007102129394209426,1.0,0,0.9901823281900489,4,0,0.02532082966032048,0.4999999999996494,0.0002771727148918414
