Dataset_Name,Mean,Median,Std,Variance,Pct_Above_Mean,Pct_Below_Mean,Coeff_Var,Kurtosis,Skew_Fisher,Skew_Pearson_SK1,Skew_Pearson_SK2,Skew_Galton,Q1,Q3,Min,Max,Min_Minus_Max,RMS,Avg_Dispersion,Entropy,Scaled_Entropy,Pct_Deviation,Mode,Burstiness,Time_Mean,Time_Median,Time_Q1,Time_Q3,DiffTime_Mean,DiffTime_Median,DiffTime_Min,DiffTime_Max,Duration,Hurst_Exponent,Benford_Law,Normal_Dist,Count_Distribution,Count_NZ_Distribution,Time_Distribution,Stationarity,Power_Min,Power_Max,Power_Mean,Power_Std,Power_Mode,Freq_Max_Power,Freq_Min_Power,Spectral_Energy,Spectral_Entropy,Spectral_Centroid,Spectral_Spread,Spectral_Skewness,Spectral_Kurtosis,Spectral_Flatness,Spectral_Rolloff,Spectral_Slope,Spectral_Flux,Periodicity_Spectral,Sig_Spaces,Switching_Ratio,Transients,Count_Zeros,Biggest_Interval,Directions,Periodicity_Time
IOPS_319,2.220673860969802e-07,-0.00017841359638026688,0.021982985485896393,0.00048325165087313146,0.496,0.504,98548.63084439932,11.307042211237333,-0.4739739445389302,17.22617455349255,0.02437826141788847,-0.002187635378144596,-0.015210552686637513,0.014788099379133612,-0.378682540345733,0.1591694137724815,-0.5378519541182145,0.02198298548701803,0.017333712275458792,1.217928349527871,0.4136368108599843,0.04087181477487565,-0.378682540345733,98548.63084439932,3999.5,3999.5,1999.75,5999.25,1.0,1.0,1.0,1.0,7999.0,31.936769904236808,0.000861385550297823,0.0,-87.15016088746275,-87.15016088746275,0.0,1.23686808986371,7.747426492798524e-09,0.006973324656857963,0.00017947166819753997,0.0005058199843496319,7.747426492798524e-09,6.596593186372746,6.976973947895792,0.08973583409876999,4.726038856494655,4.790655486753396,2.73294550475968,-0.46108674624264867,1.7997073575678912,0.08644370870023214,7.517515030060121,-0.27763509902336186,0.00021626459279108567,1.0,0,0.8778597324664486,14,0,0.48734833511294084,0.4988123515438806,1.0823234959741952
