Dataset_Name,Mean,Median,Std,Variance,Pct_Above_Mean,Pct_Below_Mean,Coeff_Var,Kurtosis,Skew_Fisher,Skew_Pearson_SK1,Skew_Pearson_SK2,Skew_Galton,Q1,Q3,Min,Max,Min_Minus_Max,RMS,Avg_Dispersion,Entropy,Scaled_Entropy,Pct_Deviation,Mode,Burstiness,Time_Mean,Time_Median,Time_Q1,Time_Q3,DiffTime_Mean,DiffTime_Median,DiffTime_Min,DiffTime_Max,Duration,Hurst_Exponent,Benford_Law,Normal_Dist,Count_Distribution,Count_NZ_Distribution,Time_Distribution,Stationarity,Power_Min,Power_Max,Power_Mean,Power_Std,Power_Mode,Freq_Max_Power,Freq_Min_Power,Spectral_Energy,Spectral_Entropy,Spectral_Centroid,Spectral_Spread,Spectral_Skewness,Spectral_Kurtosis,Spectral_Flatness,Spectral_Rolloff,Spectral_Slope,Spectral_Flux,Periodicity_Spectral,Sig_Spaces,Switching_Ratio,Transients,Count_Zeros,Biggest_Interval,Directions,Periodicity_Time
IOPS_331,0.006088089806008559,0.007222944220302452,0.07825548051827039,0.006123920231145396,0.502625,0.497375,12.853862238887304,24.228059379246393,2.2376235197280163,7.705411460138693,-0.04350574779974757,-0.11230580700578713,-0.0459493547034411,0.04965798373296428,-0.5969025943035438,1.204156872615954,-1.8010594669194977,0.07849194269879821,0.057599407282981054,1.168946485435587,0.38395068814987277,0.0434496927570457,-0.5969025943035438,12.853862238887304,3999.5,3999.5,1999.75,5999.25,1.0,1.0,1.0,1.0,7999.0,35.51019352261167,0.007499459144144138,0.0,0.4726538229731752,0.4726538229731752,0.0,0.8325933866743905,3.4707684863216244e-10,0.0031090472740671294,0.0001552836713592497,0.0003453385436040639,3.4707684863216244e-10,6.056052104208417,2.552545090180361,0.07764183567962485,4.882531226699177,4.621794255853928,2.7160134299012837,-0.5149013964796831,1.7843007687987926,0.07651612125290912,7.0970941883767535,-0.3090037742570377,0.0001586989498787231,1.0,0,0.9506188273533003,84,0,8.245804805343129,0.49968746093255406,20.465375115776702
