Dataset_Name,Mean,Median,Std,Variance,Pct_Above_Mean,Pct_Below_Mean,Coeff_Var,Kurtosis,Skew_Fisher,Skew_Pearson_SK1,Skew_Pearson_SK2,Skew_Galton,Q1,Q3,Min,Max,Min_Minus_Max,RMS,Avg_Dispersion,Entropy,Scaled_Entropy,Pct_Deviation,Mode,Burstiness,Time_Mean,Time_Median,Time_Q1,Time_Q3,DiffTime_Mean,DiffTime_Median,DiffTime_Min,DiffTime_Max,Duration,Hurst_Exponent,Benford_Law,Normal_Dist,Count_Distribution,Count_NZ_Distribution,Time_Distribution,Stationarity,Power_Min,Power_Max,Power_Mean,Power_Std,Power_Mode,Freq_Max_Power,Freq_Min_Power,Spectral_Energy,Spectral_Entropy,Spectral_Centroid,Spectral_Spread,Spectral_Skewness,Spectral_Kurtosis,Spectral_Flatness,Spectral_Rolloff,Spectral_Slope,Spectral_Flux,Periodicity_Spectral,Sig_Spaces,Switching_Ratio,Transients,Count_Zeros,Biggest_Interval,Directions,Periodicity_Time
IOPS_94,2.0905712921237553e-08,-0.00010534025768293986,0.022829106492080666,0.0005211681032267596,0.498125,0.501875,1042153.0937688809,1.0495620357014674,0.1319777325085361,5.102509789244214,0.01384563502087112,-0.0036197582299448655,-0.01559056205706888,0.015268180351284855,-0.1164857235523371,0.20562532338018258,-0.3221110469325197,0.02282910649209024,0.018115513124422656,1.6263262698196026,0.5740218161323581,0.07087340418346416,-0.1164857235523371,1042153.0937688809,3999.5,3999.5,1999.75,5999.25,1.0,1.0,1.0,1.0,7999.0,30.145042508739078,0.0006912349215145031,5.458145317566233e-42,-357.9641306967701,-357.9641306967701,0.0,0.8428634962261694,8.512146064819452e-10,0.0036574265359734853,0.00014912418044764702,0.0003435324233638451,8.512146064819452e-10,5.235230460921844,2.7927855711422844,0.07456209022382351,4.923572097702156,4.488326579236372,2.6465026492555674,-0.30418109312246777,1.7868642932547216,0.11193388076548749,7.057054108216433,-0.25560179817906875,0.00016288740838805437,1.0,0,0.8426053256656029,17,0,0.801318559038819,0.5019377422177145,1.3367062698893493
