Dataset_Name,Mean,Median,Std,Variance,Pct_Above_Mean,Pct_Below_Mean,Coeff_Var,Kurtosis,Skew_Fisher,Skew_Pearson_SK1,Skew_Pearson_SK2,Skew_Galton,Q1,Q3,Min,Max,Min_Minus_Max,RMS,Avg_Dispersion,Entropy,Scaled_Entropy,Pct_Deviation,Mode,Burstiness,Time_Mean,Time_Median,Time_Q1,Time_Q3,DiffTime_Mean,DiffTime_Median,DiffTime_Min,DiffTime_Max,Duration,Hurst_Exponent,Benford_Law,Normal_Dist,Count_Distribution,Count_NZ_Distribution,Time_Distribution,Stationarity,Power_Min,Power_Max,Power_Mean,Power_Std,Power_Mode,Freq_Max_Power,Freq_Min_Power,Spectral_Energy,Spectral_Entropy,Spectral_Centroid,Spectral_Spread,Spectral_Skewness,Spectral_Kurtosis,Spectral_Flatness,Spectral_Rolloff,Spectral_Slope,Spectral_Flux,Periodicity_Spectral,Sig_Spaces,Switching_Ratio,Transients,Count_Zeros,Biggest_Interval,Directions,Periodicity_Time
Yahoo_A1real_22_data,1.3217061876380063,0.4641996278196529,39.94965069232463,1595.9745904387541,0.497887323943662,0.502112676056338,30.22581798871049,12.071522039081028,0.41876090034047364,6.53011199062875,0.06439404687673313,0.030450122935966065,-20.423409901943643,22.663820624101792,-259.5539868262713,280.8610499613569,-540.4150367876282,39.97150857404802,27.761962086954806,1.2333857855333696,0.4554515956077604,0.07392401760269687,-259.5539868262713,30.22581798871049,709.5,709.5,354.75,1064.25,1.0,1.0,1.0,1.0,1419.0,13.121479388630911,0.013298425682213226,1.8588248424380682e-71,0.3281084522974762,0.3281084522974762,0.0,0.2785359739999336,1.8480304209136813e-07,0.019742700095194136,0.001015722440610327,0.002251043966606703,1.8480304209136813e-07,0.3503406813627255,5.03503006012024,0.5078612203051636,5.0409933840931185,4.58380632784734,2.8646339886138232,-0.3509262908779032,1.7739145249337738,0.20001685146178214,7.157154308617235,-0.3330712837241534,0.0007210328247442379,1.0,0,0.9584214235370272,18,0,918.9125479038739,0.5010570824520781,1013620.9130055193
