Dataset_Name,Mean,Median,Std,Variance,Pct_Above_Mean,Pct_Below_Mean,Coeff_Var,Kurtosis,Skew_Fisher,Skew_Pearson_SK1,Skew_Pearson_SK2,Skew_Galton,Q1,Q3,Min,Max,Min_Minus_Max,RMS,Avg_Dispersion,Entropy,Scaled_Entropy,Pct_Deviation,Mode,Burstiness,Time_Mean,Time_Median,Time_Q1,Time_Q3,DiffTime_Mean,DiffTime_Median,DiffTime_Min,DiffTime_Max,Duration,Hurst_Exponent,Benford_Law,Normal_Dist,Count_Distribution,Count_NZ_Distribution,Time_Distribution,Stationarity,Power_Min,Power_Max,Power_Mean,Power_Std,Power_Mode,Freq_Max_Power,Freq_Min_Power,Spectral_Energy,Spectral_Entropy,Spectral_Centroid,Spectral_Spread,Spectral_Skewness,Spectral_Kurtosis,Spectral_Flatness,Spectral_Rolloff,Spectral_Slope,Spectral_Flux,Periodicity_Spectral,Sig_Spaces,Switching_Ratio,Transients,Count_Zeros,Biggest_Interval,Directions,Periodicity_Time
IOPS_71,5.943589693924167e-08,-0.0002914548039854026,0.020911521757321694,0.0004372917422069386,0.493875,0.506125,346011.60595572495,17.192541101947445,1.0738665746634959,8.541515144818472,0.04182109212208491,0.0020912259811826984,-0.012535165622630018,0.0120035720625431,-0.17861602889698247,0.3167570830565154,-0.49537311195349787,0.02091152175740616,0.01515121438487033,1.233924564960536,0.4118941386857557,0.042213679367141425,-0.17861602889698247,346011.60595572495,3999.5,3999.5,1999.75,5999.25,1.0,1.0,1.0,1.0,7999.0,32.17095776382129,0.0008735798517005623,0.0,76.71764638331672,76.71764638331672,0.0,1.7108685707276008,4.301345214384807e-09,0.004238980524143657,0.0001704120104994373,0.0004084967538728207,4.301345214384807e-09,5.855851703406814,1.0310220440881765,0.08520600524971865,4.889648881697352,4.414831743038323,2.749453110332781,-0.24466320696483865,1.6431778089659912,0.0894533080898578,7.177174348697395,-0.18681229086621065,0.0001976685768567264,1.0,0,0.7983497937241156,37,0,0.8403651982258324,0.5005625703212275,0.11277834873081281
