Dataset_Name,Mean,Median,Std,Variance,Pct_Above_Mean,Pct_Below_Mean,Coeff_Var,Kurtosis,Skew_Fisher,Skew_Pearson_SK1,Skew_Pearson_SK2,Skew_Galton,Q1,Q3,Min,Max,Min_Minus_Max,RMS,Avg_Dispersion,Entropy,Scaled_Entropy,Pct_Deviation,Mode,Burstiness,Time_Mean,Time_Median,Time_Q1,Time_Q3,DiffTime_Mean,DiffTime_Median,DiffTime_Min,DiffTime_Max,Duration,Hurst_Exponent,Benford_Law,Normal_Dist,Count_Distribution,Count_NZ_Distribution,Time_Distribution,Stationarity,Power_Min,Power_Max,Power_Mean,Power_Std,Power_Mode,Freq_Max_Power,Freq_Min_Power,Spectral_Energy,Spectral_Entropy,Spectral_Centroid,Spectral_Spread,Spectral_Skewness,Spectral_Kurtosis,Spectral_Flatness,Spectral_Rolloff,Spectral_Slope,Spectral_Flux,Periodicity_Spectral,Sig_Spaces,Switching_Ratio,Transients,Count_Zeros,Biggest_Interval,Directions,Periodicity_Time
Yahoo_A1real_28_data,-0.3894921023663901,0.7306689635388466,25.290023492439282,639.5852882481308,0.5183900069396252,0.4816099930603747,-64.93077370174778,201.50973760290609,-8.861856241874614,23.2273539197198,-0.13287782032260603,-0.04179765791327924,-12.833522057950177,13.20645013518606,-587.8098184225091,89.88512288532729,-677.6949413078364,25.293022602012922,15.805739225709717,0.9049386998014101,0.30733824198668114,0.03731771030132895,-587.8098184225091,-64.93077370174778,720.0,720.0,360.0,1080.0,1.0,1.0,1.0,1.0,1440.0,35.87216262048985,0.00236430012209607,0.0,-0.3190057602008491,-0.3190057602008491,0.0,0.24132638378730054,5.617107970677177e-06,0.018403555061357567,0.0010763409572456994,0.0019438007196003447,5.617107970677177e-06,6.156152304609218,6.696693386773547,0.5381704786228497,5.531995787970647,5.013327403559068,2.7876890934177116,-0.33968070746774337,2.089136486714453,0.5834495004554139,7.777775551102205,-0.0746852171656802,0.0009533011364265963,1.0,0,0.9756944444437669,2,0,1259.718417658735,0.49861111111076484,406729.7933342658
