Dataset_Name,Mean,Median,Std,Variance,Pct_Above_Mean,Pct_Below_Mean,Coeff_Var,Kurtosis,Skew_Fisher,Skew_Pearson_SK1,Skew_Pearson_SK2,Skew_Galton,Q1,Q3,Min,Max,Min_Minus_Max,RMS,Avg_Dispersion,Entropy,Scaled_Entropy,Pct_Deviation,Mode,Burstiness,Time_Mean,Time_Median,Time_Q1,Time_Q3,DiffTime_Mean,DiffTime_Median,DiffTime_Min,DiffTime_Max,Duration,Hurst_Exponent,Benford_Law,Normal_Dist,Count_Distribution,Count_NZ_Distribution,Time_Distribution,Stationarity,Power_Min,Power_Max,Power_Mean,Power_Std,Power_Mode,Freq_Max_Power,Freq_Min_Power,Spectral_Energy,Spectral_Entropy,Spectral_Centroid,Spectral_Spread,Spectral_Skewness,Spectral_Kurtosis,Spectral_Flatness,Spectral_Rolloff,Spectral_Slope,Spectral_Flux,Periodicity_Spectral,Sig_Spaces,Switching_Ratio,Transients,Count_Zeros,Biggest_Interval,Directions,Periodicity_Time
exchange-4_cpm_results,6.082598848734891e-06,-0.0004717834445846,0.014417695131276564,0.00020786993289843592,0.4984783931832015,0.5015216068167986,2369.9286375982506,7.897319927456289,1.0833286037618994,3.7306982740483146,0.09943323241430195,0.021148176533665904,-0.01199102363549235,0.011545205087440651,-0.0537819914738578,0.1302818190011745,-0.18406381047503229,0.014417696414352907,0.012512052674202885,1.228743252815531,0.4431754491808434,0.07832987383960742,-0.0537819914738578,2369.9286375982506,821.0,821.0,410.5,1231.5,1.0,1.0,1.0,1.0,1642.0,10.960012070456632,0.026990569239645226,5.43107264888881e-105,1.7322687423282026,1.7322687423282026,0.0,0.8363159168826431,2.4691800208735427e-08,0.05675485701341971,0.0005506409705667243,0.0026621877620071803,2.4691800208735427e-08,9.419418837675352,5.055050100200401,0.27532048528336217,4.531398424197162,5.388276130819033,3.234736958295765,-0.25019580325146334,1.6907137815113022,0.10696873341960311,9.419418837675352,-0.1937069886984121,0.0006768387942295589,1.0,0,0.9774665042624985,9,0,0.20730938535060803,0.49634591960992913,0.21808138805338004
