Dataset_Name,Mean,Median,Std,Variance,Pct_Above_Mean,Pct_Below_Mean,Coeff_Var,Kurtosis,Skew_Fisher,Skew_Pearson_SK1,Skew_Pearson_SK2,Skew_Galton,Q1,Q3,Min,Max,Min_Minus_Max,RMS,Avg_Dispersion,Entropy,Scaled_Entropy,Pct_Deviation,Mode,Burstiness,Time_Mean,Time_Median,Time_Q1,Time_Q3,DiffTime_Mean,DiffTime_Median,DiffTime_Min,DiffTime_Max,Duration,Hurst_Exponent,Benford_Law,Normal_Dist,Count_Distribution,Count_NZ_Distribution,Time_Distribution,Stationarity,Power_Min,Power_Max,Power_Mean,Power_Std,Power_Mode,Freq_Max_Power,Freq_Min_Power,Spectral_Energy,Spectral_Entropy,Spectral_Centroid,Spectral_Spread,Spectral_Skewness,Spectral_Kurtosis,Spectral_Flatness,Spectral_Rolloff,Spectral_Slope,Spectral_Flux,Periodicity_Spectral,Sig_Spaces,Switching_Ratio,Transients,Count_Zeros,Biggest_Interval,Directions,Periodicity_Time
Yahoo_A1real_41_data,-0.042534341396958546,-0.0539505143927101,2.3724342442978172,5.628444243516956,0.4968641114982578,0.5031358885017422,-55.7769139513319,397.6859841592878,-14.036369025032512,27.48467150639666,0.014436024541095493,0.07205078017862165,-0.8486206843141249,0.8641242654804486,-65.24811024393354,13.939998327524108,-79.18810857145765,2.3728155035137117,1.1777681503529502,0.5322084692669639,0.17765555146152032,0.029959476076222024,-65.24811024393354,-55.7769139513319,717.0,717.0,358.5,1075.5,1.0,1.0,1.0,1.0,1434.0,20.781856426900863,0.00046295070877669413,0.0,0.04957158229415095,0.04957158229415095,0.0,0.2900765417326716,1.0773779161499077e-05,0.018668438320725178,0.0012391829964457307,0.0017229053998327848,1.0773779161499077e-05,6.016012024048097,6.096092184368738,0.6195914982228654,5.740619536923286,4.734766986347357,2.9455908880126493,-0.16310583954544003,1.8157722816321837,0.6826024401280768,7.897895791583167,-0.10956953092428331,0.0008002017721497217,1.0,0,0.9407252440718684,9,0,32.34756721928379,0.5034867503483239,2355.9121143493767
