Dataset_Name,Mean,Median,Std,Variance,Pct_Above_Mean,Pct_Below_Mean,Coeff_Var,Kurtosis,Skew_Fisher,Skew_Pearson_SK1,Skew_Pearson_SK2,Skew_Galton,Q1,Q3,Min,Max,Min_Minus_Max,RMS,Avg_Dispersion,Entropy,Scaled_Entropy,Pct_Deviation,Mode,Burstiness,Time_Mean,Time_Median,Time_Q1,Time_Q3,DiffTime_Mean,DiffTime_Median,DiffTime_Min,DiffTime_Max,Duration,Hurst_Exponent,Benford_Law,Normal_Dist,Count_Distribution,Count_NZ_Distribution,Time_Distribution,Stationarity,Power_Min,Power_Max,Power_Mean,Power_Std,Power_Mode,Freq_Max_Power,Freq_Min_Power,Spectral_Energy,Spectral_Entropy,Spectral_Centroid,Spectral_Spread,Spectral_Skewness,Spectral_Kurtosis,Spectral_Flatness,Spectral_Rolloff,Spectral_Slope,Spectral_Flux,Periodicity_Spectral,Sig_Spaces,Switching_Ratio,Transients,Count_Zeros,Biggest_Interval,Directions,Periodicity_Time
IOPS_329,0.01621016694736904,0.031777679979786505,0.12351983480992028,0.015257149591469994,0.527875,0.472125,7.619898523628063,1563.666890952314,31.052022961703216,5.815443049198321,-0.3780974836229629,-0.6986972188328145,-0.037600853382507585,0.044083548338731356,-0.7021124036515498,7.223163188353624,-7.925275592005174,0.12457896734172894,0.049879572545734975,0.10492440182079744,0.0325965981593891,0.015585557039674246,-0.7021124036515498,7.619898523628063,3999.5,3999.5,1999.75,5999.25,1.0,1.0,1.0,1.0,7999.0,105.27146565815653,0.021458076517294845,0.0,0.394879265177411,0.394879265177411,0.0,0.10970400959619793,1.5554742923006337e-11,0.0032356011397967066,0.0002128048805586229,0.0003673425982677396,1.5554742923006337e-11,0.01,3.5735671342685373,0.10640244027931145,5.169201817233467,4.373966132776989,2.7903066315567386,-0.3500273979432969,1.5818224074943612,0.0971350334789406,7.197194388777556,-0.4110109107113681,0.00012975844823914415,1.0,0,0.9731216402049039,24,0,38.81561975160164,0.498937367170834,14.025036141308656
