ts2vec_0,ts2vec_1,ts2vec_2,ts2vec_3,ts2vec_4,ts2vec_5,ts2vec_6,ts2vec_7
0.0033569233,-0.06256091,0.0027567358,-0.44730303,-0.09924746,-0.8829655,-0.46837524,0.30258447
