ts2vec_0,ts2vec_1,ts2vec_2,ts2vec_3,ts2vec_4,ts2vec_5,ts2vec_6,ts2vec_7
0.19030344,-0.22146921,-0.06274904,-0.27592883,-0.33580807,-0.9848394,-0.10707016,0.29558778
