ts2vec_0,ts2vec_1,ts2vec_2,ts2vec_3,ts2vec_4,ts2vec_5,ts2vec_6,ts2vec_7
-0.102915086,-0.046294138,-0.34799075,-0.024408557,-0.4594242,-0.985128,-0.06247645,0.25431532
