ts2vec_0,ts2vec_1,ts2vec_2,ts2vec_3,ts2vec_4,ts2vec_5,ts2vec_6,ts2vec_7
0.16797043,0.476046,-0.660648,-0.6726465,-0.7382761,-0.51307285,0.6505124,-0.66554844
