ts2vec_0,ts2vec_1,ts2vec_2,ts2vec_3,ts2vec_4,ts2vec_5,ts2vec_6,ts2vec_7
0.19123928,-0.2920744,0.14044458,-0.34104896,-0.20007886,-0.82689285,-0.46052206,0.30432916
