ts2vec_0,ts2vec_1,ts2vec_2,ts2vec_3,ts2vec_4,ts2vec_5,ts2vec_6,ts2vec_7
0.20942421,-0.47728565,0.58534133,-0.51054585,0.2489436,-0.23922524,-0.9578458,0.023086669
