ts2vec_0,ts2vec_1,ts2vec_2,ts2vec_3,ts2vec_4,ts2vec_5,ts2vec_6,ts2vec_7
0.18167977,-0.558047,0.79570824,-0.6162746,0.32537264,0.10205694,-1.0681887,-0.16622789
