ts2vec_0,ts2vec_1,ts2vec_2,ts2vec_3,ts2vec_4,ts2vec_5,ts2vec_6,ts2vec_7
0.1419274,0.50403935,-0.716379,-0.6189037,-0.75644565,-0.5114304,0.66009617,-0.6910123
