ts2vec_0,ts2vec_1,ts2vec_2,ts2vec_3,ts2vec_4,ts2vec_5,ts2vec_6,ts2vec_7
-0.029067911,0.40300912,-0.7134842,-0.23063287,-0.6508222,-0.76800203,0.709244,-0.44066912
