ts2vec_0,ts2vec_1,ts2vec_2,ts2vec_3,ts2vec_4,ts2vec_5,ts2vec_6,ts2vec_7
0.12759377,0.4919483,-0.7123705,-0.6518419,-0.77730584,-0.46873957,0.646607,-0.7061964
