ts2vec_0,ts2vec_1,ts2vec_2,ts2vec_3,ts2vec_4,ts2vec_5,ts2vec_6,ts2vec_7
-0.005249442,-0.20267032,-0.2861111,0.030489575,-0.49086294,-0.9567576,-0.06477086,0.22537868
