ts2vec_0,ts2vec_1,ts2vec_2,ts2vec_3,ts2vec_4,ts2vec_5,ts2vec_6,ts2vec_7
0.1542336,0.4761268,-0.6716794,-0.65701836,-0.73963815,-0.51178676,0.6559899,-0.66397655
