ts2vec_0,ts2vec_1,ts2vec_2,ts2vec_3,ts2vec_4,ts2vec_5,ts2vec_6,ts2vec_7
-0.09190001,-0.015414886,0.106705,-0.6399884,0.0051310696,-0.9065867,-0.49884278,0.3795618
