ts2vec_0,ts2vec_1,ts2vec_2,ts2vec_3,ts2vec_4,ts2vec_5,ts2vec_6,ts2vec_7
-0.08464081,-0.11373249,-0.44317025,0.15142375,-0.5793485,-1.0091946,0.1861464,0.14322826
