ts2vec_0,ts2vec_1,ts2vec_2,ts2vec_3,ts2vec_4,ts2vec_5,ts2vec_6,ts2vec_7
0.29970366,-0.64695895,0.7489472,-0.7527884,0.29691425,0.28993583,-1.0717653,-0.2181943
