ts2vec_0,ts2vec_1,ts2vec_2,ts2vec_3,ts2vec_4,ts2vec_5,ts2vec_6,ts2vec_7
-0.090934575,-0.54051256,0.97353125,-0.9231188,0.80199105,0.11276513,-1.2377489,-0.10515872
