ts2vec_0,ts2vec_1,ts2vec_2,ts2vec_3,ts2vec_4,ts2vec_5,ts2vec_6,ts2vec_7
0.15526398,0.46159044,-0.659023,-0.6276282,-0.71048814,-0.54628956,0.6635639,-0.63388157
