ts2vec_0,ts2vec_1,ts2vec_2,ts2vec_3,ts2vec_4,ts2vec_5,ts2vec_6,ts2vec_7
0.08112382,-0.5959437,0.57856596,-0.72555184,0.20039992,0.69086415,-1.0877312,-0.3000142
