ts2vec_0,ts2vec_1,ts2vec_2,ts2vec_3,ts2vec_4,ts2vec_5,ts2vec_6,ts2vec_7
-0.7212669,-0.24594189,-0.47064367,0.46290663,-0.4602246,0.495065,-0.81784636,0.00531709
