ts2vec_0,ts2vec_1,ts2vec_2,ts2vec_3,ts2vec_4,ts2vec_5,ts2vec_6,ts2vec_7
0.040038913,0.14269641,-0.54251146,-0.0681447,-0.5890287,-0.91172856,0.57849306,-0.23327482
