ts2vec_0,ts2vec_1,ts2vec_2,ts2vec_3,ts2vec_4,ts2vec_5,ts2vec_6,ts2vec_7
0.36612055,0.24508417,-0.32584232,-0.7145435,-0.50438184,-0.7980631,0.60402995,-0.3603801
