ts2vec_0,ts2vec_1,ts2vec_2,ts2vec_3,ts2vec_4,ts2vec_5,ts2vec_6,ts2vec_7
-0.09329703,-0.5342097,0.71995413,-0.84074444,0.51926273,0.5030184,-1.1790683,-0.21330777
