ts2vec_0,ts2vec_1,ts2vec_2,ts2vec_3,ts2vec_4,ts2vec_5,ts2vec_6,ts2vec_7
0.28504494,0.34533185,-0.45255548,-0.70777524,-0.5813677,-0.6675292,0.6178386,-0.4782754
