ts2vec_0,ts2vec_1,ts2vec_2,ts2vec_3,ts2vec_4,ts2vec_5,ts2vec_6,ts2vec_7
-0.11488155,0.22236955,-0.655305,0.020875677,-0.60765344,-0.86261153,0.604677,-0.24253874
