ts2vec_0,ts2vec_1,ts2vec_2,ts2vec_3,ts2vec_4,ts2vec_5,ts2vec_6,ts2vec_7
0.27349937,0.3714564,-0.46852252,-0.7155046,-0.5994365,-0.6355045,0.62479436,-0.5148488
