ts2vec_0,ts2vec_1,ts2vec_2,ts2vec_3,ts2vec_4,ts2vec_5,ts2vec_6,ts2vec_7
-0.049969904,0.32339618,-0.67288554,-0.14248112,-0.6376943,-0.7606078,0.66715395,-0.38905483
