ts2vec_0,ts2vec_1,ts2vec_2,ts2vec_3,ts2vec_4,ts2vec_5,ts2vec_6,ts2vec_7
0.14859064,0.38473758,-0.5718603,-0.5339944,-0.58913183,-0.67958665,0.6599543,-0.46952
