ts2vec_0,ts2vec_1,ts2vec_2,ts2vec_3,ts2vec_4,ts2vec_5,ts2vec_6,ts2vec_7
0.015528849,0.17872784,-0.39608082,-0.33180723,-0.40015385,-1.0647085,0.41307214,0.03262833
