ts2vec_0,ts2vec_1,ts2vec_2,ts2vec_3,ts2vec_4,ts2vec_5,ts2vec_6,ts2vec_7
-0.115121685,0.1970707,-0.66233593,0.0034758348,-0.49704167,-0.85690707,0.56115603,-0.11561531
