ts2vec_0,ts2vec_1,ts2vec_2,ts2vec_3,ts2vec_4,ts2vec_5,ts2vec_6,ts2vec_7
0.30890137,0.10425878,-0.20932876,-0.5988392,-0.3362388,-1.0418254,0.42527208,-0.008362929
