ts2vec_0,ts2vec_1,ts2vec_2,ts2vec_3,ts2vec_4,ts2vec_5,ts2vec_6,ts2vec_7
-0.77511656,-0.10721737,-0.9774193,0.7229352,-0.8510898,-0.9863032,0.3081224,0.16146535
