ts2vec_0,ts2vec_1,ts2vec_2,ts2vec_3,ts2vec_4,ts2vec_5,ts2vec_6,ts2vec_7
0.35405132,0.22716267,-0.29862824,-0.6811834,-0.42937687,-0.90182203,0.578519,-0.2548045
