ts2vec_0,ts2vec_1,ts2vec_2,ts2vec_3,ts2vec_4,ts2vec_5,ts2vec_6,ts2vec_7
-0.12031344,0.04380887,-0.05780655,-0.49900565,-0.12601598,-0.987364,-0.36105058,0.36516175
