ts2vec_0,ts2vec_1,ts2vec_2,ts2vec_3,ts2vec_4,ts2vec_5,ts2vec_6,ts2vec_7
-0.34461594,0.03017739,0.049562223,-0.23334208,0.010256025,-0.356158,-0.84724885,0.12327673
