ts2vec_0,ts2vec_1,ts2vec_2,ts2vec_3,ts2vec_4,ts2vec_5,ts2vec_6,ts2vec_7
0.25905812,-0.571306,0.97397757,-0.7528086,0.55281705,-0.4158944,-1.0943176,0.057454467
