ts2vec_0,ts2vec_1,ts2vec_2,ts2vec_3,ts2vec_4,ts2vec_5,ts2vec_6,ts2vec_7
0.17792302,-0.51769817,0.94299185,-0.7986253,0.6444465,-0.37100735,-1.112944,0.04768351
