ts2vec_0,ts2vec_1,ts2vec_2,ts2vec_3,ts2vec_4,ts2vec_5,ts2vec_6,ts2vec_7
0.25641692,0.3840777,-0.5128273,-0.6507534,-0.58764416,-0.7105345,0.6586437,-0.484131
