ts2vec_0,ts2vec_1,ts2vec_2,ts2vec_3,ts2vec_4,ts2vec_5,ts2vec_6,ts2vec_7
0.17965047,-0.29832494,0.44179228,-0.68817574,0.19637984,-0.83782625,-0.68343806,0.34646785
