ts2vec_0,ts2vec_1,ts2vec_2,ts2vec_3,ts2vec_4,ts2vec_5,ts2vec_6,ts2vec_7
0.43430933,-0.5559498,0.74318004,-0.7900377,0.38024956,-0.77446043,-0.8188594,0.29073837
