ts2vec_0,ts2vec_1,ts2vec_2,ts2vec_3,ts2vec_4,ts2vec_5,ts2vec_6,ts2vec_7
0.31959915,0.3017677,-0.40690625,-0.6662186,-0.51375407,-0.79895234,0.6273065,-0.38182086
