ts2vec_0,ts2vec_1,ts2vec_2,ts2vec_3,ts2vec_4,ts2vec_5,ts2vec_6,ts2vec_7
-0.4504262,0.09042791,-0.120148554,-0.14085196,-0.141544,-0.50843024,-0.76475894,0.22010534
