ts2vec_0,ts2vec_1,ts2vec_2,ts2vec_3,ts2vec_4,ts2vec_5,ts2vec_6,ts2vec_7
0.38431525,0.2121176,-0.28688866,-0.706069,-0.43521672,-0.88256127,0.57021993,-0.27355167
