ts2vec_0,ts2vec_1,ts2vec_2,ts2vec_3,ts2vec_4,ts2vec_5,ts2vec_6,ts2vec_7
0.013096875,0.17499311,-0.43948534,-0.28582102,-0.36728936,-1.0959475,0.39223582,0.08477477
