ts2vec_0,ts2vec_1,ts2vec_2,ts2vec_3,ts2vec_4,ts2vec_5,ts2vec_6,ts2vec_7
-0.53217477,-0.38904098,-0.41919962,0.083765306,-0.45962074,1.4202604,-0.78204495,-0.32144827
