ts2vec_0,ts2vec_1,ts2vec_2,ts2vec_3,ts2vec_4,ts2vec_5,ts2vec_6,ts2vec_7
-0.14598909,-0.3892381,0.7741097,-0.6652709,0.46758446,0.21535452,-1.2020941,-0.17479953
