ts2vec_0,ts2vec_1,ts2vec_2,ts2vec_3,ts2vec_4,ts2vec_5,ts2vec_6,ts2vec_7
0.4515239,0.12518993,-0.1754545,-0.74154407,-0.37078792,-0.9411711,0.53099686,-0.19247304
