ts2vec_0,ts2vec_1,ts2vec_2,ts2vec_3,ts2vec_4,ts2vec_5,ts2vec_6,ts2vec_7
0.31439012,-0.34959266,0.43866435,-0.71691823,0.13254037,-0.9391694,-0.5456645,0.37131077
