ts2vec_0,ts2vec_1,ts2vec_2,ts2vec_3,ts2vec_4,ts2vec_5,ts2vec_6,ts2vec_7
0.20426436,0.34710142,-0.5111991,-0.5381903,-0.53537714,-0.8142644,0.65983224,-0.37779456
