ts2vec_0,ts2vec_1,ts2vec_2,ts2vec_3,ts2vec_4,ts2vec_5,ts2vec_6,ts2vec_7
0.266518,0.3482543,-0.46990988,-0.6333468,-0.5596509,-0.7541217,0.64593256,-0.43791735
