ts2vec_0,ts2vec_1,ts2vec_2,ts2vec_3,ts2vec_4,ts2vec_5,ts2vec_6,ts2vec_7
-0.46804667,0.29852608,-0.9000109,0.32731065,-0.6921093,-0.9776417,0.65728486,-0.19294362
