ts2vec_0,ts2vec_1,ts2vec_2,ts2vec_3,ts2vec_4,ts2vec_5,ts2vec_6,ts2vec_7
0.15853776,0.19739331,-0.4514059,-0.35621935,-0.42241424,-1.0000106,0.503911,-0.104964636
