ts2vec_0,ts2vec_1,ts2vec_2,ts2vec_3,ts2vec_4,ts2vec_5,ts2vec_6,ts2vec_7
-0.55733514,-0.30839756,0.025767377,-0.4153953,-0.27835166,1.9186511,-0.9411976,-0.69840217
