ts2vec_0,ts2vec_1,ts2vec_2,ts2vec_3,ts2vec_4,ts2vec_5,ts2vec_6,ts2vec_7
0.14083003,-0.15211836,0.15916231,-0.6177676,-0.017332586,-1.0148966,-0.35950932,0.37888718
