ts2vec_0,ts2vec_1,ts2vec_2,ts2vec_3,ts2vec_4,ts2vec_5,ts2vec_6,ts2vec_7
-0.37056604,-0.5464579,-0.2401079,-0.7863183,-0.33074296,2.1046212,-0.9409171,-0.588172
