ts2vec_0,ts2vec_1,ts2vec_2,ts2vec_3,ts2vec_4,ts2vec_5,ts2vec_6,ts2vec_7
0.20577057,-0.48246792,0.7572335,-0.79396045,0.46326315,-0.63845754,-0.9550322,0.24147962
