ts2vec_0,ts2vec_1,ts2vec_2,ts2vec_3,ts2vec_4,ts2vec_5,ts2vec_6,ts2vec_7
-0.78711736,-0.10226033,-0.503579,0.48015594,-0.5421981,-0.18125871,-0.74736416,0.22458264
