ts2vec_0,ts2vec_1,ts2vec_2,ts2vec_3,ts2vec_4,ts2vec_5,ts2vec_6,ts2vec_7
0.48842838,-0.41000444,0.4133561,-0.77584624,0.06131484,-1.073281,-0.27264774,0.3960051
