ts2vec_0,ts2vec_1,ts2vec_2,ts2vec_3,ts2vec_4,ts2vec_5,ts2vec_6,ts2vec_7
0.24527118,0.18362635,-0.33118698,-0.51621455,-0.37858555,-1.0113884,0.5043505,-0.08864435
