ts2vec_0,ts2vec_1,ts2vec_2,ts2vec_3,ts2vec_4,ts2vec_5,ts2vec_6,ts2vec_7
0.4256779,-0.06240054,-0.00741214,-0.67729276,-0.2101225,-1.0946656,0.23253459,0.13694717
