ts2vec_0,ts2vec_1,ts2vec_2,ts2vec_3,ts2vec_4,ts2vec_5,ts2vec_6,ts2vec_7
0.10444623,-0.2642747,0.5592484,-0.63569593,0.3506152,-0.42180896,-0.95816725,0.06970832
