ts2vec_0,ts2vec_1,ts2vec_2,ts2vec_3,ts2vec_4,ts2vec_5,ts2vec_6,ts2vec_7
0.38539287,-0.17143571,0.13590285,-0.6887648,-0.09910651,-1.1027687,-0.04529267,0.29890805
