ts2vec_0,ts2vec_1,ts2vec_2,ts2vec_3,ts2vec_4,ts2vec_5,ts2vec_6,ts2vec_7
-0.0012525194,-0.42871377,0.8270057,-0.7780807,0.6212295,-0.15561138,-1.1633731,-0.024599398
