ts2vec_0,ts2vec_1,ts2vec_2,ts2vec_3,ts2vec_4,ts2vec_5,ts2vec_6,ts2vec_7
0.3058482,0.33379042,-0.44422245,-0.67541414,-0.55637455,-0.7383507,0.6419885,-0.44914994
