ts2vec_0,ts2vec_1,ts2vec_2,ts2vec_3,ts2vec_4,ts2vec_5,ts2vec_6,ts2vec_7
0.081120685,0.0040064147,-0.08458254,-0.5183365,-0.18884821,-1.087415,-0.055865064,0.3057686
