ts2vec_0,ts2vec_1,ts2vec_2,ts2vec_3,ts2vec_4,ts2vec_5,ts2vec_6,ts2vec_7
-0.6624623,0.050468102,-0.31778073,0.22807203,-0.34712377,-0.2992568,-0.7693197,0.19030823
