ts2vec_0,ts2vec_1,ts2vec_2,ts2vec_3,ts2vec_4,ts2vec_5,ts2vec_6,ts2vec_7
0.26144978,0.25219005,-0.35402897,-0.5957964,-0.423325,-0.96652424,0.5710305,-0.18110456
