ts2vec_0,ts2vec_1,ts2vec_2,ts2vec_3,ts2vec_4,ts2vec_5,ts2vec_6,ts2vec_7
0.164102,-0.07986305,0.017222531,-0.5599722,-0.12483969,-1.0571016,-0.1767917,0.32909033
