ts2vec_0,ts2vec_1,ts2vec_2,ts2vec_3,ts2vec_4,ts2vec_5,ts2vec_6,ts2vec_7
-0.43978664,0.37128848,-0.9145655,0.25356904,-0.6928325,-0.9215311,0.71765345,-0.2963836
