ts2vec_0,ts2vec_1,ts2vec_2,ts2vec_3,ts2vec_4,ts2vec_5,ts2vec_6,ts2vec_7
-0.10528505,0.053712513,-0.14799298,-0.27948356,-0.3082059,-0.9821774,-0.28097636,0.3151647
