ts2vec_0,ts2vec_1,ts2vec_2,ts2vec_3,ts2vec_4,ts2vec_5,ts2vec_6,ts2vec_7
0.31890526,-0.5980361,0.9961043,-0.80257195,0.62069356,-0.4560974,-1.0739893,0.08042357
