ts2vec_0,ts2vec_1,ts2vec_2,ts2vec_3,ts2vec_4,ts2vec_5,ts2vec_6,ts2vec_7
0.23536338,0.44942015,-0.5920184,-0.70455796,-0.6776921,-0.5815542,0.6555618,-0.6089793
