ts2vec_0,ts2vec_1,ts2vec_2,ts2vec_3,ts2vec_4,ts2vec_5,ts2vec_6,ts2vec_7
0.51242524,-0.4400108,0.45354313,-0.7473744,0.09525517,-1.0239255,-0.36558393,0.3874415
