ts2vec_0,ts2vec_1,ts2vec_2,ts2vec_3,ts2vec_4,ts2vec_5,ts2vec_6,ts2vec_7
-0.12571447,0.12582166,-0.42677668,-0.090073094,-0.47930482,-1.0853838,0.16292971,0.20313926
