ts2vec_0,ts2vec_1,ts2vec_2,ts2vec_3,ts2vec_4,ts2vec_5,ts2vec_6,ts2vec_7
0.3635085,-0.64145154,1.0349743,-0.754427,0.56292284,-0.346372,-1.0928423,0.005361586
