ts2vec_0,ts2vec_1,ts2vec_2,ts2vec_3,ts2vec_4,ts2vec_5,ts2vec_6,ts2vec_7
0.32307133,0.047245514,-0.11526043,-0.6463533,-0.26861548,-1.1007053,0.32856667,0.094743855
