ts2vec_0,ts2vec_1,ts2vec_2,ts2vec_3,ts2vec_4,ts2vec_5,ts2vec_6,ts2vec_7
0.20003514,0.029061686,-0.09134376,-0.5998594,-0.21568836,-1.1219716,0.13427815,0.22974299
