ts2vec_0,ts2vec_1,ts2vec_2,ts2vec_3,ts2vec_4,ts2vec_5,ts2vec_6,ts2vec_7
0.36236903,0.2526505,-0.33699396,-0.69243217,-0.47495222,-0.83356845,0.60513306,-0.33707586
