ts2vec_0,ts2vec_1,ts2vec_2,ts2vec_3,ts2vec_4,ts2vec_5,ts2vec_6,ts2vec_7
0.32318354,-0.43921703,0.5853582,-0.7439304,0.26432315,-0.8289452,-0.719949,0.32872677
