ts2vec_0,ts2vec_1,ts2vec_2,ts2vec_3,ts2vec_4,ts2vec_5,ts2vec_6,ts2vec_7
0.36882624,0.1928283,-0.27228776,-0.6700119,-0.41170764,-0.92255414,0.56611127,-0.2307212
