ts2vec_0,ts2vec_1,ts2vec_2,ts2vec_3,ts2vec_4,ts2vec_5,ts2vec_6,ts2vec_7
0.2505153,-0.36786994,0.5153202,-0.73572975,0.23941605,-0.855759,-0.6965261,0.34868434
