ts2vec_0,ts2vec_1,ts2vec_2,ts2vec_3,ts2vec_4,ts2vec_5,ts2vec_6,ts2vec_7
0.4049048,-0.0019635404,-0.06620063,-0.6783728,-0.2592818,-1.0821376,0.30970684,0.07042951
