ts2vec_0,ts2vec_1,ts2vec_2,ts2vec_3,ts2vec_4,ts2vec_5,ts2vec_6,ts2vec_7
0.3868212,0.1676741,-0.24736458,-0.6823272,-0.38677275,-0.9389728,0.5478612,-0.19993412
