ts2vec_0,ts2vec_1,ts2vec_2,ts2vec_3,ts2vec_4,ts2vec_5,ts2vec_6,ts2vec_7
0.2959756,-0.5457894,0.8799117,-0.7984169,0.54621446,-0.56629837,-1.013806,0.16127023
