ts2vec_0,ts2vec_1,ts2vec_2,ts2vec_3,ts2vec_4,ts2vec_5,ts2vec_6,ts2vec_7
0.39328694,0.03658269,-0.12097114,-0.6516108,-0.28157377,-1.0568674,0.4102973,0.013750968
