ts2vec_0,ts2vec_1,ts2vec_2,ts2vec_3,ts2vec_4,ts2vec_5,ts2vec_6,ts2vec_7
0.25431672,0.3686545,-0.49175614,-0.63560456,-0.57048243,-0.74445486,0.65173346,-0.4518918
