ts2vec_0,ts2vec_1,ts2vec_2,ts2vec_3,ts2vec_4,ts2vec_5,ts2vec_6,ts2vec_7
0.19736844,-0.531065,0.90779954,-0.80256325,0.60173523,-0.4743688,-1.0700016,0.12721628
