ts2vec_0,ts2vec_1,ts2vec_2,ts2vec_3,ts2vec_4,ts2vec_5,ts2vec_6,ts2vec_7
-0.63510025,-0.2036859,-0.18973057,0.10873879,-0.28045976,1.1436918,-0.87812585,-0.32938254
