ts2vec_0,ts2vec_1,ts2vec_2,ts2vec_3,ts2vec_4,ts2vec_5,ts2vec_6,ts2vec_7
0.30223984,0.32021004,-0.42619732,-0.6550901,-0.5238014,-0.79288214,0.6324149,-0.39092624
