ts2vec_0,ts2vec_1,ts2vec_2,ts2vec_3,ts2vec_4,ts2vec_5,ts2vec_6,ts2vec_7
0.31693745,0.30512777,-0.39768943,-0.6680096,-0.50926757,-0.8111061,0.6285522,-0.37262684
