ts2vec_0,ts2vec_1,ts2vec_2,ts2vec_3,ts2vec_4,ts2vec_5,ts2vec_6,ts2vec_7
0.3665294,0.22991413,-0.31593314,-0.6843981,-0.44777837,-0.8699901,0.5891261,-0.29698512
