ts2vec_0,ts2vec_1,ts2vec_2,ts2vec_3,ts2vec_4,ts2vec_5,ts2vec_6,ts2vec_7
0.23510562,-0.16748357,0.18508393,-0.6626139,-0.028971434,-1.0222301,-0.34368244,0.34652176
