ts2vec_0,ts2vec_1,ts2vec_2,ts2vec_3,ts2vec_4,ts2vec_5,ts2vec_6,ts2vec_7
-0.46913195,0.19734105,-0.20949855,-0.26169053,-0.12760709,-0.73785084,-0.629003,0.318461
