ts2vec_0,ts2vec_1,ts2vec_2,ts2vec_3,ts2vec_4,ts2vec_5,ts2vec_6,ts2vec_7
0.14481045,0.5003578,-0.70713323,-0.6424689,-0.7575206,-0.5004727,0.65650254,-0.6907729
