ts2vec_0,ts2vec_1,ts2vec_2,ts2vec_3,ts2vec_4,ts2vec_5,ts2vec_6,ts2vec_7
0.22615284,-0.076130174,-0.006757953,-0.5249162,-0.16391237,-1.0528541,-0.1709487,0.3100121
