ts2vec_0,ts2vec_1,ts2vec_2,ts2vec_3,ts2vec_4,ts2vec_5,ts2vec_6,ts2vec_7
-0.48033416,0.09391563,-0.19782512,-0.07014944,-0.17399243,-0.54056305,-0.7195241,0.24351327
