ts2vec_0,ts2vec_1,ts2vec_2,ts2vec_3,ts2vec_4,ts2vec_5,ts2vec_6,ts2vec_7
-0.41075063,-0.5208394,-0.28985804,-0.6317563,-0.36343688,2.0535538,-0.9030118,-0.5507286
