ts2vec_0,ts2vec_1,ts2vec_2,ts2vec_3,ts2vec_4,ts2vec_5,ts2vec_6,ts2vec_7
-0.04159966,-0.4626812,0.9512365,-0.8597834,0.7869667,-0.2880369,-1.1825348,0.08215587
