ts2vec_0,ts2vec_1,ts2vec_2,ts2vec_3,ts2vec_4,ts2vec_5,ts2vec_6,ts2vec_7
0.21372977,0.44992244,-0.59516007,-0.6560058,-0.6566356,-0.6216888,0.6668372,-0.57719123
