ts2vec_0,ts2vec_1,ts2vec_2,ts2vec_3,ts2vec_4,ts2vec_5,ts2vec_6,ts2vec_7
0.48763037,-0.61415786,0.82208943,-0.813331,0.4268208,-0.69558775,-0.86656874,0.23139513
