ts2vec_0,ts2vec_1,ts2vec_2,ts2vec_3,ts2vec_4,ts2vec_5,ts2vec_6,ts2vec_7
0.45456254,-0.5814221,0.75664526,-0.8010482,0.34774965,-0.74228495,-0.80223674,0.27036095
