ts2vec_0,ts2vec_1,ts2vec_2,ts2vec_3,ts2vec_4,ts2vec_5,ts2vec_6,ts2vec_7
0.13038684,0.42349455,-0.6029154,-0.5395368,-0.607846,-0.699914,0.6782603,-0.49629587
