ts2vec_0,ts2vec_1,ts2vec_2,ts2vec_3,ts2vec_4,ts2vec_5,ts2vec_6,ts2vec_7
0.11766616,0.49036354,-0.714787,-0.63037634,-0.7734067,-0.4780565,0.6515215,-0.69960237
