ts2vec_0,ts2vec_1,ts2vec_2,ts2vec_3,ts2vec_4,ts2vec_5,ts2vec_6,ts2vec_7
-0.6358168,-0.14531961,-0.70210725,0.47627825,-0.71836334,-0.81151134,-0.20822543,0.3333592
