ts2vec_0,ts2vec_1,ts2vec_2,ts2vec_3,ts2vec_4,ts2vec_5,ts2vec_6,ts2vec_7
0.027845204,-0.3099651,0.18854351,-0.30862385,-0.06279967,-0.6196077,-0.6507696,0.25893876
