ts2vec_0,ts2vec_1,ts2vec_2,ts2vec_3,ts2vec_4,ts2vec_5,ts2vec_6,ts2vec_7
-0.5371392,-0.44311514,0.09109304,-0.6867007,0.103344776,1.7735339,-1.0144321,-0.442403
