ts2vec_0,ts2vec_1,ts2vec_2,ts2vec_3,ts2vec_4,ts2vec_5,ts2vec_6,ts2vec_7
0.5215378,-0.1433996,0.0447125,-0.7628717,-0.17733017,-1.0355749,0.28963345,0.09068219
