ts2vec_0,ts2vec_1,ts2vec_2,ts2vec_3,ts2vec_4,ts2vec_5,ts2vec_6,ts2vec_7
-0.58395934,-0.16346772,0.099664666,-0.35185292,0.2590882,0.86525404,-1.0166612,-0.19096099
