ts2vec_0,ts2vec_1,ts2vec_2,ts2vec_3,ts2vec_4,ts2vec_5,ts2vec_6,ts2vec_7
-0.0748902,-0.18547752,0.09261551,-0.2429535,-0.05893704,-0.53633624,-0.74128497,0.2007113
