ts2vec_0,ts2vec_1,ts2vec_2,ts2vec_3,ts2vec_4,ts2vec_5,ts2vec_6,ts2vec_7
-0.004460314,0.23939416,-0.5590717,-0.20674187,-0.54262567,-0.93565536,0.58477193,-0.19173893
