ts2vec_0,ts2vec_1,ts2vec_2,ts2vec_3,ts2vec_4,ts2vec_5,ts2vec_6,ts2vec_7
-0.22316654,-0.36648768,0.70227104,-0.6672594,0.4900669,0.31881154,-1.2034035,-0.19209127
