ts2vec_0,ts2vec_1,ts2vec_2,ts2vec_3,ts2vec_4,ts2vec_5,ts2vec_6,ts2vec_7
-0.030440686,0.3025964,-0.5525953,-0.23393683,-0.5041921,-1.0323374,0.5602656,-0.111525975
