ts2vec_0,ts2vec_1,ts2vec_2,ts2vec_3,ts2vec_4,ts2vec_5,ts2vec_6,ts2vec_7
-0.13165773,-0.43111938,0.15307778,-0.29350197,-0.10895725,0.8445746,-0.9449591,-0.3048702
