ts2vec_0,ts2vec_1,ts2vec_2,ts2vec_3,ts2vec_4,ts2vec_5,ts2vec_6,ts2vec_7
-0.122118786,0.2870661,-0.48470208,-0.2669169,-0.4280622,-1.1278383,0.3494444,0.1332117
