ts2vec_0,ts2vec_1,ts2vec_2,ts2vec_3,ts2vec_4,ts2vec_5,ts2vec_6,ts2vec_7
-0.79134846,-0.042201772,-0.8421398,0.5706545,-0.7164691,-0.86874145,-0.16177094,0.40066025
