ts2vec_0,ts2vec_1,ts2vec_2,ts2vec_3,ts2vec_4,ts2vec_5,ts2vec_6,ts2vec_7
-0.6015732,-0.021777568,-0.34655017,0.24546118,-0.35221347,-0.3170531,-0.75510275,0.213128
