ts2vec_0,ts2vec_1,ts2vec_2,ts2vec_3,ts2vec_4,ts2vec_5,ts2vec_6,ts2vec_7
-0.20477833,0.058861397,-0.17109516,-0.30502012,-0.24022923,-0.9926535,-0.30029464,0.38143307
