ts2vec_0,ts2vec_1,ts2vec_2,ts2vec_3,ts2vec_4,ts2vec_5,ts2vec_6,ts2vec_7
-0.46100518,-0.3035452,-0.12486638,-0.0456358,-0.23497824,1.0612295,-0.91083544,-0.30447578
