ts2vec_0,ts2vec_1,ts2vec_2,ts2vec_3,ts2vec_4,ts2vec_5,ts2vec_6,ts2vec_7
0.19895016,-0.07977716,-0.039657407,-0.43339205,-0.24554235,-1.0907006,-0.045754705,0.2924653
