ts2vec_0,ts2vec_1,ts2vec_2,ts2vec_3,ts2vec_4,ts2vec_5,ts2vec_6,ts2vec_7
0.0056383098,0.22244646,-0.45280156,-0.26461408,-0.446461,-1.0883412,0.45446813,0.02360052
