ts2vec_0,ts2vec_1,ts2vec_2,ts2vec_3,ts2vec_4,ts2vec_5,ts2vec_6,ts2vec_7
0.06444196,0.26533616,-0.509082,-0.30356607,-0.48568,-0.89313054,0.55208176,-0.18115337
