ts2vec_0,ts2vec_1,ts2vec_2,ts2vec_3,ts2vec_4,ts2vec_5,ts2vec_6,ts2vec_7
-0.5906347,-0.37173545,0.01150518,-0.6095555,0.17505896,1.5991921,-1.0123304,-0.36070463
