ts2vec_0,ts2vec_1,ts2vec_2,ts2vec_3,ts2vec_4,ts2vec_5,ts2vec_6,ts2vec_7
-0.78520143,-0.3168476,-0.5339921,0.61126375,-0.51459813,0.17199442,-0.70223,0.2359225
