ts2vec_0,ts2vec_1,ts2vec_2,ts2vec_3,ts2vec_4,ts2vec_5,ts2vec_6,ts2vec_7
-0.50171304,-0.46839368,-0.3055412,-0.29866856,-0.21311529,1.7406881,-0.8029787,-0.30826208
