ts2vec_0,ts2vec_1,ts2vec_2,ts2vec_3,ts2vec_4,ts2vec_5,ts2vec_6,ts2vec_7
0.39964384,-0.11262569,0.050750706,-0.6708547,-0.14412098,-1.0181963,0.1109694,0.22159566
