ts2vec_0,ts2vec_1,ts2vec_2,ts2vec_3,ts2vec_4,ts2vec_5,ts2vec_6,ts2vec_7
-0.52684295,-0.4298096,0.32303664,-0.8581028,0.3452623,1.4974324,-1.141477,-0.41938102
