ts2vec_0,ts2vec_1,ts2vec_2,ts2vec_3,ts2vec_4,ts2vec_5,ts2vec_6,ts2vec_7
-0.304054,0.037622668,-0.31168717,-0.13440229,-0.19448009,-0.7450381,-0.31953484,0.3325122
