ts2vec_0,ts2vec_1,ts2vec_2,ts2vec_3,ts2vec_4,ts2vec_5,ts2vec_6,ts2vec_7
-0.3759724,-0.6301551,-0.25557557,-0.9344286,-0.19092353,2.2162068,-0.92468613,-0.46474305
