ts2vec_0,ts2vec_1,ts2vec_2,ts2vec_3,ts2vec_4,ts2vec_5,ts2vec_6,ts2vec_7
-0.4630767,-0.11719868,-0.6694109,0.3667939,-0.56788886,-0.7943372,0.044022024,0.28119326
