ts2vec_0,ts2vec_1,ts2vec_2,ts2vec_3,ts2vec_4,ts2vec_5,ts2vec_6,ts2vec_7
-0.20534441,-0.15907593,-0.34912848,0.030368468,-0.35703698,-0.8111925,-0.16500606,0.2931263
