ts2vec_0,ts2vec_1,ts2vec_2,ts2vec_3,ts2vec_4,ts2vec_5,ts2vec_6,ts2vec_7
-0.5649137,-0.3713755,-0.25535983,-0.16522321,-0.12759195,1.5059024,-0.8223345,-0.26258388
