ts2vec_0,ts2vec_1,ts2vec_2,ts2vec_3,ts2vec_4,ts2vec_5,ts2vec_6,ts2vec_7
-0.43725818,-0.12456993,-0.22606058,0.037963726,-0.15912895,-0.5100138,-0.575628,0.36521113
