ts2vec_0,ts2vec_1,ts2vec_2,ts2vec_3,ts2vec_4,ts2vec_5,ts2vec_6,ts2vec_7
-0.5414908,0.10722887,-0.22413883,-0.09987285,-0.057475038,-0.4480118,-0.62281215,0.32235065
