ts2vec_0,ts2vec_1,ts2vec_2,ts2vec_3,ts2vec_4,ts2vec_5,ts2vec_6,ts2vec_7
-0.48802918,-0.0276489,-0.13547333,-0.038494054,-0.024731304,-0.13428976,-0.75037915,0.17685713
