ts2vec_0,ts2vec_1,ts2vec_2,ts2vec_3,ts2vec_4,ts2vec_5,ts2vec_6,ts2vec_7
0.09962902,0.3082059,-0.55468595,-0.35528526,-0.57725936,-0.7900347,0.61836773,-0.33545658
