ts2vec_0,ts2vec_1,ts2vec_2,ts2vec_3,ts2vec_4,ts2vec_5,ts2vec_6,ts2vec_7
-0.28109017,0.11653815,-0.6173322,0.15164667,-0.5193047,-0.8955404,0.32415026,0.09660575
