ts2vec_0,ts2vec_1,ts2vec_2,ts2vec_3,ts2vec_4,ts2vec_5,ts2vec_6,ts2vec_7
0.057641137,-0.14822128,0.14239573,-0.6041359,0.101927325,-0.7714077,-0.50829273,0.32963046
