ts2vec_0,ts2vec_1,ts2vec_2,ts2vec_3,ts2vec_4,ts2vec_5,ts2vec_6,ts2vec_7
-0.44558853,-0.5011215,-0.14667676,-0.51896834,-0.2728188,2.0293572,-0.8485199,-0.5173957
