ts2vec_0,ts2vec_1,ts2vec_2,ts2vec_3,ts2vec_4,ts2vec_5,ts2vec_6,ts2vec_7
-0.40579197,-0.54311055,-0.12098286,-0.7028081,-0.253763,2.1454124,-0.88304496,-0.55676895
