ts2vec_0,ts2vec_1,ts2vec_2,ts2vec_3,ts2vec_4,ts2vec_5,ts2vec_6,ts2vec_7
-0.57964176,-0.27404353,-0.1381781,0.13307312,-0.14369431,1.0774149,-0.78148663,-0.20924614
