ts2vec_0,ts2vec_1,ts2vec_2,ts2vec_3,ts2vec_4,ts2vec_5,ts2vec_6,ts2vec_7
-0.48501652,-0.47956464,-0.063397475,-0.69862723,0.043582454,1.7681844,-0.97528523,-0.39041397
