ts2vec_0,ts2vec_1,ts2vec_2,ts2vec_3,ts2vec_4,ts2vec_5,ts2vec_6,ts2vec_7
-0.12963608,0.47677878,-0.8012633,-0.24292344,-0.68946165,-0.60384476,0.71621615,-0.5434632
