ts2vec_0,ts2vec_1,ts2vec_2,ts2vec_3,ts2vec_4,ts2vec_5,ts2vec_6,ts2vec_7
-0.4410927,-0.38298017,-0.1095514,-0.13293831,-0.19673896,1.2773662,-0.83872133,-0.29929894
