ts2vec_0,ts2vec_1,ts2vec_2,ts2vec_3,ts2vec_4,ts2vec_5,ts2vec_6,ts2vec_7
0.14767808,-0.21977727,0.14680085,-0.49942806,0.016232785,-0.7834117,-0.44091493,0.2699883
