ts2vec_0,ts2vec_1,ts2vec_2,ts2vec_3,ts2vec_4,ts2vec_5,ts2vec_6,ts2vec_7
-0.59044844,-0.17672138,0.10023327,-0.3921799,0.29900298,0.87036216,-1.0055748,-0.1746076
