ts2vec_0,ts2vec_1,ts2vec_2,ts2vec_3,ts2vec_4,ts2vec_5,ts2vec_6,ts2vec_7
-0.34560788,-0.39239982,-0.13024487,-0.07021585,-0.3482938,1.4273494,-0.76747185,-0.42464933
