ts2vec_0,ts2vec_1,ts2vec_2,ts2vec_3,ts2vec_4,ts2vec_5,ts2vec_6,ts2vec_7
-0.76833755,-0.027909197,-0.6990198,0.45485172,-0.41614512,-0.52705646,-0.3562648,0.4469943
