ts2vec_0,ts2vec_1,ts2vec_2,ts2vec_3,ts2vec_4,ts2vec_5,ts2vec_6,ts2vec_7
0.32244742,-0.44338247,0.6283326,-0.6922295,0.27380517,-0.5544273,-0.8019514,0.19080709
