ts2vec_0,ts2vec_1,ts2vec_2,ts2vec_3,ts2vec_4,ts2vec_5,ts2vec_6,ts2vec_7
-0.5884551,0.0066310605,-0.80024415,0.47339654,-0.6038036,-0.91823626,0.3198093,0.2203114
