ts2vec_0,ts2vec_1,ts2vec_2,ts2vec_3,ts2vec_4,ts2vec_5,ts2vec_6,ts2vec_7
-0.37141547,-0.3612207,0.105558395,-0.33841658,-0.013762578,1.1164963,-0.8958154,-0.31343585
