ts2vec_0,ts2vec_1,ts2vec_2,ts2vec_3,ts2vec_4,ts2vec_5,ts2vec_6,ts2vec_7
-0.42238972,0.16948049,-0.05098666,-0.35255352,0.023447959,-0.4868991,-0.66292036,0.25324616
