ts2vec_0,ts2vec_1,ts2vec_2,ts2vec_3,ts2vec_4,ts2vec_5,ts2vec_6,ts2vec_7
0.015690131,-0.257485,0.37221065,-0.38041347,0.12769789,-0.042498834,-0.8815815,-0.07853332
