ts2vec_0,ts2vec_1,ts2vec_2,ts2vec_3,ts2vec_4,ts2vec_5,ts2vec_6,ts2vec_7
-0.41726717,-0.56065136,-0.16463912,-0.76712316,-0.28009292,2.2703326,-0.89119965,-0.58870786
