ts2vec_0,ts2vec_1,ts2vec_2,ts2vec_3,ts2vec_4,ts2vec_5,ts2vec_6,ts2vec_7
-0.58127844,-0.121947356,-0.7241973,0.49113575,-0.60485756,-0.865332,0.12691398,0.29941866
