ts2vec_0,ts2vec_1,ts2vec_2,ts2vec_3,ts2vec_4,ts2vec_5,ts2vec_6,ts2vec_7
-0.38801023,-0.6185043,-0.27953938,-0.86266387,-0.21777348,2.2021377,-0.90217096,-0.45780808
