ts2vec_0,ts2vec_1,ts2vec_2,ts2vec_3,ts2vec_4,ts2vec_5,ts2vec_6,ts2vec_7
-0.29816517,-0.550316,0.06981966,-0.73759645,-0.08953686,1.7024044,-0.95400023,-0.46774334
