ts2vec_0,ts2vec_1,ts2vec_2,ts2vec_3,ts2vec_4,ts2vec_5,ts2vec_6,ts2vec_7
-0.71472704,-0.0527085,-0.7935872,0.51432997,-0.5327889,-0.7713014,-0.023597028,0.4000349
