ts2vec_0,ts2vec_1,ts2vec_2,ts2vec_3,ts2vec_4,ts2vec_5,ts2vec_6,ts2vec_7
0.22628313,-0.3787058,0.4855261,-0.82188416,0.27742872,-0.7770785,-0.65151995,0.3595459
