ts2vec_0,ts2vec_1,ts2vec_2,ts2vec_3,ts2vec_4,ts2vec_5,ts2vec_6,ts2vec_7
-0.08399225,0.48775592,-0.7732018,-0.32496515,-0.7150602,-0.57564735,0.706527,-0.5810164
