ts2vec_0,ts2vec_1,ts2vec_2,ts2vec_3,ts2vec_4,ts2vec_5,ts2vec_6,ts2vec_7
-0.442165,-0.40023938,0.4767154,-0.84331423,0.4455024,1.1577634,-1.1584209,-0.3671362
