ts2vec_0,ts2vec_1,ts2vec_2,ts2vec_3,ts2vec_4,ts2vec_5,ts2vec_6,ts2vec_7
-0.6627454,-0.3432501,-0.56061006,0.5533937,-0.5199073,-0.036077935,-0.6186943,0.28905633
