ts2vec_0,ts2vec_1,ts2vec_2,ts2vec_3,ts2vec_4,ts2vec_5,ts2vec_6,ts2vec_7
-0.0778245,-0.13762617,-0.21212299,-0.12955782,-0.2906541,-0.78322583,-0.27259907,0.26915252
