ts2vec_0,ts2vec_1,ts2vec_2,ts2vec_3,ts2vec_4,ts2vec_5,ts2vec_6,ts2vec_7
-0.36502704,-0.648251,-0.2363925,-0.9109473,-0.12774369,2.1663587,-0.946637,-0.41552338
