ts2vec_0,ts2vec_1,ts2vec_2,ts2vec_3,ts2vec_4,ts2vec_5,ts2vec_6,ts2vec_7
-0.5500149,-0.39029726,-0.078809194,-0.40207955,-0.08827428,1.7522397,-0.9032346,-0.44052795
