ts2vec_0,ts2vec_1,ts2vec_2,ts2vec_3,ts2vec_4,ts2vec_5,ts2vec_6,ts2vec_7
-0.47746357,-0.22606996,-0.2635313,0.10139418,-0.32992408,0.6895405,-0.6434685,-0.11278577
