ts2vec_0,ts2vec_1,ts2vec_2,ts2vec_3,ts2vec_4,ts2vec_5,ts2vec_6,ts2vec_7
0.12950535,0.34227094,-0.548271,-0.44111776,-0.5110595,-0.80612874,0.62971854,-0.32876423
