ts2vec_0,ts2vec_1,ts2vec_2,ts2vec_3,ts2vec_4,ts2vec_5,ts2vec_6,ts2vec_7
-0.24298792,-0.3946734,-0.012820524,-0.021886634,-0.2034005,0.7029551,-0.83232635,-0.18711051
