ts2vec_0,ts2vec_1,ts2vec_2,ts2vec_3,ts2vec_4,ts2vec_5,ts2vec_6,ts2vec_7
-0.27843148,-0.14857213,0.5580498,-0.79040414,0.49108094,-0.37492973,-0.9802003,0.20243888
