ts2vec_0,ts2vec_1,ts2vec_2,ts2vec_3,ts2vec_4,ts2vec_5,ts2vec_6,ts2vec_7
-0.57296985,0.04048389,-0.6978841,0.35348144,-0.5258695,-0.8603973,0.04663091,0.3280483
