ts2vec_0,ts2vec_1,ts2vec_2,ts2vec_3,ts2vec_4,ts2vec_5,ts2vec_6,ts2vec_7
-0.3087496,0.22985384,-0.6365951,-0.0014665618,-0.37097955,-1.0033957,0.35309103,0.18158287
