ts2vec_0,ts2vec_1,ts2vec_2,ts2vec_3,ts2vec_4,ts2vec_5,ts2vec_6,ts2vec_7
-0.62318957,-0.17985885,-0.29167095,0.2827392,-0.21087913,0.48744103,-0.7821084,0.027288435
