ts2vec_0,ts2vec_1,ts2vec_2,ts2vec_3,ts2vec_4,ts2vec_5,ts2vec_6,ts2vec_7
-0.41398084,-0.0795706,0.027550956,-0.14508803,0.04883122,-0.06949996,-0.8443598,0.10117831
