ts2vec_0,ts2vec_1,ts2vec_2,ts2vec_3,ts2vec_4,ts2vec_5,ts2vec_6,ts2vec_7
0.42388865,0.12729937,-0.16453704,-0.7463864,-0.36853155,-0.8894243,0.49049497,-0.17449893
