ts2vec_0,ts2vec_1,ts2vec_2,ts2vec_3,ts2vec_4,ts2vec_5,ts2vec_6,ts2vec_7
-0.39044482,-0.5660519,-0.046511333,-0.7825417,-0.16593912,2.051353,-0.94494605,-0.5362898
