ts2vec_0,ts2vec_1,ts2vec_2,ts2vec_3,ts2vec_4,ts2vec_5,ts2vec_6,ts2vec_7
-0.66930085,-0.07608941,-0.753122,0.5077882,-0.5695451,-0.8147048,-0.015177385,0.3776981
