ts2vec_0,ts2vec_1,ts2vec_2,ts2vec_3,ts2vec_4,ts2vec_5,ts2vec_6,ts2vec_7
0.24372698,-0.30333197,0.36878443,-0.7730719,0.20619681,-0.7534083,-0.6076344,0.3101095
