ts2vec_0,ts2vec_1,ts2vec_2,ts2vec_3,ts2vec_4,ts2vec_5,ts2vec_6,ts2vec_7
-0.5059995,-0.40016022,-0.029421719,-0.49927497,-0.06619379,1.7515339,-0.9325881,-0.45546484
