ts2vec_0,ts2vec_1,ts2vec_2,ts2vec_3,ts2vec_4,ts2vec_5,ts2vec_6,ts2vec_7
-0.612707,-0.30484313,-0.28329512,0.21671368,-0.30175108,1.265323,-0.75594735,-0.25682053
