ts2vec_0,ts2vec_1,ts2vec_2,ts2vec_3,ts2vec_4,ts2vec_5,ts2vec_6,ts2vec_7
-0.53859967,-0.41673398,-0.38027075,0.06797067,-0.30556107,1.4199513,-0.7247277,-0.21060346
