ts2vec_0,ts2vec_1,ts2vec_2,ts2vec_3,ts2vec_4,ts2vec_5,ts2vec_6,ts2vec_7
-0.42627257,-0.10898151,-0.58695996,0.2883577,-0.54091,-0.88386524,0.06721995,0.27756947
