ts2vec_0,ts2vec_1,ts2vec_2,ts2vec_3,ts2vec_4,ts2vec_5,ts2vec_6,ts2vec_7
-0.1179474,-0.39580515,-0.32614058,0.25507903,-0.34259552,-0.25839967,-0.6455696,0.21546607
