ts2vec_0,ts2vec_1,ts2vec_2,ts2vec_3,ts2vec_4,ts2vec_5,ts2vec_6,ts2vec_7
-0.55632704,-0.29084244,-0.110381804,-0.0042653396,-0.12367066,1.1726568,-0.8373888,-0.2505664
