ts2vec_0,ts2vec_1,ts2vec_2,ts2vec_3,ts2vec_4,ts2vec_5,ts2vec_6,ts2vec_7
-0.4927737,-0.48073444,-0.2992146,-0.34905538,-0.20867655,1.7847236,-0.81210655,-0.3218627
