ts2vec_0,ts2vec_1,ts2vec_2,ts2vec_3,ts2vec_4,ts2vec_5,ts2vec_6,ts2vec_7
-0.16105285,-0.5196143,0.9528528,-1.0164936,0.92363673,0.10026443,-1.2449713,-0.06688615
