ts2vec_0,ts2vec_1,ts2vec_2,ts2vec_3
0.19416425,-0.27501264,0.71918243,0.19268475
