ts2vec_0,ts2vec_1,ts2vec_2,ts2vec_3
-0.7535101,-0.7601249,1.5210232,0.9208582
