ts2vec_0,ts2vec_1,ts2vec_2,ts2vec_3
-0.502539,-0.30681464,1.3480146,0.57302946
