ts2vec_0,ts2vec_1,ts2vec_2,ts2vec_3
0.38462377,-0.004698333,0.7286969,-0.5245536
