ts2vec_0,ts2vec_1,ts2vec_2,ts2vec_3
0.056477543,-0.053415325,0.92346144,-0.1951443
