ts2vec_0,ts2vec_1,ts2vec_2,ts2vec_3
0.21537748,0.1324056,0.20880976,-0.4407556
