ts2vec_0,ts2vec_1,ts2vec_2,ts2vec_3
2.1476197,-0.3529789,-0.5634031,-1.1051567
