ts2vec_0,ts2vec_1,ts2vec_2,ts2vec_3
2.1241262,-0.3308954,-0.5861403,-1.0931348
