ts2vec_0,ts2vec_1,ts2vec_2,ts2vec_3
-0.7587966,-0.9616218,1.8286673,1.2750452
