ts2vec_0,ts2vec_1,ts2vec_2,ts2vec_3
0.15682769,0.19707969,0.3431281,-0.61500907
