ts2vec_0,ts2vec_1,ts2vec_2,ts2vec_3
-0.8292146,-0.86474854,0.99396944,1.4025621
