ts2vec_0,ts2vec_1,ts2vec_2,ts2vec_3
1.6623204,0.073645316,-0.3653077,-1.0761389
