ts2vec_0,ts2vec_1,ts2vec_2,ts2vec_3
-0.76571006,-0.7405472,1.5233918,0.9266092
