ts2vec_0,ts2vec_1,ts2vec_2,ts2vec_3
2.0982957,-0.31926298,-0.49992537,-1.0947652
