ts2vec_0,ts2vec_1,ts2vec_2,ts2vec_3
1.2619348,0.08498604,0.019631237,-1.0323656
