ts2vec_0,ts2vec_1,ts2vec_2,ts2vec_3
-1.0772183,0.29920313,-0.71384317,1.0125716
