ts2vec_0,ts2vec_1,ts2vec_2,ts2vec_3
0.49684572,-0.6956308,0.65260214,0.39136666
