ts2vec_0,ts2vec_1,ts2vec_2,ts2vec_3
2.1528273,-0.31463507,-0.65238386,-1.1524583
