ts2vec_0,ts2vec_1,ts2vec_2,ts2vec_3
2.1376133,-0.336156,-0.56647474,-1.1132779
