ts2vec_0,ts2vec_1,ts2vec_2,ts2vec_3
0.24454318,0.3182618,0.11776808,-0.8113469
