ts2vec_0,ts2vec_1,ts2vec_2,ts2vec_3
1.9855596,-0.5351908,0.06851269,-0.85383844
