ts2vec_0,ts2vec_1,ts2vec_2,ts2vec_3
2.0762491,-0.4294638,-0.20875266,-0.9977329
