ts2vec_0,ts2vec_1,ts2vec_2,ts2vec_3
-0.7865033,-0.9962038,1.1271236,1.5382411
