ts2vec_0,ts2vec_1,ts2vec_2,ts2vec_3
1.960681,-0.21095529,-0.29282108,-1.0757136
