ts2vec_0,ts2vec_1,ts2vec_2,ts2vec_3
2.1190124,-0.46284616,-0.2727588,-1.0074606
