ts2vec_0,ts2vec_1,ts2vec_2,ts2vec_3
1.1961036,0.25264627,-0.2735094,-1.1192192
