ts2vec_0,ts2vec_1,ts2vec_2,ts2vec_3
1.5522164,0.14797865,-0.3289698,-1.1565185
