ts2vec_0,ts2vec_1,ts2vec_2,ts2vec_3
1.2038547,-0.23423645,0.13362725,-0.593703
