ts2vec_0,ts2vec_1,ts2vec_2,ts2vec_3
1.0145692,0.25283724,-0.25068632,-1.0952617
