ts2vec_0,ts2vec_1,ts2vec_2,ts2vec_3
1.9657363,-0.49932113,0.006269156,-0.8479861
