ts2vec_0,ts2vec_1,ts2vec_2,ts2vec_3
-0.47984213,-0.7432522,2.1419153,0.52905697
