ts2vec_0,ts2vec_1,ts2vec_2,ts2vec_3
1.5274214,-0.6344962,0.71150964,-0.48680246
