ts2vec_0,ts2vec_1,ts2vec_2,ts2vec_3
-0.38403568,-0.011724339,0.053231608,0.53801847
