ts2vec_0,ts2vec_1,ts2vec_2,ts2vec_3
1.3965435,-0.6650756,0.84790474,-0.44391719
