ts2vec_0,ts2vec_1,ts2vec_2,ts2vec_3
1.5379292,-0.3617202,0.31567857,-0.7014026
