ts2vec_0,ts2vec_1,ts2vec_2,ts2vec_3
0.6598914,-0.8082841,1.6404222,-0.23335092
