ts2vec_0,ts2vec_1,ts2vec_2,ts2vec_3
-0.97475964,-1.2620475,-0.61144805,2.4641373
