ts2vec_0,ts2vec_1,ts2vec_2,ts2vec_3
1.929011,-0.75017655,0.39358822,-0.67216104
