ts2vec_0,ts2vec_1,ts2vec_2,ts2vec_3
0.5916005,-0.6316974,1.0044394,0.018542731
