ts2vec_0,ts2vec_1,ts2vec_2,ts2vec_3
-1.0093838,0.39446473,-0.64123935,0.46210024
