ts2vec_0,ts2vec_1,ts2vec_2,ts2vec_3
1.7536706,-0.42786774,0.18600498,-0.7149356
