ts2vec_0,ts2vec_1,ts2vec_2,ts2vec_3
1.9583875,-0.4539826,-0.027383938,-0.8683749
