ts2vec_0,ts2vec_1,ts2vec_2,ts2vec_3
-0.54858893,-0.76223063,2.0179307,0.581854
