ts2vec_0,ts2vec_1,ts2vec_2,ts2vec_3
0.1875087,-0.75878584,1.6524367,0.17956905
