ts2vec_0,ts2vec_1,ts2vec_2,ts2vec_3
1.9701833,-0.5036488,0.01037893,-0.83748174
