ts2vec_0,ts2vec_1,ts2vec_2,ts2vec_3
1.8533719,-0.31972107,-0.06929722,-0.9018768
