ts2vec_0,ts2vec_1,ts2vec_2,ts2vec_3
2.1400492,-0.4436473,-0.43212327,-1.0138825
