ts2vec_0,ts2vec_1,ts2vec_2,ts2vec_3
1.972382,-0.5899629,0.121353954,-0.8002998
