ts2vec_0,ts2vec_1,ts2vec_2,ts2vec_3
0.6902395,-0.48528403,0.8297136,-0.12052002
