ts2vec_0,ts2vec_1,ts2vec_2,ts2vec_3
-0.078580275,-0.17251714,0.023317408,0.54516643
