ts2vec_0,ts2vec_1,ts2vec_2,ts2vec_3
-0.36013973,-0.10893513,0.11716332,0.68342644
