ts2vec_0,ts2vec_1,ts2vec_2,ts2vec_3
1.2954975,-0.07974235,0.23044294,-0.81373775
