ts2vec_0,ts2vec_1,ts2vec_2,ts2vec_3
0.42975608,-0.74823964,1.4601071,0.03768849
