ts2vec_0,ts2vec_1,ts2vec_2,ts2vec_3
0.2479618,-0.79906553,1.5261818,0.21138097
