ts2vec_0,ts2vec_1,ts2vec_2,ts2vec_3
0.862203,-0.8997665,1.5755211,-0.23474756
