ts2vec_0,ts2vec_1,ts2vec_2,ts2vec_3
-0.4352345,0.7851464,-0.9202267,-1.1288025
