ts2vec_0,ts2vec_1,ts2vec_2,ts2vec_3
1.9736986,-0.42299822,-0.1147515,-0.9011664
