ts2vec_0,ts2vec_1,ts2vec_2,ts2vec_3
0.48024914,-0.46294126,0.52852595,0.17807223
