ts2vec_0,ts2vec_1,ts2vec_2,ts2vec_3
0.841264,-0.50143117,0.6366779,-0.15374108
