ts2vec_0,ts2vec_1,ts2vec_2,ts2vec_3
0.23383176,-0.72581196,1.3646402,0.24898167
