ts2vec_0,ts2vec_1,ts2vec_2,ts2vec_3
-0.7384015,-0.93426764,1.249418,1.4287142
