ts2vec_0,ts2vec_1,ts2vec_2,ts2vec_3
-0.36039424,-0.2484303,0.38936102,0.8693804
