ts2vec_0,ts2vec_1,ts2vec_2,ts2vec_3
0.6427602,-0.3530029,0.82714635,-0.18927409
