ts2vec_0,ts2vec_1,ts2vec_2,ts2vec_3
-0.13466758,-0.8468329,1.8036782,0.5223751
