ts2vec_0,ts2vec_1,ts2vec_2,ts2vec_3
2.1390777,-0.33587694,-0.6034075,-1.1068736
