ts2vec_0,ts2vec_1,ts2vec_2,ts2vec_3
0.9518883,0.52419466,-0.68744236,-1.2431192
