ts2vec_0,ts2vec_1,ts2vec_2,ts2vec_3
-0.72924453,0.16251218,-0.307038,0.6726212
