ts2vec_0,ts2vec_1,ts2vec_2,ts2vec_3
1.8432152,-0.6239182,0.33996612,-0.7045379
