ts2vec_0,ts2vec_1,ts2vec_2,ts2vec_3
-0.9149502,-0.4894108,-0.55252707,2.0052214
