ts2vec_0,ts2vec_1,ts2vec_2,ts2vec_3
0.31918326,-0.16350442,0.41283894,0.0016026497
