ts2vec_0,ts2vec_1,ts2vec_2,ts2vec_3
-0.39781687,-0.8480419,1.974091,0.65380394
