ts2vec_0,ts2vec_1,ts2vec_2,ts2vec_3
0.6707996,-0.66562635,1.0476257,0.022979895
