ts2vec_0,ts2vec_1,ts2vec_2,ts2vec_3
-0.95130956,-1.046905,-0.72939885,2.5290287
