ts2vec_0,ts2vec_1,ts2vec_2,ts2vec_3
2.0268664,-0.4241237,-0.20508204,-0.93162763
