ts2vec_0,ts2vec_1,ts2vec_2,ts2vec_3
-0.5168176,-0.8182062,1.9811081,0.74727094
