ts2vec_0,ts2vec_1,ts2vec_2,ts2vec_3
-0.5602208,-0.83640647,1.6754423,1.0576497
