ts2vec_0,ts2vec_1,ts2vec_2,ts2vec_3
2.026838,-0.49542552,-0.09940739,-0.8982483
