ts2vec_0,ts2vec_1,ts2vec_2,ts2vec_3
-0.634272,-0.72365904,2.115315,0.5203942
