ts2vec_0,ts2vec_1,ts2vec_2,ts2vec_3
1.914481,-0.5872584,0.19780089,-0.7335993
