ts2vec_0,ts2vec_1,ts2vec_2,ts2vec_3
-1.0064425,-0.2492884,-0.7234705,1.9560536
