ts2vec_0,ts2vec_1,ts2vec_2,ts2vec_3
-0.3043236,-0.80336434,2.006685,0.48346913
