ts2vec_0,ts2vec_1,ts2vec_2,ts2vec_3
0.7070357,0.5393453,-0.66230685,-1.2084048
