ts2vec_0,ts2vec_1,ts2vec_2,ts2vec_3
1.9203682,-0.5825129,0.20140262,-0.74960303
