ts2vec_0,ts2vec_1,ts2vec_2,ts2vec_3
0.5437016,0.074520424,0.13339658,-0.49581516
