ts2vec_0,ts2vec_1,ts2vec_2,ts2vec_3
1.9928705,-0.41943294,-0.14961587,-0.909039
