ts2vec_0,ts2vec_1,ts2vec_2,ts2vec_3
1.859107,-0.59830713,0.2831674,-0.72567
