ts2vec_0,ts2vec_1,ts2vec_2,ts2vec_3
0.99172217,-0.055378433,0.20899284,-0.6844925
