ts2vec_0,ts2vec_1,ts2vec_2,ts2vec_3
1.0390881,-0.7187062,1.0784652,-0.25267437
