ts2vec_0,ts2vec_1,ts2vec_2,ts2vec_3
1.9238993,-0.57082254,0.17325225,-0.7736643
