ts2vec_0,ts2vec_1,ts2vec_2,ts2vec_3
1.4759895,-0.606397,0.6211545,-0.45392543
