ts2vec_0,ts2vec_1,ts2vec_2,ts2vec_3
0.043689374,-0.7922026,1.9530748,0.16467223
