ts2vec_0,ts2vec_1,ts2vec_2,ts2vec_3
1.5528682,-0.4925716,0.46485513,-0.5942796
