ts2vec_0,ts2vec_1,ts2vec_2,ts2vec_3
-0.92449117,-1.1650317,-0.6532403,2.5574245
