ts2vec_0,ts2vec_1,ts2vec_2,ts2vec_3
-0.23119472,-0.60818464,1.3526379,0.7385161
