ts2vec_0,ts2vec_1,ts2vec_2,ts2vec_3
1.1420217,-0.54898673,0.6492113,-0.28336865
