ts2vec_0,ts2vec_1,ts2vec_2,ts2vec_3
1.5812651,-0.6237196,0.642387,-0.58868676
