ts2vec_0,ts2vec_1,ts2vec_2,ts2vec_3
-0.518515,-0.9789922,1.9010488,1.0524414
