ts2vec_0,ts2vec_1,ts2vec_2,ts2vec_3
2.0835788,-0.42025235,-0.37191892,-0.97986484
