ts2vec_0,ts2vec_1,ts2vec_2,ts2vec_3
0.052812904,-0.76424646,1.9455826,0.07859956
