ts2vec_0,ts2vec_1,ts2vec_2,ts2vec_3
-0.06640661,-0.7485444,2.0258682,0.16413306
