ts2vec_0,ts2vec_1,ts2vec_2,ts2vec_3
2.135014,-0.29209086,-0.6380449,-1.1519307
