ts2vec_0,ts2vec_1,ts2vec_2,ts2vec_3
1.9237341,-0.23419675,-0.32014328,-1.0048077
