ts2vec_0,ts2vec_1,ts2vec_2,ts2vec_3
-0.609392,0.59184307,-0.5546543,-0.58243376
