ts2vec_0,ts2vec_1,ts2vec_2,ts2vec_3
-0.15183997,-0.18616974,0.8137719,0.11695818
