ts2vec_0,ts2vec_1,ts2vec_2,ts2vec_3
-0.7049769,-0.5681865,-0.021325506,1.9642646
