ts2vec_0,ts2vec_1,ts2vec_2,ts2vec_3
1.5710917,-0.80925196,0.8888362,-0.56053376
