ts2vec_0,ts2vec_1,ts2vec_2,ts2vec_3
-0.8685544,-1.0779666,-0.38212636,2.4546402
