ts2vec_0,ts2vec_1,ts2vec_2,ts2vec_3
1.3257779,0.117562436,-0.1131475,-0.99268186
