ts2vec_0,ts2vec_1,ts2vec_2,ts2vec_3
-0.26591927,-0.121214114,0.6192476,0.28628278
