ts2vec_0,ts2vec_1,ts2vec_2,ts2vec_3
0.2794714,-0.25553188,0.39292672,0.047360767
