ts2vec_0,ts2vec_1,ts2vec_2,ts2vec_3
0.9452245,-0.026963396,0.022845004,-0.50761014
