ts2vec_0,ts2vec_1,ts2vec_2,ts2vec_3
1.1148694,-0.08539222,0.13365825,-0.65325236
