ts2vec_0,ts2vec_1,ts2vec_2,ts2vec_3
-0.756171,0.1972374,-0.2632852,0.53843135
