ts2vec_0,ts2vec_1,ts2vec_2,ts2vec_3
-0.90073603,-0.42131352,-0.2520942,1.8293107
