ts2vec_0,ts2vec_1,ts2vec_2,ts2vec_3
1.2565734,0.010374064,-0.040781952,-0.7959512
