ts2vec_0,ts2vec_1,ts2vec_2,ts2vec_3
-0.8429678,-0.5062731,0.35160324,1.4946033
