ts2vec_0,ts2vec_1,ts2vec_2,ts2vec_3
-0.68164784,0.6287446,-0.723466,-0.57989585
