ts2vec_0,ts2vec_1,ts2vec_2,ts2vec_3
-0.7449623,-0.92769355,1.1889417,1.4925474
