ts2vec_0,ts2vec_1,ts2vec_2,ts2vec_3
0.7231507,-0.32378304,0.8149864,-0.3424605
