ts2vec_0,ts2vec_1,ts2vec_2,ts2vec_3
-0.8604254,-0.36552253,-0.44772586,1.9131466
