ts2vec_0,ts2vec_1,ts2vec_2,ts2vec_3
-0.8235667,-0.90315,-0.40540022,2.419694
