ts2vec_0,ts2vec_1,ts2vec_2,ts2vec_3
-0.52149546,-0.037469395,0.0995514,0.8605816
