ts2vec_0,ts2vec_1,ts2vec_2,ts2vec_3
-0.90652883,-1.1182572,-0.66064197,2.5269935
