ts2vec_0,ts2vec_1,ts2vec_2,ts2vec_3
-0.789133,0.554211,0.060770053,-0.20552412
