ts2vec_0,ts2vec_1,ts2vec_2,ts2vec_3
-0.49137115,0.6721782,-0.7803935,-0.75591654
