ts2vec_0,ts2vec_1,ts2vec_2,ts2vec_3
0.4160453,-0.8745587,1.3347657,0.29102847
