ts2vec_0,ts2vec_1,ts2vec_2,ts2vec_3
-0.91434705,-1.1713824,-0.762348,2.6110837
