ts2vec_0,ts2vec_1,ts2vec_2,ts2vec_3
0.65189016,0.23419908,-0.2820875,-0.724363
