ts2vec_0,ts2vec_1,ts2vec_2,ts2vec_3
-0.9083656,0.21430832,-0.51340497,1.0915693
