ts2vec_0,ts2vec_1,ts2vec_2,ts2vec_3
-0.8622976,-1.2383876,0.041093525,2.3846033
