ts2vec_0,ts2vec_1,ts2vec_2,ts2vec_3
-0.9585651,-0.1693649,-0.74800414,1.8512695
