ts2vec_0,ts2vec_1,ts2vec_2,ts2vec_3
-0.4092625,0.64559186,-0.7070516,-0.7731413
