ts2vec_0,ts2vec_1,ts2vec_2,ts2vec_3
-0.722314,0.60180116,-0.73045886,-0.27812195
