ts2vec_0,ts2vec_1,ts2vec_2,ts2vec_3
1.6763566,-0.038629837,-0.114111274,-1.0322914
