ts2vec_0,ts2vec_1,ts2vec_2,ts2vec_3
-1.0753458,0.6023717,-0.73393685,0.041778963
