ts2vec_0,ts2vec_1,ts2vec_2,ts2vec_3
1.8898712,0.09048009,-0.622594,-1.2458594
