ts2vec_0,ts2vec_1,ts2vec_2,ts2vec_3
-0.80310464,-0.07931863,0.03774335,1.2443408
