ts2vec_0,ts2vec_1,ts2vec_2,ts2vec_3
1.9073443,-0.661042,0.35273716,-0.72451216
