ts2vec_0,ts2vec_1,ts2vec_2,ts2vec_3
-0.89824367,-1.0418153,-0.7582036,2.6245415
