ts2vec_0,ts2vec_1,ts2vec_2,ts2vec_3
-0.056945007,-0.62172633,1.4810529,0.41265967
