ts2vec_0,ts2vec_1,ts2vec_2,ts2vec_3
-0.70777893,0.0007855019,-0.43541265,1.187789
