ts2vec_0,ts2vec_1,ts2vec_2,ts2vec_3
-1.1652142,0.5554636,-0.8887955,0.34901425
