ts2vec_0,ts2vec_1,ts2vec_2,ts2vec_3
-0.91718704,-0.53623885,-0.7267104,2.2861316
