ts2vec_0,ts2vec_1,ts2vec_2,ts2vec_3
-0.9075087,-1.1745094,-0.5203627,2.4934978
