ts2vec_0,ts2vec_1,ts2vec_2,ts2vec_3
1.1979843,-0.61959,0.84816897,-0.41377813
