ts2vec_0,ts2vec_1,ts2vec_2,ts2vec_3
-0.8906788,-0.4711491,-0.43116087,1.8613814
