ts2vec_0,ts2vec_1,ts2vec_2,ts2vec_3
-0.050127465,-1.0169754,0.9640656,1.148627
