ts2vec_0,ts2vec_1,ts2vec_2,ts2vec_3
-0.2529939,0.623839,-0.62324226,-0.91034335
