ts2vec_0,ts2vec_1,ts2vec_2,ts2vec_3
1.5032276,-0.03800746,-0.022971276,-0.87821454
