ts2vec_0,ts2vec_1,ts2vec_2,ts2vec_3
1.756694,-0.11147379,-0.11997475,-0.99178845
