ts2vec_0,ts2vec_1,ts2vec_2,ts2vec_3
-0.021611549,0.607801,-0.69763374,-1.0162324
