ts2vec_0,ts2vec_1,ts2vec_2,ts2vec_3
-0.9233989,-0.9953693,-0.7071998,2.473956
