ts2vec_0,ts2vec_1,ts2vec_2,ts2vec_3
-0.8620045,-0.9603893,-0.46410868,2.4547641
