ts2vec_0,ts2vec_1,ts2vec_2,ts2vec_3
0.32435578,-0.29369497,0.8899931,0.097302
