ts2vec_0,ts2vec_1,ts2vec_2,ts2vec_3
0.3608324,-0.4537585,0.76381195,0.25256905
