ts2vec_0,ts2vec_1,ts2vec_2,ts2vec_3
0.0052298796,0.13964052,0.31543824,-0.30924633
