ts2vec_0,ts2vec_1,ts2vec_2,ts2vec_3
-0.2883094,-0.036331944,-0.108226255,0.5822319
