ts2vec_0,ts2vec_1,ts2vec_2,ts2vec_3
-0.87987536,-0.32887375,-0.36199895,1.8532351
