ts2vec_0,ts2vec_1,ts2vec_2,ts2vec_3
-0.4931167,-0.27364978,0.8864198,0.80903524
