ts2vec_0,ts2vec_1,ts2vec_2,ts2vec_3
-0.8072014,-1.1042126,0.45063967,2.1148498
