ts2vec_0,ts2vec_1,ts2vec_2,ts2vec_3
-0.7745938,-0.597686,0.044766907,1.7944436
