ts2vec_0,ts2vec_1,ts2vec_2,ts2vec_3
-0.8962823,-1.0270396,-0.6689783,2.596828
