ts2vec_0,ts2vec_1,ts2vec_2,ts2vec_3
-0.76061094,-1.0558988,1.6729585,1.4818487
