ts2vec_0,ts2vec_1,ts2vec_2,ts2vec_3
-0.88886917,-0.8874951,-0.6027559,2.3879616
