ts2vec_0,ts2vec_1,ts2vec_2,ts2vec_3
-0.16583432,0.56541836,-0.56996846,-0.7442359
