ts2vec_0,ts2vec_1,ts2vec_2,ts2vec_3
-0.9194978,-0.48137718,-0.72425926,2.2433043
