ts2vec_0,ts2vec_1,ts2vec_2,ts2vec_3
-0.5281477,0.06193585,-0.070556685,0.8030984
