ts2vec_0,ts2vec_1,ts2vec_2,ts2vec_3
-0.037711725,-0.2742448,0.12672585,0.75658536
