ts2vec_0,ts2vec_1,ts2vec_2,ts2vec_3
-0.23688552,0.5601092,-0.47263795,-0.78979087
