ts2vec_0,ts2vec_1,ts2vec_2,ts2vec_3
-0.6861797,-0.5451951,-0.083619915,1.9708412
