ts2vec_0,ts2vec_1,ts2vec_2,ts2vec_3
-0.8907742,-1.0590473,-0.19099747,2.2301185
