ts2vec_0,ts2vec_1,ts2vec_2,ts2vec_3
0.3501092,-0.7041838,1.1841385,0.33333224
