ts2vec_0,ts2vec_1,ts2vec_2,ts2vec_3
-0.88697773,-1.098799,-0.715864,2.6482685
