ts2vec_0,ts2vec_1,ts2vec_2,ts2vec_3
-0.43486196,0.103475034,-0.0046540075,0.1727551
