ts2vec_0,ts2vec_1,ts2vec_2,ts2vec_3
-0.088309765,0.43729022,-0.37850463,-0.76305693
