ts2vec_0,ts2vec_1,ts2vec_2,ts2vec_3
-0.88834,-0.34890482,-0.6414854,2.1010633
