ts2vec_0,ts2vec_1,ts2vec_2,ts2vec_3
-0.87058604,-0.21277615,-0.5466677,1.7628841
