ts2vec_0,ts2vec_1,ts2vec_2,ts2vec_3
1.8061454,0.15436043,-0.61306375,-1.2523854
