ts2vec_0,ts2vec_1,ts2vec_2,ts2vec_3
0.44235355,0.33011332,-0.26683918,-0.8546045
