ts2vec_0,ts2vec_1,ts2vec_2,ts2vec_3
-0.006909735,0.092904516,0.027395347,-0.04933002
