ts2vec_0,ts2vec_1,ts2vec_2,ts2vec_3
-0.97778314,-0.063363574,-0.73211473,1.850324
