ts2vec_0,ts2vec_1,ts2vec_2,ts2vec_3
-0.88615984,-0.9377646,-0.50707513,2.3722897
