ts2vec_0,ts2vec_1,ts2vec_2,ts2vec_3
0.032971967,0.21095558,0.011990507,-0.40464965
