ts2vec_0,ts2vec_1,ts2vec_2,ts2vec_3,ts2vec_4,ts2vec_5,ts2vec_6,ts2vec_7,ts2vec_8,ts2vec_9,ts2vec_10,ts2vec_11,ts2vec_12,ts2vec_13,ts2vec_14,ts2vec_15,ts2vec_16,ts2vec_17,ts2vec_18,ts2vec_19,ts2vec_20,ts2vec_21,ts2vec_22,ts2vec_23,ts2vec_24,ts2vec_25,ts2vec_26,ts2vec_27,ts2vec_28,ts2vec_29,ts2vec_30,ts2vec_31
-0.3417016,-0.38187972,-0.5544987,-0.50954306,-0.47602952,-0.22053102,0.09606386,0.047448497,-0.084633924,0.06446914,-0.33974645,-0.06878172,-0.1031151,0.2654903,0.12635547,-0.012031522,-0.4102605,-0.12769985,-0.35409212,-0.14914893,-0.3563242,-0.10821205,-0.44027662,-0.3454338,-0.17555273,-0.5938507,-0.40558043,-0.2368311,0.106780514,0.16166535,0.08795566,-0.40586117
