ts2vec_0,ts2vec_1,ts2vec_2,ts2vec_3,ts2vec_4,ts2vec_5,ts2vec_6,ts2vec_7,ts2vec_8,ts2vec_9,ts2vec_10,ts2vec_11,ts2vec_12,ts2vec_13,ts2vec_14,ts2vec_15,ts2vec_16,ts2vec_17,ts2vec_18,ts2vec_19,ts2vec_20,ts2vec_21,ts2vec_22,ts2vec_23,ts2vec_24,ts2vec_25,ts2vec_26,ts2vec_27,ts2vec_28,ts2vec_29,ts2vec_30,ts2vec_31
-0.21973239,-0.46285364,-0.65263784,-0.42581254,-0.49637878,-0.15184371,0.23609956,-0.19188662,-0.20374154,-0.053584393,-0.22978705,-0.09330632,-0.06251191,0.19696616,0.18486333,-0.029844185,-0.39703575,-0.15303615,-0.35967645,-0.32386482,-0.26622057,-0.21553198,-0.53794,-0.5990436,-0.12445301,-0.31042376,-0.29574382,-0.2528928,0.0062862374,0.1244171,0.08973474,-0.34109598
