ts2vec_0,ts2vec_1,ts2vec_2,ts2vec_3,ts2vec_4,ts2vec_5,ts2vec_6,ts2vec_7,ts2vec_8,ts2vec_9,ts2vec_10,ts2vec_11,ts2vec_12,ts2vec_13,ts2vec_14,ts2vec_15,ts2vec_16,ts2vec_17,ts2vec_18,ts2vec_19,ts2vec_20,ts2vec_21,ts2vec_22,ts2vec_23,ts2vec_24,ts2vec_25,ts2vec_26,ts2vec_27,ts2vec_28,ts2vec_29,ts2vec_30,ts2vec_31
-0.3110648,-0.6476113,-0.29410848,-0.5026729,-0.5405767,-0.038718965,0.31146216,-0.58666736,-0.38664135,-0.60532564,0.6749362,-0.4029219,0.020442888,-0.186961,-0.39695176,-0.22474903,-0.3719934,-0.357271,0.5176959,-0.068508916,-0.280274,-0.41508612,0.013929533,-0.7095177,-0.17912275,0.61036694,-0.30478737,-0.2560763,-0.764047,-0.010440392,-0.48273903,-0.20291063
