ts2vec_0,ts2vec_1,ts2vec_2,ts2vec_3,ts2vec_4,ts2vec_5,ts2vec_6,ts2vec_7,ts2vec_8,ts2vec_9,ts2vec_10,ts2vec_11,ts2vec_12,ts2vec_13,ts2vec_14,ts2vec_15,ts2vec_16,ts2vec_17,ts2vec_18,ts2vec_19,ts2vec_20,ts2vec_21,ts2vec_22,ts2vec_23,ts2vec_24,ts2vec_25,ts2vec_26,ts2vec_27,ts2vec_28,ts2vec_29,ts2vec_30,ts2vec_31
-0.19933563,-0.22656968,-0.1854741,-0.49607486,-0.113875225,-0.27950016,-0.075507805,0.0006666182,0.051321127,-0.16948174,-0.6487371,-0.41751257,-0.05569538,0.3760117,0.110557534,-0.3186546,-0.37112105,-0.35397807,-0.5113211,-0.5318373,-0.16700006,-0.19050959,-0.22030452,0.046149462,0.115458935,-0.62913406,-0.51981837,-0.20426816,0.16350581,0.17785871,-0.0038559563,-0.23190613
