ts2vec_0,ts2vec_1,ts2vec_2,ts2vec_3,ts2vec_4,ts2vec_5,ts2vec_6,ts2vec_7,ts2vec_8,ts2vec_9,ts2vec_10,ts2vec_11,ts2vec_12,ts2vec_13,ts2vec_14,ts2vec_15,ts2vec_16,ts2vec_17,ts2vec_18,ts2vec_19,ts2vec_20,ts2vec_21,ts2vec_22,ts2vec_23,ts2vec_24,ts2vec_25,ts2vec_26,ts2vec_27,ts2vec_28,ts2vec_29,ts2vec_30,ts2vec_31
-0.376188,-0.41173792,-0.6786538,-0.32862452,-0.48557404,-0.10956584,0.13963966,-0.20277835,-0.2536568,-0.08617466,-0.21237148,0.035721585,-0.106231876,0.17063047,0.10422549,0.058403295,-0.43373138,0.09514401,-0.23029582,-0.23365612,-0.33307165,-0.19438522,-0.5230177,-0.49076793,-0.33433402,-0.42036158,-0.13595569,-0.23372428,-0.08436001,0.064012825,0.09297532,-0.39883852
