ts2vec_0,ts2vec_1,ts2vec_2,ts2vec_3,ts2vec_4,ts2vec_5,ts2vec_6,ts2vec_7,ts2vec_8,ts2vec_9,ts2vec_10,ts2vec_11,ts2vec_12,ts2vec_13,ts2vec_14,ts2vec_15,ts2vec_16,ts2vec_17,ts2vec_18,ts2vec_19,ts2vec_20,ts2vec_21,ts2vec_22,ts2vec_23,ts2vec_24,ts2vec_25,ts2vec_26,ts2vec_27,ts2vec_28,ts2vec_29,ts2vec_30,ts2vec_31
-0.2013323,-0.3860019,-0.56798685,-0.47076112,-0.39479032,-0.2244071,0.15360057,-0.10960086,-0.14620116,-0.023652354,-0.39169878,-0.13476808,-0.057363886,0.2732093,0.19830476,-0.081585,-0.39115977,-0.21488677,-0.47621784,-0.39379507,-0.2411183,-0.17664951,-0.49192816,-0.43965384,-0.051652048,-0.4415939,-0.36895624,-0.23102988,0.10027657,0.15598777,0.10977546,-0.33667195
