ts2vec_0,ts2vec_1,ts2vec_2,ts2vec_3,ts2vec_4,ts2vec_5,ts2vec_6,ts2vec_7,ts2vec_8,ts2vec_9,ts2vec_10,ts2vec_11,ts2vec_12,ts2vec_13,ts2vec_14,ts2vec_15,ts2vec_16,ts2vec_17,ts2vec_18,ts2vec_19,ts2vec_20,ts2vec_21,ts2vec_22,ts2vec_23,ts2vec_24,ts2vec_25,ts2vec_26,ts2vec_27,ts2vec_28,ts2vec_29,ts2vec_30,ts2vec_31
-0.1621329,-0.03951062,0.2173051,-0.49141717,0.11040836,-0.29250953,-0.23734656,0.056809757,0.06869288,-0.3256598,-0.7414044,-0.72946924,0.056202933,0.46018803,-0.06542158,-0.57561535,-0.29895255,-0.5512081,-0.4527867,-0.71560585,-0.09735059,-0.22536188,0.101769604,0.40353805,0.26184905,-0.5966619,-0.575019,-0.07198269,0.14075229,0.12838754,-0.22692212,-0.09765645
