ts2vec_0,ts2vec_1,ts2vec_2,ts2vec_3,ts2vec_4,ts2vec_5,ts2vec_6,ts2vec_7,ts2vec_8,ts2vec_9,ts2vec_10,ts2vec_11,ts2vec_12,ts2vec_13,ts2vec_14,ts2vec_15,ts2vec_16,ts2vec_17,ts2vec_18,ts2vec_19,ts2vec_20,ts2vec_21,ts2vec_22,ts2vec_23,ts2vec_24,ts2vec_25,ts2vec_26,ts2vec_27,ts2vec_28,ts2vec_29,ts2vec_30,ts2vec_31
-0.3054208,-0.6704692,-0.27597567,-0.5660738,-0.47116274,-0.012869477,0.2943107,-0.59130293,-0.36178315,-0.6701118,0.6201632,-0.44045207,0.027771331,-0.1922847,-0.46985337,-0.20048107,-0.35325375,-0.3642222,0.57085735,-0.15013182,-0.271279,-0.4105124,0.036220886,-0.76165396,-0.19666304,0.63700795,-0.31597668,-0.24052659,-0.81412005,0.009637843,-0.46650863,-0.20098788
