ts2vec_0,ts2vec_1,ts2vec_2,ts2vec_3,ts2vec_4,ts2vec_5,ts2vec_6,ts2vec_7,ts2vec_8,ts2vec_9,ts2vec_10,ts2vec_11,ts2vec_12,ts2vec_13,ts2vec_14,ts2vec_15,ts2vec_16,ts2vec_17,ts2vec_18,ts2vec_19,ts2vec_20,ts2vec_21,ts2vec_22,ts2vec_23,ts2vec_24,ts2vec_25,ts2vec_26,ts2vec_27,ts2vec_28,ts2vec_29,ts2vec_30,ts2vec_31
-0.22891986,0.3119547,0.5320687,-0.5102005,0.4575202,-0.29602176,-0.3473659,0.22100921,0.075464524,-0.2222249,-0.6002535,-0.76923054,-0.06907391,0.2311608,-0.26925185,-0.58710885,-0.2880691,-0.54472494,-0.4130487,-0.5915634,-0.20544434,0.011458919,0.22284941,0.33175308,0.0667138,-0.40433222,-0.57221913,-0.16668849,0.0939762,-0.025851011,-0.2215804,-0.13375375
