ts2vec_0,ts2vec_1,ts2vec_2,ts2vec_3,ts2vec_4,ts2vec_5,ts2vec_6,ts2vec_7,ts2vec_8,ts2vec_9,ts2vec_10,ts2vec_11,ts2vec_12,ts2vec_13,ts2vec_14,ts2vec_15,ts2vec_16,ts2vec_17,ts2vec_18,ts2vec_19,ts2vec_20,ts2vec_21,ts2vec_22,ts2vec_23,ts2vec_24,ts2vec_25,ts2vec_26,ts2vec_27,ts2vec_28,ts2vec_29,ts2vec_30,ts2vec_31
-0.36813012,-0.5003744,-0.65806353,-0.21489465,-0.48068082,-0.006621118,0.16841528,-0.3486613,-0.3103989,-0.23884138,-0.190093,-0.046197467,-0.09849573,0.124522634,0.08491174,0.013955069,-0.4283046,0.13965166,-0.12262497,-0.33970177,-0.2611909,-0.2762671,-0.509113,-0.56074685,-0.34971517,-0.2839822,-0.08461958,-0.24698979,-0.20745692,-0.009443443,0.03330065,-0.32959005
