ts2vec_0,ts2vec_1,ts2vec_2,ts2vec_3,ts2vec_4,ts2vec_5,ts2vec_6,ts2vec_7,ts2vec_8,ts2vec_9,ts2vec_10,ts2vec_11,ts2vec_12,ts2vec_13,ts2vec_14,ts2vec_15,ts2vec_16,ts2vec_17,ts2vec_18,ts2vec_19,ts2vec_20,ts2vec_21,ts2vec_22,ts2vec_23,ts2vec_24,ts2vec_25,ts2vec_26,ts2vec_27,ts2vec_28,ts2vec_29,ts2vec_30,ts2vec_31
-0.40727228,-0.33946946,-0.4649869,-0.616584,-0.49209675,-0.27766058,0.11573181,0.27033457,-0.010055747,0.18269856,-0.29736808,-0.1789064,-0.043778043,0.3150906,0.103279695,-0.031968746,-0.44071856,-0.17981562,-0.39710975,-0.06822059,-0.40221736,-0.052922964,-0.3938575,-0.28368393,-0.17316277,-0.63432807,-0.5305279,-0.16848835,0.28723615,0.23798844,-0.04073185,-0.4529447
