ts2vec_0,ts2vec_1,ts2vec_2,ts2vec_3,ts2vec_4,ts2vec_5,ts2vec_6,ts2vec_7,ts2vec_8,ts2vec_9,ts2vec_10,ts2vec_11,ts2vec_12,ts2vec_13,ts2vec_14,ts2vec_15,ts2vec_16,ts2vec_17,ts2vec_18,ts2vec_19,ts2vec_20,ts2vec_21,ts2vec_22,ts2vec_23,ts2vec_24,ts2vec_25,ts2vec_26,ts2vec_27,ts2vec_28,ts2vec_29,ts2vec_30,ts2vec_31
-0.3336304,-0.041920964,0.45926157,-0.49613404,0.05382486,-0.2233359,-0.34828317,0.27085215,0.30371523,-0.44588593,-0.7592611,-0.9447855,0.113722466,0.6069892,-0.18663566,-0.6910389,-0.34475285,-0.500566,-0.27050656,-0.639463,-0.11741626,-0.26449177,0.28658852,0.77334875,0.31257486,-0.6828649,-0.7220867,-0.0030670937,0.24502926,0.16042893,-0.46958503,-0.14224137
