ts2vec_0,ts2vec_1,ts2vec_2,ts2vec_3,ts2vec_4,ts2vec_5,ts2vec_6,ts2vec_7,ts2vec_8,ts2vec_9,ts2vec_10,ts2vec_11,ts2vec_12,ts2vec_13,ts2vec_14,ts2vec_15,ts2vec_16,ts2vec_17,ts2vec_18,ts2vec_19,ts2vec_20,ts2vec_21,ts2vec_22,ts2vec_23,ts2vec_24,ts2vec_25,ts2vec_26,ts2vec_27,ts2vec_28,ts2vec_29,ts2vec_30,ts2vec_31
-0.32768247,-0.45780665,-0.6345731,-0.2714985,-0.43152192,-0.082038894,0.15537225,-0.28739032,-0.27578795,-0.19107579,-0.2610978,-0.057838228,-0.09340589,0.1572665,0.120028235,-0.011482249,-0.42185968,0.054032978,-0.26282525,-0.36388895,-0.2560626,-0.27019534,-0.50767606,-0.49718475,-0.28746957,-0.36540756,-0.14949422,-0.24599066,-0.108177364,0.052562315,0.061063062,-0.35446584
