ts2vec_0,ts2vec_1,ts2vec_2,ts2vec_3,ts2vec_4,ts2vec_5,ts2vec_6,ts2vec_7,ts2vec_8,ts2vec_9,ts2vec_10,ts2vec_11,ts2vec_12,ts2vec_13,ts2vec_14,ts2vec_15,ts2vec_16,ts2vec_17,ts2vec_18,ts2vec_19,ts2vec_20,ts2vec_21,ts2vec_22,ts2vec_23,ts2vec_24,ts2vec_25,ts2vec_26,ts2vec_27,ts2vec_28,ts2vec_29,ts2vec_30,ts2vec_31
-0.3177378,-0.651234,-0.2226532,-0.47350964,-0.5014365,-0.036003347,0.28606948,-0.63495106,-0.39936712,-0.6996948,0.64415467,-0.45767272,0.017483145,-0.21810167,-0.43231103,-0.28481403,-0.36938393,-0.3453798,0.52691936,-0.15568832,-0.22023098,-0.44455943,0.063254446,-0.69039,-0.19590567,0.6648017,-0.30504486,-0.24286804,-0.8002618,-0.0579594,-0.529675,-0.1807594
