ts2vec_0,ts2vec_1,ts2vec_2,ts2vec_3,ts2vec_4,ts2vec_5,ts2vec_6,ts2vec_7,ts2vec_8,ts2vec_9,ts2vec_10,ts2vec_11,ts2vec_12,ts2vec_13,ts2vec_14,ts2vec_15,ts2vec_16,ts2vec_17,ts2vec_18,ts2vec_19,ts2vec_20,ts2vec_21,ts2vec_22,ts2vec_23,ts2vec_24,ts2vec_25,ts2vec_26,ts2vec_27,ts2vec_28,ts2vec_29,ts2vec_30,ts2vec_31
-0.40713048,-0.6297147,-0.48995855,-0.34833157,-0.5815295,0.071666695,0.30988225,-0.49122488,-0.39886212,-0.4237227,0.4125921,-0.23309797,-0.037269544,-0.08319484,-0.18447742,-0.07669878,-0.42685086,-0.07156513,0.33131614,-0.10393055,-0.34732598,-0.3425557,-0.25609437,-0.7417933,-0.32392403,0.25391692,-0.16448821,-0.2830284,-0.54310775,-0.04191665,-0.28039843,-0.26960936
