ts2vec_0,ts2vec_1,ts2vec_2,ts2vec_3,ts2vec_4,ts2vec_5,ts2vec_6,ts2vec_7,ts2vec_8,ts2vec_9,ts2vec_10,ts2vec_11,ts2vec_12,ts2vec_13,ts2vec_14,ts2vec_15,ts2vec_16,ts2vec_17,ts2vec_18,ts2vec_19,ts2vec_20,ts2vec_21,ts2vec_22,ts2vec_23,ts2vec_24,ts2vec_25,ts2vec_26,ts2vec_27,ts2vec_28,ts2vec_29,ts2vec_30,ts2vec_31
-0.14219953,0.044642776,0.31221732,-0.4811036,0.2410781,-0.28498262,-0.16740273,0.09341945,0.05876974,-0.34740636,-0.61034423,-0.74983925,0.05293812,0.389564,-0.111176044,-0.57415646,-0.29093978,-0.58451664,-0.43362263,-0.6623875,-0.123839594,-0.12659527,0.13541341,0.2686215,0.2629747,-0.37219265,-0.5367518,-0.08136702,0.07551993,0.0978223,-0.19518982,-0.11066676
