ts2vec_0,ts2vec_1,ts2vec_2,ts2vec_3,ts2vec_4,ts2vec_5,ts2vec_6,ts2vec_7,ts2vec_8,ts2vec_9,ts2vec_10,ts2vec_11,ts2vec_12,ts2vec_13,ts2vec_14,ts2vec_15,ts2vec_16,ts2vec_17,ts2vec_18,ts2vec_19,ts2vec_20,ts2vec_21,ts2vec_22,ts2vec_23,ts2vec_24,ts2vec_25,ts2vec_26,ts2vec_27,ts2vec_28,ts2vec_29,ts2vec_30,ts2vec_31
-0.31475225,-0.64715225,-0.28590578,-0.49569896,-0.5378722,-0.03732095,0.30962104,-0.5944618,-0.38831812,-0.6176111,0.66853887,-0.40716833,0.02236857,-0.18906648,-0.3946257,-0.23361376,-0.37034833,-0.35013214,0.51551867,-0.0827365,-0.27099636,-0.42045233,0.019706521,-0.7054023,-0.18371403,0.61162835,-0.3008515,-0.2536548,-0.76281554,-0.017163115,-0.4881189,-0.20121661
