ts2vec_0,ts2vec_1,ts2vec_2,ts2vec_3,ts2vec_4,ts2vec_5,ts2vec_6,ts2vec_7,ts2vec_8,ts2vec_9,ts2vec_10,ts2vec_11,ts2vec_12,ts2vec_13,ts2vec_14,ts2vec_15,ts2vec_16,ts2vec_17,ts2vec_18,ts2vec_19,ts2vec_20,ts2vec_21,ts2vec_22,ts2vec_23,ts2vec_24,ts2vec_25,ts2vec_26,ts2vec_27,ts2vec_28,ts2vec_29,ts2vec_30,ts2vec_31
-0.33656096,-0.58387905,-0.57698613,-0.32133275,-0.54319185,0.048523195,0.29635325,-0.38925925,-0.34548137,-0.29701078,0.1693889,-0.2047985,-0.05450255,-0.012854656,-0.054766428,-0.041811477,-0.41918984,-0.06514363,0.091580264,-0.22992007,-0.29633555,-0.30393556,-0.3927284,-0.76258427,-0.2889843,0.09011233,-0.17452882,-0.27430862,-0.35362488,-0.008647109,-0.13945486,-0.2776249
