ts2vec_0,ts2vec_1,ts2vec_2,ts2vec_3,ts2vec_4,ts2vec_5,ts2vec_6,ts2vec_7,ts2vec_8,ts2vec_9,ts2vec_10,ts2vec_11,ts2vec_12,ts2vec_13,ts2vec_14,ts2vec_15,ts2vec_16,ts2vec_17,ts2vec_18,ts2vec_19,ts2vec_20,ts2vec_21,ts2vec_22,ts2vec_23,ts2vec_24,ts2vec_25,ts2vec_26,ts2vec_27,ts2vec_28,ts2vec_29,ts2vec_30,ts2vec_31
-0.31233996,-0.64226496,-0.31402624,-0.48839313,-0.54579765,-0.026056714,0.32183746,-0.5637022,-0.3804445,-0.5744624,0.6554556,-0.38199037,0.015810683,-0.17328121,-0.36131757,-0.20162234,-0.3746588,-0.33123404,0.496463,-0.06047957,-0.2819502,-0.40712684,-0.013764009,-0.71653306,-0.18140954,0.57226145,-0.28864264,-0.25741217,-0.73489815,-0.00393836,-0.45361608,-0.21337946
