ts2vec_0,ts2vec_1,ts2vec_2,ts2vec_3,ts2vec_4,ts2vec_5,ts2vec_6,ts2vec_7,ts2vec_8,ts2vec_9,ts2vec_10,ts2vec_11,ts2vec_12,ts2vec_13,ts2vec_14,ts2vec_15,ts2vec_16,ts2vec_17,ts2vec_18,ts2vec_19,ts2vec_20,ts2vec_21,ts2vec_22,ts2vec_23,ts2vec_24,ts2vec_25,ts2vec_26,ts2vec_27,ts2vec_28,ts2vec_29,ts2vec_30,ts2vec_31
-0.44730532,0.46246877,-0.2357968,-0.22962323,0.3679573,-0.42963648,-0.606196,-0.05519724,-0.316106,0.022632368,-0.6540353,0.3576028,-0.46303874,-0.12548535,-0.2962568,0.18240069,-0.35256028,0.25045288,-0.37476638,-0.30532655,-0.21168618,0.06788936,-0.31904656,0.09015548,-0.6553923,-0.7584269,0.060898274,-0.36676902,-0.26671407,-0.14581053,0.36005127,-0.45440748
