ts2vec_0,ts2vec_1,ts2vec_2,ts2vec_3,ts2vec_4,ts2vec_5,ts2vec_6,ts2vec_7,ts2vec_8,ts2vec_9,ts2vec_10,ts2vec_11,ts2vec_12,ts2vec_13,ts2vec_14,ts2vec_15,ts2vec_16,ts2vec_17,ts2vec_18,ts2vec_19,ts2vec_20,ts2vec_21,ts2vec_22,ts2vec_23,ts2vec_24,ts2vec_25,ts2vec_26,ts2vec_27,ts2vec_28,ts2vec_29,ts2vec_30,ts2vec_31
-0.22879735,-0.58417904,-0.59903044,-0.5931163,-0.6804006,-0.0902625,0.41231555,-0.29812026,-0.29270414,-0.10984353,0.6202646,-0.14256124,-0.0123243565,-0.06088441,-0.16504727,0.027548509,-0.39109737,-0.38134354,0.23582086,0.16262777,-0.42676508,-0.24831963,-0.30340973,-0.83781993,-0.11021044,0.2807915,-0.33151165,-0.29044524,-0.43290868,0.17696199,-0.1927907,-0.32510215
