ts2vec_0,ts2vec_1,ts2vec_2,ts2vec_3,ts2vec_4,ts2vec_5,ts2vec_6,ts2vec_7,ts2vec_8,ts2vec_9,ts2vec_10,ts2vec_11,ts2vec_12,ts2vec_13,ts2vec_14,ts2vec_15,ts2vec_16,ts2vec_17,ts2vec_18,ts2vec_19,ts2vec_20,ts2vec_21,ts2vec_22,ts2vec_23,ts2vec_24,ts2vec_25,ts2vec_26,ts2vec_27,ts2vec_28,ts2vec_29,ts2vec_30,ts2vec_31
-0.4413669,-0.5889513,-0.5319306,-0.17964154,-0.6009999,0.08282787,0.27751264,-0.47907102,-0.4127159,-0.34596574,0.24488048,-0.16476478,-0.072703786,-0.03536035,0.008712785,-0.059964202,-0.467282,0.10106698,0.12993024,-0.12855475,-0.30421257,-0.36259872,-0.3594065,-0.63494414,-0.37734282,0.056598026,-0.094164826,-0.2638498,-0.39075992,-0.09522424,-0.21408524,-0.28411955
