ts2vec_0,ts2vec_1,ts2vec_2,ts2vec_3,ts2vec_4,ts2vec_5,ts2vec_6,ts2vec_7,ts2vec_8,ts2vec_9,ts2vec_10,ts2vec_11,ts2vec_12,ts2vec_13,ts2vec_14,ts2vec_15,ts2vec_16,ts2vec_17,ts2vec_18,ts2vec_19,ts2vec_20,ts2vec_21,ts2vec_22,ts2vec_23,ts2vec_24,ts2vec_25,ts2vec_26,ts2vec_27,ts2vec_28,ts2vec_29,ts2vec_30,ts2vec_31
-0.32129166,-0.5875642,-0.4171582,-0.34628335,-0.6449487,-0.04883725,0.3616545,-0.48709273,-0.38317516,-0.3511452,0.59702945,-0.25187016,-0.03624166,-0.115536,-0.12880333,-0.16710551,-0.42303696,-0.2073053,0.27759174,0.031344935,-0.3085172,-0.37670568,-0.17682946,-0.6795876,-0.21341312,0.36495605,-0.21900138,-0.2906205,-0.52497745,-0.017983131,-0.3742763,-0.26551056
