ts2vec_0,ts2vec_1,ts2vec_2,ts2vec_3,ts2vec_4,ts2vec_5,ts2vec_6,ts2vec_7,ts2vec_8,ts2vec_9,ts2vec_10,ts2vec_11,ts2vec_12,ts2vec_13,ts2vec_14,ts2vec_15,ts2vec_16,ts2vec_17,ts2vec_18,ts2vec_19,ts2vec_20,ts2vec_21,ts2vec_22,ts2vec_23,ts2vec_24,ts2vec_25,ts2vec_26,ts2vec_27,ts2vec_28,ts2vec_29,ts2vec_30,ts2vec_31
-0.40346682,-0.5973317,-0.45648634,-0.21435682,-0.59865683,0.06989588,0.2958944,-0.5178056,-0.4240288,-0.40789723,0.3780089,-0.23438624,-0.06204143,-0.097287595,-0.07152333,-0.12643355,-0.44905284,0.00036327142,0.21644667,-0.11168688,-0.28637022,-0.3839031,-0.2660187,-0.66308784,-0.33766732,0.227866,-0.13106707,-0.27343878,-0.48007092,-0.11294695,-0.30205727,-0.24778628
