ts2vec_0,ts2vec_1,ts2vec_2,ts2vec_3,ts2vec_4,ts2vec_5,ts2vec_6,ts2vec_7,ts2vec_8,ts2vec_9,ts2vec_10,ts2vec_11,ts2vec_12,ts2vec_13,ts2vec_14,ts2vec_15,ts2vec_16,ts2vec_17,ts2vec_18,ts2vec_19,ts2vec_20,ts2vec_21,ts2vec_22,ts2vec_23,ts2vec_24,ts2vec_25,ts2vec_26,ts2vec_27,ts2vec_28,ts2vec_29,ts2vec_30,ts2vec_31
-0.26379544,-0.59514946,-0.46603048,-0.4371754,-0.6791941,-0.09866742,0.39087304,-0.44531125,-0.36042,-0.27675703,0.6782662,-0.22814971,-0.025672952,-0.10813641,-0.14712325,-0.13109656,-0.4111473,-0.33166143,0.27124494,0.11967232,-0.35714328,-0.35202584,-0.1690288,-0.70348537,-0.14630911,0.38209552,-0.28216234,-0.3038478,-0.5193116,0.04966674,-0.34799236,-0.28016698
