ts2vec_0,ts2vec_1,ts2vec_2,ts2vec_3,ts2vec_4,ts2vec_5,ts2vec_6,ts2vec_7,ts2vec_8,ts2vec_9,ts2vec_10,ts2vec_11,ts2vec_12,ts2vec_13,ts2vec_14,ts2vec_15,ts2vec_16,ts2vec_17,ts2vec_18,ts2vec_19,ts2vec_20,ts2vec_21,ts2vec_22,ts2vec_23,ts2vec_24,ts2vec_25,ts2vec_26,ts2vec_27,ts2vec_28,ts2vec_29,ts2vec_30,ts2vec_31
-0.26960424,-0.5931748,-0.44255802,-0.44027627,-0.68231064,-0.10028836,0.395043,-0.45337147,-0.3645921,-0.29762277,0.7184324,-0.24324569,-0.022801703,-0.12865528,-0.17099231,-0.14888582,-0.40901417,-0.33897486,0.31089857,0.13700557,-0.35154355,-0.36389533,-0.14013587,-0.6970716,-0.14456928,0.41780466,-0.28798768,-0.30094025,-0.5462157,0.03431178,-0.37884507,-0.26610777
