ts2vec_0,ts2vec_1,ts2vec_2,ts2vec_3,ts2vec_4,ts2vec_5,ts2vec_6,ts2vec_7,ts2vec_8,ts2vec_9,ts2vec_10,ts2vec_11,ts2vec_12,ts2vec_13,ts2vec_14,ts2vec_15,ts2vec_16,ts2vec_17,ts2vec_18,ts2vec_19,ts2vec_20,ts2vec_21,ts2vec_22,ts2vec_23,ts2vec_24,ts2vec_25,ts2vec_26,ts2vec_27,ts2vec_28,ts2vec_29,ts2vec_30,ts2vec_31
-0.41193485,0.22063693,0.4925785,-0.48671764,0.23570716,-0.27979213,-0.39116955,0.3001236,0.16841552,-0.25718418,-0.630256,-0.8496491,-0.004467809,0.31844226,-0.28912687,-0.6678041,-0.30174068,-0.49759665,-0.36356074,-0.5421129,-0.23152244,-0.08702043,0.21779354,0.5451061,0.052612048,-0.63210756,-0.6623095,-0.11960745,0.18553211,0.045169547,-0.4025637,-0.14703207
