ts2vec_0,ts2vec_1,ts2vec_2,ts2vec_3,ts2vec_4,ts2vec_5,ts2vec_6,ts2vec_7,ts2vec_8,ts2vec_9,ts2vec_10,ts2vec_11,ts2vec_12,ts2vec_13,ts2vec_14,ts2vec_15,ts2vec_16,ts2vec_17,ts2vec_18,ts2vec_19,ts2vec_20,ts2vec_21,ts2vec_22,ts2vec_23,ts2vec_24,ts2vec_25,ts2vec_26,ts2vec_27,ts2vec_28,ts2vec_29,ts2vec_30,ts2vec_31
-0.38377765,-0.5338163,-0.68322486,-0.46129957,-0.6361812,-0.07366745,0.3296141,-0.1384134,-0.24839924,0.0029442701,0.17056063,-0.026703216,-0.06285973,0.10180475,0.040388633,0.103905916,-0.4528834,-0.06098776,-0.026023924,0.0303242,-0.4074617,-0.17520042,-0.47884947,-0.7391074,-0.2724746,-0.17222886,-0.25419912,-0.24939488,-0.16570091,0.14767921,-0.0091554625,-0.4258798
