ts2vec_0,ts2vec_1,ts2vec_2,ts2vec_3,ts2vec_4,ts2vec_5,ts2vec_6,ts2vec_7,ts2vec_8,ts2vec_9,ts2vec_10,ts2vec_11,ts2vec_12,ts2vec_13,ts2vec_14,ts2vec_15,ts2vec_16,ts2vec_17,ts2vec_18,ts2vec_19,ts2vec_20,ts2vec_21,ts2vec_22,ts2vec_23,ts2vec_24,ts2vec_25,ts2vec_26,ts2vec_27,ts2vec_28,ts2vec_29,ts2vec_30,ts2vec_31
-0.4522345,-0.48859167,-0.5960333,-0.19225568,-0.6713371,-0.015737392,0.27025247,-0.49022692,-0.38167506,-0.28636864,0.27109045,-0.007052092,-0.055335667,0.01807359,0.060372192,-0.040361155,-0.4540174,0.17777023,0.07360636,-0.066471055,-0.30719057,-0.3335287,-0.4058539,-0.5766491,-0.35529947,-0.020011162,-0.0024956036,-0.27158263,-0.37084898,-0.05625185,-0.2120315,-0.38185546
