ts2vec_0,ts2vec_1,ts2vec_2,ts2vec_3,ts2vec_4,ts2vec_5,ts2vec_6,ts2vec_7,ts2vec_8,ts2vec_9,ts2vec_10,ts2vec_11,ts2vec_12,ts2vec_13,ts2vec_14,ts2vec_15,ts2vec_16,ts2vec_17,ts2vec_18,ts2vec_19,ts2vec_20,ts2vec_21,ts2vec_22,ts2vec_23,ts2vec_24,ts2vec_25,ts2vec_26,ts2vec_27,ts2vec_28,ts2vec_29,ts2vec_30,ts2vec_31
-0.21102178,-0.35767275,-0.091688246,-0.5705921,-0.3000538,-0.26090896,0.06880252,0.18976294,0.15725283,-0.21786593,-0.5655358,-0.6331848,0.12358007,0.5651857,0.1241993,-0.39337835,-0.38891345,-0.46369907,-0.4241454,-0.47239017,-0.16738956,-0.24747115,-0.101760134,0.10087063,0.28680184,-0.5805356,-0.6611562,-0.04528541,0.3324745,0.33958867,-0.19303945,-0.23453917
