ts2vec_0,ts2vec_1,ts2vec_2,ts2vec_3,ts2vec_4,ts2vec_5,ts2vec_6,ts2vec_7,ts2vec_8,ts2vec_9,ts2vec_10,ts2vec_11,ts2vec_12,ts2vec_13,ts2vec_14,ts2vec_15,ts2vec_16,ts2vec_17,ts2vec_18,ts2vec_19,ts2vec_20,ts2vec_21,ts2vec_22,ts2vec_23,ts2vec_24,ts2vec_25,ts2vec_26,ts2vec_27,ts2vec_28,ts2vec_29,ts2vec_30,ts2vec_31
-0.4204178,-0.4846267,-0.7499951,-0.38188595,-0.5657638,-0.08189466,0.21016763,-0.15438618,-0.26174274,-0.0046926704,-0.103709295,0.09410322,-0.098062485,0.1681004,0.085517704,0.1313859,-0.44661602,0.07372062,-0.1563402,-0.13195777,-0.41444463,-0.15132569,-0.55141956,-0.64555365,-0.38123307,-0.38365644,-0.1685982,-0.23602422,-0.11128338,0.089101166,0.12506233,-0.44957954
