ts2vec_0,ts2vec_1,ts2vec_2,ts2vec_3,ts2vec_4,ts2vec_5,ts2vec_6,ts2vec_7,ts2vec_8,ts2vec_9,ts2vec_10,ts2vec_11,ts2vec_12,ts2vec_13,ts2vec_14,ts2vec_15,ts2vec_16,ts2vec_17,ts2vec_18,ts2vec_19,ts2vec_20,ts2vec_21,ts2vec_22,ts2vec_23,ts2vec_24,ts2vec_25,ts2vec_26,ts2vec_27,ts2vec_28,ts2vec_29,ts2vec_30,ts2vec_31
-0.3666378,-0.5567951,-0.7087396,-0.45591754,-0.653988,-0.043443058,0.3291042,-0.1775053,-0.2298911,-0.062215783,0.14257772,0.0323954,-0.047188163,0.16199078,0.056654487,0.13465036,-0.43873096,-0.01936019,0.027324222,0.014707633,-0.4079343,-0.18235761,-0.4522656,-0.70759517,-0.22527458,-0.19016486,-0.1787057,-0.22838417,-0.21399005,0.15451586,0.041296024,-0.43015534
