ts2vec_0,ts2vec_1,ts2vec_2,ts2vec_3,ts2vec_4,ts2vec_5,ts2vec_6,ts2vec_7,ts2vec_8,ts2vec_9,ts2vec_10,ts2vec_11,ts2vec_12,ts2vec_13,ts2vec_14,ts2vec_15,ts2vec_16,ts2vec_17,ts2vec_18,ts2vec_19,ts2vec_20,ts2vec_21,ts2vec_22,ts2vec_23,ts2vec_24,ts2vec_25,ts2vec_26,ts2vec_27,ts2vec_28,ts2vec_29,ts2vec_30,ts2vec_31
-0.22376564,-0.58590037,-0.6155351,-0.63599885,-0.66067594,-0.087718286,0.4251444,-0.24114835,-0.25523928,-0.0707712,0.58730125,-0.141228,-0.014762165,-0.0459356,-0.17168836,0.07196031,-0.3849273,-0.40452468,0.23387888,0.17895673,-0.43936747,-0.21728118,-0.32329383,-0.8841364,-0.102329105,0.2615039,-0.36096615,-0.2932555,-0.41774905,0.22501895,-0.13616751,-0.34581703
