ts2vec_0,ts2vec_1,ts2vec_2,ts2vec_3,ts2vec_4,ts2vec_5,ts2vec_6,ts2vec_7,ts2vec_8,ts2vec_9,ts2vec_10,ts2vec_11,ts2vec_12,ts2vec_13,ts2vec_14,ts2vec_15,ts2vec_16,ts2vec_17,ts2vec_18,ts2vec_19,ts2vec_20,ts2vec_21,ts2vec_22,ts2vec_23,ts2vec_24,ts2vec_25,ts2vec_26,ts2vec_27,ts2vec_28,ts2vec_29,ts2vec_30,ts2vec_31
-0.23127453,-0.5335407,-0.6779642,-0.5984533,-0.6574232,-0.14549303,0.40279353,-0.0806088,-0.19859356,0.092073195,0.28542402,-0.068831615,-0.043257546,0.074330464,0.026083417,0.09450053,-0.41395706,-0.31633696,-0.06764771,0.08979142,-0.40504918,-0.1522315,-0.4652969,-0.83445686,-0.10762917,-0.03423047,-0.3838796,-0.27142468,-0.13547249,0.2399834,0.0031543483,-0.39823136
