ts2vec_0,ts2vec_1,ts2vec_2,ts2vec_3,ts2vec_4,ts2vec_5,ts2vec_6,ts2vec_7,ts2vec_8,ts2vec_9,ts2vec_10,ts2vec_11,ts2vec_12,ts2vec_13,ts2vec_14,ts2vec_15,ts2vec_16,ts2vec_17,ts2vec_18,ts2vec_19,ts2vec_20,ts2vec_21,ts2vec_22,ts2vec_23,ts2vec_24,ts2vec_25,ts2vec_26,ts2vec_27,ts2vec_28,ts2vec_29,ts2vec_30,ts2vec_31
-0.2056951,-0.37315112,-0.31538212,-0.6052741,-0.39863864,-0.26203826,0.16360526,0.20451882,0.055830237,-0.031710036,-0.40010875,-0.39450368,0.059616614,0.4424672,0.15556589,-0.1904909,-0.39793995,-0.37448943,-0.4246933,-0.3079432,-0.23844875,-0.15672466,-0.27782798,-0.2227358,0.14459582,-0.4791284,-0.56972957,-0.08147145,0.27761915,0.33576193,-0.04750131,-0.334734
