ts2vec_0,ts2vec_1,ts2vec_2,ts2vec_3,ts2vec_4,ts2vec_5,ts2vec_6,ts2vec_7,ts2vec_8,ts2vec_9,ts2vec_10,ts2vec_11,ts2vec_12,ts2vec_13,ts2vec_14,ts2vec_15,ts2vec_16,ts2vec_17,ts2vec_18,ts2vec_19,ts2vec_20,ts2vec_21,ts2vec_22,ts2vec_23,ts2vec_24,ts2vec_25,ts2vec_26,ts2vec_27,ts2vec_28,ts2vec_29,ts2vec_30,ts2vec_31
-0.69996494,-0.42223695,-0.5908366,0.13669018,-0.4645291,0.108893685,-0.03538856,-0.5328108,-0.46642116,-0.58222246,-0.23567776,0.06547548,-0.17497364,0.1540468,-0.07779206,0.13271765,-0.5303181,0.7565572,0.16920258,-0.39322802,-0.19041249,-0.36525893,-0.458379,-0.30260172,-0.68412846,-0.49633968,0.28662044,-0.15208262,-0.3572893,-0.13348709,-0.08190335,-0.37970904
