ts2vec_0,ts2vec_1,ts2vec_2,ts2vec_3,ts2vec_4,ts2vec_5,ts2vec_6,ts2vec_7,ts2vec_8,ts2vec_9,ts2vec_10,ts2vec_11,ts2vec_12,ts2vec_13,ts2vec_14,ts2vec_15,ts2vec_16,ts2vec_17,ts2vec_18,ts2vec_19,ts2vec_20,ts2vec_21,ts2vec_22,ts2vec_23,ts2vec_24,ts2vec_25,ts2vec_26,ts2vec_27,ts2vec_28,ts2vec_29,ts2vec_30,ts2vec_31
-0.41025367,1.2334832,1.1425302,-0.5782595,1.1399723,-0.3805596,-0.63371587,0.51431865,-0.07086389,0.25711432,-0.24093264,-0.75121176,-0.42923233,-0.4146847,-0.7021878,-0.46468896,-0.24862806,-0.47442475,-0.31573808,-0.21384746,-0.44130358,0.62812257,0.36406845,-0.034643643,-0.49351993,0.00978609,-0.5316959,-0.46411678,-0.015284962,-0.52554756,-0.20464478,-0.2403713
