ts2vec_0,ts2vec_1,ts2vec_2,ts2vec_3,ts2vec_4,ts2vec_5,ts2vec_6,ts2vec_7,ts2vec_8,ts2vec_9,ts2vec_10,ts2vec_11,ts2vec_12,ts2vec_13,ts2vec_14,ts2vec_15,ts2vec_16,ts2vec_17,ts2vec_18,ts2vec_19,ts2vec_20,ts2vec_21,ts2vec_22,ts2vec_23,ts2vec_24,ts2vec_25,ts2vec_26,ts2vec_27,ts2vec_28,ts2vec_29,ts2vec_30,ts2vec_31
-0.27507252,-0.6250663,-0.54575145,-0.58142346,-0.6224246,-0.031519953,0.38801104,-0.36665332,-0.30805197,-0.25323057,0.6022915,-0.20228195,-0.0056233616,-0.069432564,-0.2437193,0.016490405,-0.38625297,-0.33749697,0.36828926,0.10232105,-0.42234954,-0.2748276,-0.23063298,-0.8314314,-0.15120617,0.3407398,-0.3014343,-0.28624508,-0.5478335,0.14549285,-0.22710438,-0.3064552
