ts2vec_0,ts2vec_1,ts2vec_2,ts2vec_3,ts2vec_4,ts2vec_5,ts2vec_6,ts2vec_7,ts2vec_8,ts2vec_9,ts2vec_10,ts2vec_11,ts2vec_12,ts2vec_13,ts2vec_14,ts2vec_15,ts2vec_16,ts2vec_17,ts2vec_18,ts2vec_19,ts2vec_20,ts2vec_21,ts2vec_22,ts2vec_23,ts2vec_24,ts2vec_25,ts2vec_26,ts2vec_27,ts2vec_28,ts2vec_29,ts2vec_30,ts2vec_31
-0.3812179,0.91041774,0.3390551,-0.42546454,0.82431453,-0.47040236,-0.62714404,0.19697015,-0.21836817,0.2113267,-0.4947568,-0.016140725,-0.503412,-0.27524912,-0.49463278,-0.0048697754,-0.3081848,-0.09362452,-0.38791275,-0.23689839,-0.29450697,0.38571644,-0.054199234,0.014313888,-0.5755757,-0.42526886,-0.13058582,-0.43996444,-0.18509516,-0.28647417,0.234116,-0.3893755
