ts2vec_0,ts2vec_1,ts2vec_2,ts2vec_3,ts2vec_4,ts2vec_5,ts2vec_6,ts2vec_7,ts2vec_8,ts2vec_9,ts2vec_10,ts2vec_11,ts2vec_12,ts2vec_13,ts2vec_14,ts2vec_15,ts2vec_16,ts2vec_17,ts2vec_18,ts2vec_19,ts2vec_20,ts2vec_21,ts2vec_22,ts2vec_23,ts2vec_24,ts2vec_25,ts2vec_26,ts2vec_27,ts2vec_28,ts2vec_29,ts2vec_30,ts2vec_31
-0.20116667,-0.5494994,-0.6563311,-0.64983284,-0.665746,-0.13089576,0.43791935,-0.1327651,-0.219072,0.048778757,0.48414758,-0.09581319,-0.026730593,0.005203193,-0.0845637,0.10620703,-0.3971631,-0.4006039,0.08312544,0.16981393,-0.42491958,-0.16930905,-0.4050429,-0.9017269,-0.077556014,0.1452776,-0.38702384,-0.2809559,-0.27287567,0.26921254,-0.052152038,-0.3840301
