ts2vec_0,ts2vec_1,ts2vec_2,ts2vec_3,ts2vec_4,ts2vec_5,ts2vec_6,ts2vec_7,ts2vec_8,ts2vec_9,ts2vec_10,ts2vec_11,ts2vec_12,ts2vec_13,ts2vec_14,ts2vec_15,ts2vec_16,ts2vec_17,ts2vec_18,ts2vec_19,ts2vec_20,ts2vec_21,ts2vec_22,ts2vec_23,ts2vec_24,ts2vec_25,ts2vec_26,ts2vec_27,ts2vec_28,ts2vec_29,ts2vec_30,ts2vec_31
-0.22966494,-0.5711171,-0.6505742,-0.63670874,-0.67229867,-0.101153165,0.43485683,-0.17667213,-0.23483841,0.012447427,0.53712225,-0.09497588,-0.023517126,-0.015313462,-0.11608064,0.10377178,-0.3945255,-0.38367966,0.163362,0.20223722,-0.44496757,-0.1834252,-0.376694,-0.895403,-0.10813258,0.17989823,-0.36963102,-0.2884246,-0.34677136,0.24784966,-0.077123754,-0.3786639
