ts2vec_0,ts2vec_1,ts2vec_2,ts2vec_3,ts2vec_4,ts2vec_5,ts2vec_6,ts2vec_7,ts2vec_8,ts2vec_9,ts2vec_10,ts2vec_11,ts2vec_12,ts2vec_13,ts2vec_14,ts2vec_15,ts2vec_16,ts2vec_17,ts2vec_18,ts2vec_19,ts2vec_20,ts2vec_21,ts2vec_22,ts2vec_23,ts2vec_24,ts2vec_25,ts2vec_26,ts2vec_27,ts2vec_28,ts2vec_29,ts2vec_30,ts2vec_31
-0.16815779,-0.51457393,-0.64269763,-0.6473602,-0.6362347,-0.17243238,0.4212813,-0.016006628,-0.16250503,0.11456177,0.27395317,-0.10979882,-0.02011167,0.08477759,0.03265981,0.08613965,-0.39743334,-0.39493927,-0.09903003,0.08147029,-0.37353653,-0.15013151,-0.4543396,-0.85902894,-0.039646633,-0.0005590846,-0.42827398,-0.24386217,-0.09428305,0.305265,0.019823765,-0.39343792
