ts2vec_0,ts2vec_1,ts2vec_2,ts2vec_3,ts2vec_4,ts2vec_5,ts2vec_6,ts2vec_7,ts2vec_8,ts2vec_9,ts2vec_10,ts2vec_11,ts2vec_12,ts2vec_13,ts2vec_14,ts2vec_15,ts2vec_16,ts2vec_17,ts2vec_18,ts2vec_19,ts2vec_20,ts2vec_21,ts2vec_22,ts2vec_23,ts2vec_24,ts2vec_25,ts2vec_26,ts2vec_27,ts2vec_28,ts2vec_29,ts2vec_30,ts2vec_31
-0.20083508,-0.45852783,-0.60601044,-0.5746711,-0.5437447,-0.20669675,0.26138157,0.079515226,-0.085369274,0.086728774,-0.17123778,-0.0867378,-0.029678442,0.25710785,0.16847013,0.019318206,-0.39464626,-0.23952357,-0.3172309,-0.11616484,-0.3162288,-0.11913336,-0.46659848,-0.58669513,-0.045612484,-0.34022692,-0.4092671,-0.1828994,0.07906411,0.25707358,0.110904746,-0.41020826
