ts2vec_0,ts2vec_1,ts2vec_2,ts2vec_3,ts2vec_4,ts2vec_5,ts2vec_6,ts2vec_7,ts2vec_8,ts2vec_9,ts2vec_10,ts2vec_11,ts2vec_12,ts2vec_13,ts2vec_14,ts2vec_15,ts2vec_16,ts2vec_17,ts2vec_18,ts2vec_19,ts2vec_20,ts2vec_21,ts2vec_22,ts2vec_23,ts2vec_24,ts2vec_25,ts2vec_26,ts2vec_27,ts2vec_28,ts2vec_29,ts2vec_30,ts2vec_31
-0.17556414,-0.50918025,-0.6496729,-0.6422606,-0.6365654,-0.19732364,0.4153179,0.017331664,-0.15928839,0.15192933,0.21857068,-0.1059846,-0.021202428,0.10004513,0.06472202,0.07605615,-0.39769465,-0.4004719,-0.15962361,0.07501345,-0.37080204,-0.13088706,-0.4730275,-0.8415379,-0.04262499,-0.058472544,-0.4591524,-0.24002065,-0.044809323,0.31553993,0.038365714,-0.39797804
