ts2vec_0,ts2vec_1,ts2vec_2,ts2vec_3,ts2vec_4,ts2vec_5,ts2vec_6,ts2vec_7,ts2vec_8,ts2vec_9,ts2vec_10,ts2vec_11,ts2vec_12,ts2vec_13,ts2vec_14,ts2vec_15,ts2vec_16,ts2vec_17,ts2vec_18,ts2vec_19,ts2vec_20,ts2vec_21,ts2vec_22,ts2vec_23,ts2vec_24,ts2vec_25,ts2vec_26,ts2vec_27,ts2vec_28,ts2vec_29,ts2vec_30,ts2vec_31
-0.16810828,-0.5329484,-0.67162615,-0.6861255,-0.6728431,-0.16698883,0.45250848,-0.08162121,-0.2010001,0.122000724,0.49861366,-0.09231293,-0.035171777,-0.011324404,-0.078995876,0.11696573,-0.39004233,-0.4662827,0.026788894,0.19875357,-0.42729998,-0.1475023,-0.4371078,-0.938345,-0.058355305,0.14790833,-0.4368927,-0.28627738,-0.22987814,0.3005117,-0.02800551,-0.39671424
