ts2vec_0,ts2vec_1,ts2vec_2,ts2vec_3,ts2vec_4,ts2vec_5,ts2vec_6,ts2vec_7,ts2vec_8,ts2vec_9,ts2vec_10,ts2vec_11,ts2vec_12,ts2vec_13,ts2vec_14,ts2vec_15,ts2vec_16,ts2vec_17,ts2vec_18,ts2vec_19,ts2vec_20,ts2vec_21,ts2vec_22,ts2vec_23,ts2vec_24,ts2vec_25,ts2vec_26,ts2vec_27,ts2vec_28,ts2vec_29,ts2vec_30,ts2vec_31
-0.25896195,-0.4284893,-0.57840073,-0.58658576,-0.54786855,-0.22934656,0.25511166,0.10883621,-0.08340258,0.09678595,-0.15623048,-0.115932,-0.021036318,0.27985233,0.13045678,0.014800198,-0.41564524,-0.23595004,-0.31869918,-0.0983806,-0.3356387,-0.10572878,-0.4493405,-0.5555111,-0.061870035,-0.37447387,-0.42883933,-0.16873671,0.121438496,0.2722514,0.06118418,-0.4220368
