ts2vec_0,ts2vec_1,ts2vec_2,ts2vec_3,ts2vec_4,ts2vec_5,ts2vec_6,ts2vec_7,ts2vec_8,ts2vec_9,ts2vec_10,ts2vec_11,ts2vec_12,ts2vec_13,ts2vec_14,ts2vec_15,ts2vec_16,ts2vec_17,ts2vec_18,ts2vec_19,ts2vec_20,ts2vec_21,ts2vec_22,ts2vec_23,ts2vec_24,ts2vec_25,ts2vec_26,ts2vec_27,ts2vec_28,ts2vec_29,ts2vec_30,ts2vec_31
-0.14631952,-0.41428983,-0.27200633,-0.59920365,-0.3852671,-0.27712858,0.21421538,0.15692349,0.086784914,-0.1203116,-0.4222747,-0.48586324,0.10118897,0.49081305,0.19500054,-0.2669503,-0.3852365,-0.4511965,-0.442127,-0.37970984,-0.17661598,-0.21633385,-0.22916164,-0.19904633,0.26750925,-0.4499847,-0.59463507,-0.07153843,0.29056033,0.37995377,-0.08093643,-0.27377558
