ts2vec_0,ts2vec_1,ts2vec_2,ts2vec_3,ts2vec_4,ts2vec_5,ts2vec_6,ts2vec_7,ts2vec_8,ts2vec_9,ts2vec_10,ts2vec_11,ts2vec_12,ts2vec_13,ts2vec_14,ts2vec_15,ts2vec_16,ts2vec_17,ts2vec_18,ts2vec_19,ts2vec_20,ts2vec_21,ts2vec_22,ts2vec_23,ts2vec_24,ts2vec_25,ts2vec_26,ts2vec_27,ts2vec_28,ts2vec_29,ts2vec_30,ts2vec_31
-0.1529018,-0.32232442,0.02446395,-0.50438386,-0.16235036,-0.25235686,-0.015003022,0.08490921,0.15854058,-0.38623902,-0.7118477,-0.7275033,0.17636545,0.645274,0.1177501,-0.5232166,-0.35193995,-0.52221185,-0.43968916,-0.6746913,-0.07845882,-0.31406578,-0.0033497885,0.30974936,0.4023395,-0.6029768,-0.6260679,0.016160216,0.25558588,0.30116168,-0.21117063,-0.13487612
