ts2vec_0,ts2vec_1,ts2vec_2,ts2vec_3,ts2vec_4,ts2vec_5,ts2vec_6,ts2vec_7,ts2vec_8,ts2vec_9,ts2vec_10,ts2vec_11,ts2vec_12,ts2vec_13,ts2vec_14,ts2vec_15,ts2vec_16,ts2vec_17,ts2vec_18,ts2vec_19,ts2vec_20,ts2vec_21,ts2vec_22,ts2vec_23,ts2vec_24,ts2vec_25,ts2vec_26,ts2vec_27,ts2vec_28,ts2vec_29,ts2vec_30,ts2vec_31
-0.060541406,-0.45350134,-0.3949705,-0.65739125,-0.4797941,-0.2936965,0.36408594,0.16351523,-0.0016320714,0.008358643,-0.17657606,-0.4161388,0.08858395,0.35913983,0.18772697,-0.15454024,-0.38411295,-0.5359648,-0.43045735,-0.25979364,-0.19506843,-0.18973428,-0.34197205,-0.5552057,0.25101706,-0.2171854,-0.60010856,-0.09339416,0.264249,0.4339238,-0.035722055,-0.3016604
