ts2vec_0,ts2vec_1,ts2vec_2,ts2vec_3,ts2vec_4,ts2vec_5,ts2vec_6,ts2vec_7,ts2vec_8,ts2vec_9,ts2vec_10,ts2vec_11,ts2vec_12,ts2vec_13,ts2vec_14,ts2vec_15,ts2vec_16,ts2vec_17,ts2vec_18,ts2vec_19,ts2vec_20,ts2vec_21,ts2vec_22,ts2vec_23,ts2vec_24,ts2vec_25,ts2vec_26,ts2vec_27,ts2vec_28,ts2vec_29,ts2vec_30,ts2vec_31
-0.25993073,-0.5770828,-0.6580759,-0.5620536,-0.6466537,-0.0688453,0.404594,-0.1664944,-0.21886586,-0.02507009,0.33389634,-0.0781181,-0.032242727,0.067878656,-0.015479325,0.10197096,-0.4108473,-0.25902435,0.088238545,0.09567042,-0.41115597,-0.19080292,-0.4011129,-0.81949544,-0.123780124,0.028997831,-0.31369498,-0.26687473,-0.2653258,0.21239094,-0.019729096,-0.3759144
