ts2vec_0,ts2vec_1,ts2vec_2,ts2vec_3,ts2vec_4,ts2vec_5,ts2vec_6,ts2vec_7,ts2vec_8,ts2vec_9,ts2vec_10,ts2vec_11,ts2vec_12,ts2vec_13,ts2vec_14,ts2vec_15,ts2vec_16,ts2vec_17,ts2vec_18,ts2vec_19,ts2vec_20,ts2vec_21,ts2vec_22,ts2vec_23,ts2vec_24,ts2vec_25,ts2vec_26,ts2vec_27,ts2vec_28,ts2vec_29,ts2vec_30,ts2vec_31
-0.3086125,-0.6644217,-0.2626491,-0.54196423,-0.48806164,-0.023516336,0.29718798,-0.6021449,-0.3728032,-0.67131585,0.64046854,-0.44038215,0.027310751,-0.19538923,-0.45231363,-0.2241101,-0.3590401,-0.36239278,0.561183,-0.13433686,-0.2617637,-0.4214818,0.046456795,-0.73444945,-0.1899051,0.6433269,-0.31325862,-0.24069728,-0.8081807,-0.005054103,-0.48677775,-0.19529998
