ts2vec_0,ts2vec_1,ts2vec_2,ts2vec_3,ts2vec_4,ts2vec_5,ts2vec_6,ts2vec_7,ts2vec_8,ts2vec_9,ts2vec_10,ts2vec_11,ts2vec_12,ts2vec_13,ts2vec_14,ts2vec_15,ts2vec_16,ts2vec_17,ts2vec_18,ts2vec_19,ts2vec_20,ts2vec_21,ts2vec_22,ts2vec_23,ts2vec_24,ts2vec_25,ts2vec_26,ts2vec_27,ts2vec_28,ts2vec_29,ts2vec_30,ts2vec_31
-0.45041427,0.8336038,0.43732557,-0.5163187,0.6949368,-0.40632835,-0.6244121,0.356613,-0.16006127,0.33166242,-0.4908468,-0.22414783,-0.38127443,-0.16031331,-0.48833135,-0.14230978,-0.3548012,-0.17839988,-0.3911266,-0.20788273,-0.41470304,0.4184882,0.0015956688,0.22881009,-0.5307982,-0.5404644,-0.35211933,-0.34150916,-0.006645123,-0.28186467,0.0021615005,-0.3747653
