ts2vec_0,ts2vec_1,ts2vec_2,ts2vec_3,ts2vec_4,ts2vec_5,ts2vec_6,ts2vec_7,ts2vec_8,ts2vec_9,ts2vec_10,ts2vec_11,ts2vec_12,ts2vec_13,ts2vec_14,ts2vec_15,ts2vec_16,ts2vec_17,ts2vec_18,ts2vec_19,ts2vec_20,ts2vec_21,ts2vec_22,ts2vec_23,ts2vec_24,ts2vec_25,ts2vec_26,ts2vec_27,ts2vec_28,ts2vec_29,ts2vec_30,ts2vec_31
-0.025804644,-0.4694789,-0.37946016,-0.6389232,-0.45571706,-0.28106707,0.35524255,0.12019217,0.021829505,-0.050272252,-0.22998434,-0.42928272,0.0911108,0.38947392,0.21597615,-0.17982298,-0.3717246,-0.5325249,-0.42590553,-0.30744332,-0.16254082,-0.21343923,-0.3241377,-0.5085277,0.299987,-0.22554183,-0.5818892,-0.096985094,0.23500204,0.4219335,-0.021393241,-0.27950537
