ts2vec_0,ts2vec_1,ts2vec_2,ts2vec_3,ts2vec_4,ts2vec_5,ts2vec_6,ts2vec_7,ts2vec_8,ts2vec_9,ts2vec_10,ts2vec_11,ts2vec_12,ts2vec_13,ts2vec_14,ts2vec_15,ts2vec_16,ts2vec_17,ts2vec_18,ts2vec_19,ts2vec_20,ts2vec_21,ts2vec_22,ts2vec_23,ts2vec_24,ts2vec_25,ts2vec_26,ts2vec_27,ts2vec_28,ts2vec_29,ts2vec_30,ts2vec_31
-0.13652998,-0.42615777,-0.35829592,-0.62071455,-0.43012628,-0.2746327,0.25584143,0.17259078,0.044183485,-0.035271388,-0.3300785,-0.40061715,0.07488505,0.42562434,0.18928292,-0.18142271,-0.38777784,-0.43167347,-0.43364918,-0.30451643,-0.21293312,-0.18178716,-0.3033066,-0.36207563,0.19801039,-0.38723558,-0.57001364,-0.08442228,0.27189457,0.37191507,-0.036122642,-0.31391242
