ts2vec_0,ts2vec_1,ts2vec_2,ts2vec_3,ts2vec_4,ts2vec_5,ts2vec_6,ts2vec_7,ts2vec_8,ts2vec_9,ts2vec_10,ts2vec_11,ts2vec_12,ts2vec_13,ts2vec_14,ts2vec_15,ts2vec_16,ts2vec_17,ts2vec_18,ts2vec_19,ts2vec_20,ts2vec_21,ts2vec_22,ts2vec_23,ts2vec_24,ts2vec_25,ts2vec_26,ts2vec_27,ts2vec_28,ts2vec_29,ts2vec_30,ts2vec_31
-0.22419603,-0.57835937,-0.6302727,-0.6286325,-0.6622713,-0.09645602,0.42911276,-0.21996164,-0.2484505,-0.04406822,0.55494803,-0.12114901,-0.017070217,-0.025697814,-0.14284234,0.0806684,-0.39012033,-0.3892073,0.19302364,0.17074992,-0.43431777,-0.20281895,-0.34900895,-0.88595945,-0.09866648,0.2221489,-0.35705316,-0.2906019,-0.38450706,0.23284653,-0.11195375,-0.36319464
