ts2vec_0,ts2vec_1,ts2vec_2,ts2vec_3,ts2vec_4,ts2vec_5,ts2vec_6,ts2vec_7,ts2vec_8,ts2vec_9,ts2vec_10,ts2vec_11,ts2vec_12,ts2vec_13,ts2vec_14,ts2vec_15,ts2vec_16,ts2vec_17,ts2vec_18,ts2vec_19,ts2vec_20,ts2vec_21,ts2vec_22,ts2vec_23,ts2vec_24,ts2vec_25,ts2vec_26,ts2vec_27,ts2vec_28,ts2vec_29,ts2vec_30,ts2vec_31
-0.19134279,-0.26804096,0.11410775,-0.5200562,-0.1679403,-0.23528373,-0.09423763,0.17102136,0.2113814,-0.38722503,-0.6846805,-0.77686244,0.15334018,0.626416,0.029857887,-0.53542936,-0.3649641,-0.5143408,-0.36710897,-0.6078636,-0.10294447,-0.30346733,0.065458044,0.4156558,0.38262615,-0.5949346,-0.67087024,0.00872261,0.2774429,0.27419162,-0.30070615,-0.14975043
