ts2vec_0,ts2vec_1,ts2vec_2,ts2vec_3,ts2vec_4,ts2vec_5,ts2vec_6,ts2vec_7,ts2vec_8,ts2vec_9,ts2vec_10,ts2vec_11,ts2vec_12,ts2vec_13,ts2vec_14,ts2vec_15,ts2vec_16,ts2vec_17,ts2vec_18,ts2vec_19,ts2vec_20,ts2vec_21,ts2vec_22,ts2vec_23,ts2vec_24,ts2vec_25,ts2vec_26,ts2vec_27,ts2vec_28,ts2vec_29,ts2vec_30,ts2vec_31
-0.39189652,1.2449588,1.3557271,-0.58684766,1.1960706,-0.34091237,-0.66043615,0.56248385,-0.01838798,0.16940053,-0.23218387,-0.972085,-0.38169083,-0.42382753,-0.7574949,-0.63263,-0.20536788,-0.57949805,-0.2778644,-0.27187636,-0.44895342,0.6100265,0.50583214,-0.019986695,-0.4497997,0.11017108,-0.6348642,-0.44826874,-0.0035289123,-0.5653459,-0.31683597,-0.175696
