ts2vec_0,ts2vec_1,ts2vec_2,ts2vec_3,ts2vec_4,ts2vec_5,ts2vec_6,ts2vec_7,ts2vec_8,ts2vec_9,ts2vec_10,ts2vec_11,ts2vec_12,ts2vec_13,ts2vec_14,ts2vec_15,ts2vec_16,ts2vec_17,ts2vec_18,ts2vec_19,ts2vec_20,ts2vec_21,ts2vec_22,ts2vec_23,ts2vec_24,ts2vec_25,ts2vec_26,ts2vec_27,ts2vec_28,ts2vec_29,ts2vec_30,ts2vec_31
-0.0917426,-0.4457273,-0.18818267,-0.5760973,-0.36430705,-0.2584894,0.22369687,0.12144731,0.11442162,-0.23538254,-0.4599636,-0.6100304,0.15577497,0.5396336,0.2116465,-0.3576037,-0.37185353,-0.5379502,-0.4257632,-0.4644163,-0.11416698,-0.27773082,-0.17113136,-0.12670322,0.3878993,-0.40025645,-0.627617,-0.042362608,0.27929425,0.40508646,-0.12994316,-0.2091345
