ts2vec_0,ts2vec_1,ts2vec_2,ts2vec_3,ts2vec_4,ts2vec_5,ts2vec_6,ts2vec_7,ts2vec_8,ts2vec_9,ts2vec_10,ts2vec_11,ts2vec_12,ts2vec_13,ts2vec_14,ts2vec_15,ts2vec_16,ts2vec_17,ts2vec_18,ts2vec_19,ts2vec_20,ts2vec_21,ts2vec_22,ts2vec_23,ts2vec_24,ts2vec_25,ts2vec_26,ts2vec_27,ts2vec_28,ts2vec_29,ts2vec_30,ts2vec_31
-0.29002428,-0.65823364,-0.38219103,-0.60190696,-0.56142974,-0.042977612,0.353091,-0.51701975,-0.3436588,-0.50078607,0.710466,-0.34509274,0.03572762,-0.13994741,-0.39011618,-0.12238707,-0.36191028,-0.40077284,0.5426349,0.03467418,-0.3619191,-0.3733941,-0.037183303,-0.7661163,-0.14230561,0.55620146,-0.320878,-0.26146328,-0.7455354,0.09345838,-0.40603673,-0.23966892
