ts2vec_0,ts2vec_1,ts2vec_2,ts2vec_3,ts2vec_4,ts2vec_5,ts2vec_6,ts2vec_7,ts2vec_8,ts2vec_9,ts2vec_10,ts2vec_11,ts2vec_12,ts2vec_13,ts2vec_14,ts2vec_15,ts2vec_16,ts2vec_17,ts2vec_18,ts2vec_19,ts2vec_20,ts2vec_21,ts2vec_22,ts2vec_23,ts2vec_24,ts2vec_25,ts2vec_26,ts2vec_27,ts2vec_28,ts2vec_29,ts2vec_30,ts2vec_31
-0.4954437,-0.087010615,-0.5011108,-0.44115782,-0.2595666,-0.26732513,-0.24527831,0.11837691,-0.14249603,0.12513804,-0.5346998,0.1659108,-0.23863822,0.16978371,-0.065537766,0.114498034,-0.42750373,0.12383779,-0.35025156,-0.13769633,-0.41396347,0.009654774,-0.433872,-0.09251958,-0.47659323,-0.81954616,-0.25028446,-0.23700938,0.027987115,0.008206819,0.18843415,-0.49907726
