ts2vec_0,ts2vec_1,ts2vec_2,ts2vec_3,ts2vec_4,ts2vec_5,ts2vec_6,ts2vec_7,ts2vec_8,ts2vec_9,ts2vec_10,ts2vec_11,ts2vec_12,ts2vec_13,ts2vec_14,ts2vec_15,ts2vec_16,ts2vec_17,ts2vec_18,ts2vec_19,ts2vec_20,ts2vec_21,ts2vec_22,ts2vec_23,ts2vec_24,ts2vec_25,ts2vec_26,ts2vec_27,ts2vec_28,ts2vec_29,ts2vec_30,ts2vec_31
-0.28214082,-0.6334112,-0.50655556,-0.5896456,-0.61428976,-0.031342376,0.38569844,-0.40541804,-0.3126528,-0.3127353,0.6508363,-0.23371708,0.012634493,-0.08691774,-0.27820483,-0.017187841,-0.3770412,-0.3546112,0.42759413,0.104270175,-0.41167414,-0.3005827,-0.17822133,-0.8135083,-0.14504956,0.39841366,-0.30071217,-0.2824219,-0.60875595,0.13777797,-0.2761605,-0.29180738
