ts2vec_0,ts2vec_1,ts2vec_2,ts2vec_3,ts2vec_4,ts2vec_5,ts2vec_6,ts2vec_7,ts2vec_8,ts2vec_9,ts2vec_10,ts2vec_11,ts2vec_12,ts2vec_13,ts2vec_14,ts2vec_15,ts2vec_16,ts2vec_17,ts2vec_18,ts2vec_19,ts2vec_20,ts2vec_21,ts2vec_22,ts2vec_23,ts2vec_24,ts2vec_25,ts2vec_26,ts2vec_27,ts2vec_28,ts2vec_29,ts2vec_30,ts2vec_31
-0.24926588,-0.6089202,-0.58504206,-0.6186515,-0.64522547,-0.0645574,0.41288644,-0.31171587,-0.28277418,-0.16873047,0.6071745,-0.16969086,-0.005031908,-0.05049018,-0.20815277,0.048261568,-0.38701442,-0.37300953,0.3106247,0.15089366,-0.43565753,-0.24968933,-0.27119094,-0.8514572,-0.1127614,0.30027542,-0.32772574,-0.2879001,-0.48659915,0.19164112,-0.18901402,-0.32211116
