ts2vec_0,ts2vec_1,ts2vec_2,ts2vec_3,ts2vec_4,ts2vec_5,ts2vec_6,ts2vec_7,ts2vec_8,ts2vec_9,ts2vec_10,ts2vec_11,ts2vec_12,ts2vec_13,ts2vec_14,ts2vec_15,ts2vec_16,ts2vec_17,ts2vec_18,ts2vec_19,ts2vec_20,ts2vec_21,ts2vec_22,ts2vec_23,ts2vec_24,ts2vec_25,ts2vec_26,ts2vec_27,ts2vec_28,ts2vec_29,ts2vec_30,ts2vec_31
-0.34336463,0.096452035,0.358114,-0.52395743,0.17532824,-0.26563007,-0.36305878,0.31180474,0.16128765,-0.19965437,-0.7186499,-0.74187374,0.019650847,0.41619566,-0.2152009,-0.54123765,-0.36595696,-0.4359504,-0.37830865,-0.5499532,-0.25004008,-0.087659426,0.15954334,0.58356994,0.0698378,-0.70352805,-0.67015505,-0.070455745,0.25456432,0.072423264,-0.3104883,-0.19384363
