ts2vec_0,ts2vec_1,ts2vec_2,ts2vec_3,ts2vec_4,ts2vec_5,ts2vec_6,ts2vec_7,ts2vec_8,ts2vec_9,ts2vec_10,ts2vec_11,ts2vec_12,ts2vec_13,ts2vec_14,ts2vec_15,ts2vec_16,ts2vec_17,ts2vec_18,ts2vec_19,ts2vec_20,ts2vec_21,ts2vec_22,ts2vec_23,ts2vec_24,ts2vec_25,ts2vec_26,ts2vec_27,ts2vec_28,ts2vec_29,ts2vec_30,ts2vec_31
-0.13941237,-0.3747142,-0.02983541,-0.5484277,-0.24958166,-0.24713431,0.07363088,0.14234553,0.18153913,-0.32339925,-0.60412574,-0.7073919,0.16214415,0.62243944,0.13991465,-0.4589233,-0.36595738,-0.5195454,-0.4102296,-0.5632575,-0.1008841,-0.29230314,-0.040950935,0.16503288,0.4046987,-0.5262199,-0.6485305,-0.0072950493,0.2857878,0.35293594,-0.2046462,-0.18127596
