ts2vec_0,ts2vec_1,ts2vec_2,ts2vec_3,ts2vec_4,ts2vec_5,ts2vec_6,ts2vec_7,ts2vec_8,ts2vec_9,ts2vec_10,ts2vec_11,ts2vec_12,ts2vec_13,ts2vec_14,ts2vec_15,ts2vec_16,ts2vec_17,ts2vec_18,ts2vec_19,ts2vec_20,ts2vec_21,ts2vec_22,ts2vec_23,ts2vec_24,ts2vec_25,ts2vec_26,ts2vec_27,ts2vec_28,ts2vec_29,ts2vec_30,ts2vec_31
-0.4157992,-0.018027456,-0.30246988,-0.51221126,-0.15405034,-0.29640928,-0.2748528,0.22571322,-0.044814438,0.1373968,-0.57688344,-0.055051316,-0.1839179,0.22475144,-0.10099451,-0.033501912,-0.41900426,-0.042549014,-0.40851152,-0.2156162,-0.3810103,0.050807923,-0.31084257,0.05191144,-0.31302333,-0.7760264,-0.40587965,-0.20464768,0.13951375,0.037755106,0.06392217,-0.44062284
