ts2vec_0,ts2vec_1,ts2vec_2,ts2vec_3,ts2vec_4,ts2vec_5,ts2vec_6,ts2vec_7,ts2vec_8,ts2vec_9,ts2vec_10,ts2vec_11,ts2vec_12,ts2vec_13,ts2vec_14,ts2vec_15,ts2vec_16,ts2vec_17,ts2vec_18,ts2vec_19,ts2vec_20,ts2vec_21,ts2vec_22,ts2vec_23,ts2vec_24,ts2vec_25,ts2vec_26,ts2vec_27,ts2vec_28,ts2vec_29,ts2vec_30,ts2vec_31
-0.498026,0.099482216,-0.47373697,-0.360922,-0.053422496,-0.32613423,-0.3754425,0.04996652,-0.24397334,0.14167587,-0.60064656,0.29572383,-0.3005062,0.11583946,-0.13549677,0.1745349,-0.41916546,0.20964468,-0.40887555,-0.2257781,-0.38656375,0.04652639,-0.4422851,-0.018674765,-0.58838177,-0.8685255,-0.101459816,-0.24309704,-0.0336971,-0.046867296,0.27661172,-0.50659364
