ts2vec_0,ts2vec_1,ts2vec_2,ts2vec_3,ts2vec_4,ts2vec_5,ts2vec_6,ts2vec_7,ts2vec_8,ts2vec_9,ts2vec_10,ts2vec_11,ts2vec_12,ts2vec_13,ts2vec_14,ts2vec_15,ts2vec_16,ts2vec_17,ts2vec_18,ts2vec_19,ts2vec_20,ts2vec_21,ts2vec_22,ts2vec_23,ts2vec_24,ts2vec_25,ts2vec_26,ts2vec_27,ts2vec_28,ts2vec_29,ts2vec_30,ts2vec_31
-0.449102,1.0669261,1.2655225,-0.53644097,1.022186,-0.2980573,-0.7394638,0.4925334,-0.077258475,0.102102146,-0.47120693,-1.0048634,-0.1824902,-0.24254668,-0.7386796,-0.707239,-0.22520702,-0.54327154,-0.27489746,-0.39573714,-0.42424145,0.41945723,0.4828512,0.5158089,-0.4311354,-0.23215614,-0.6601152,-0.27380103,-0.0330982,-0.47998756,-0.4800007,-0.1588539
