ts2vec_0,ts2vec_1,ts2vec_2,ts2vec_3,ts2vec_4,ts2vec_5,ts2vec_6,ts2vec_7,ts2vec_8,ts2vec_9,ts2vec_10,ts2vec_11,ts2vec_12,ts2vec_13,ts2vec_14,ts2vec_15,ts2vec_16,ts2vec_17,ts2vec_18,ts2vec_19,ts2vec_20,ts2vec_21,ts2vec_22,ts2vec_23,ts2vec_24,ts2vec_25,ts2vec_26,ts2vec_27,ts2vec_28,ts2vec_29,ts2vec_30,ts2vec_31
-0.2611182,-0.39869648,-0.49463055,-0.6149988,-0.50869524,-0.25252375,0.2265216,0.18535,-0.027099071,0.08816138,-0.24343643,-0.20508023,0.0035814478,0.33233684,0.14249758,-0.049435556,-0.41324234,-0.28538305,-0.3764241,-0.1541444,-0.3213746,-0.11760597,-0.40522397,-0.44997162,-0.016225513,-0.434111,-0.49769738,-0.13555913,0.21217981,0.30615675,0.026500516,-0.41216135
