ts2vec_0,ts2vec_1,ts2vec_2,ts2vec_3,ts2vec_4,ts2vec_5,ts2vec_6,ts2vec_7,ts2vec_8,ts2vec_9,ts2vec_10,ts2vec_11,ts2vec_12,ts2vec_13,ts2vec_14,ts2vec_15,ts2vec_16,ts2vec_17,ts2vec_18,ts2vec_19,ts2vec_20,ts2vec_21,ts2vec_22,ts2vec_23,ts2vec_24,ts2vec_25,ts2vec_26,ts2vec_27,ts2vec_28,ts2vec_29,ts2vec_30,ts2vec_31
-0.14154068,-0.49795353,-0.620351,-0.6482908,-0.6111604,-0.21358033,0.40751827,0.052963067,-0.123507716,0.14901932,0.1414592,-0.13825981,-0.0114444755,0.14065178,0.09886364,0.047399893,-0.39534247,-0.41878995,-0.21797043,0.026634324,-0.33460692,-0.12596045,-0.46725622,-0.8108874,0.00861581,-0.085521884,-0.48539948,-0.22712801,0.008516454,0.33742443,0.045525838,-0.38892615
