ts2vec_0,ts2vec_1,ts2vec_2,ts2vec_3,ts2vec_4,ts2vec_5,ts2vec_6,ts2vec_7,ts2vec_8,ts2vec_9,ts2vec_10,ts2vec_11,ts2vec_12,ts2vec_13,ts2vec_14,ts2vec_15,ts2vec_16,ts2vec_17,ts2vec_18,ts2vec_19,ts2vec_20,ts2vec_21,ts2vec_22,ts2vec_23,ts2vec_24,ts2vec_25,ts2vec_26,ts2vec_27,ts2vec_28,ts2vec_29,ts2vec_30,ts2vec_31
-0.39844528,-0.37228018,-0.5708982,-0.57774955,-0.5271112,-0.22701974,0.12709655,0.18258123,-0.08056818,0.16388991,-0.27695826,-0.06277583,-0.06962262,0.2852626,0.095095314,0.03867484,-0.43839124,-0.11115791,-0.34731323,-0.07935874,-0.41911337,-0.054580063,-0.46280035,-0.4047271,-0.23973952,-0.5784735,-0.43305376,-0.17791551,0.17397597,0.20461127,0.06550389,-0.47671703
