ts2vec_0,ts2vec_1,ts2vec_2,ts2vec_3,ts2vec_4,ts2vec_5,ts2vec_6,ts2vec_7,ts2vec_8,ts2vec_9,ts2vec_10,ts2vec_11,ts2vec_12,ts2vec_13,ts2vec_14,ts2vec_15,ts2vec_16,ts2vec_17,ts2vec_18,ts2vec_19,ts2vec_20,ts2vec_21,ts2vec_22,ts2vec_23,ts2vec_24,ts2vec_25,ts2vec_26,ts2vec_27,ts2vec_28,ts2vec_29,ts2vec_30,ts2vec_31
-0.1909903,-0.3258589,0.046519972,-0.5401959,-0.21740468,-0.24234614,0.00077861996,0.17566755,0.21363853,-0.3339065,-0.6375068,-0.7474116,0.15889911,0.62793773,0.09033102,-0.49415985,-0.37732303,-0.5042977,-0.38577852,-0.5609648,-0.11409711,-0.28997126,0.0025824711,0.28479335,0.37593964,-0.5824542,-0.6774794,-0.0036268258,0.30657724,0.32620215,-0.2580666,-0.17352751
