ts2vec_0,ts2vec_1,ts2vec_2,ts2vec_3,ts2vec_4,ts2vec_5,ts2vec_6,ts2vec_7,ts2vec_8,ts2vec_9,ts2vec_10,ts2vec_11,ts2vec_12,ts2vec_13,ts2vec_14,ts2vec_15,ts2vec_16,ts2vec_17,ts2vec_18,ts2vec_19,ts2vec_20,ts2vec_21,ts2vec_22,ts2vec_23,ts2vec_24,ts2vec_25,ts2vec_26,ts2vec_27,ts2vec_28,ts2vec_29,ts2vec_30,ts2vec_31
-0.55090344,-0.17788526,-0.55177397,-0.51192987,-0.41460007,-0.25191674,-0.15333827,0.20990206,-0.09931229,0.22345504,-0.45442763,0.12541643,-0.20215592,0.21723,-0.021192508,0.123094276,-0.45041156,0.09681471,-0.33439505,-0.017554453,-0.48890305,0.027212694,-0.468452,-0.15474027,-0.47757748,-0.8433385,-0.34812036,-0.22780114,0.12639384,0.05675693,0.12808967,-0.5327223
