ts2vec_0,ts2vec_1,ts2vec_2,ts2vec_3,ts2vec_4,ts2vec_5,ts2vec_6,ts2vec_7,ts2vec_8,ts2vec_9,ts2vec_10,ts2vec_11,ts2vec_12,ts2vec_13,ts2vec_14,ts2vec_15,ts2vec_16,ts2vec_17,ts2vec_18,ts2vec_19,ts2vec_20,ts2vec_21,ts2vec_22,ts2vec_23,ts2vec_24,ts2vec_25,ts2vec_26,ts2vec_27,ts2vec_28,ts2vec_29,ts2vec_30,ts2vec_31
-0.4720956,-0.060891904,-0.44236612,-0.47105357,-0.22802655,-0.2815848,-0.25267082,0.17653969,-0.114031255,0.1658854,-0.5459833,0.089115895,-0.2046179,0.20429598,-0.07902038,0.06262889,-0.42805517,0.06951959,-0.3884704,-0.17248833,-0.41394344,0.042288892,-0.3988422,-0.0487347,-0.4303618,-0.8135711,-0.31712672,-0.21448869,0.10034703,0.025977442,0.13785529,-0.4894041
