ts2vec_0,ts2vec_1,ts2vec_2,ts2vec_3,ts2vec_4,ts2vec_5,ts2vec_6,ts2vec_7,ts2vec_8,ts2vec_9,ts2vec_10,ts2vec_11,ts2vec_12,ts2vec_13,ts2vec_14,ts2vec_15,ts2vec_16,ts2vec_17,ts2vec_18,ts2vec_19,ts2vec_20,ts2vec_21,ts2vec_22,ts2vec_23,ts2vec_24,ts2vec_25,ts2vec_26,ts2vec_27,ts2vec_28,ts2vec_29,ts2vec_30,ts2vec_31
-0.11018608,-0.36640856,0.05077113,-0.5189344,-0.19153139,-0.22459486,0.044451807,0.116567075,0.21500754,-0.40238723,-0.65585804,-0.77995,0.19532107,0.668302,0.13686444,-0.5302516,-0.34968734,-0.5451556,-0.37748587,-0.6387864,-0.051159594,-0.32134968,0.030265944,0.28533444,0.4854331,-0.5191533,-0.6435755,0.026974758,0.24973993,0.350579,-0.23610626,-0.12989347
