ts2vec_0,ts2vec_1,ts2vec_2,ts2vec_3,ts2vec_4,ts2vec_5,ts2vec_6,ts2vec_7,ts2vec_8,ts2vec_9,ts2vec_10,ts2vec_11,ts2vec_12,ts2vec_13,ts2vec_14,ts2vec_15,ts2vec_16,ts2vec_17,ts2vec_18,ts2vec_19,ts2vec_20,ts2vec_21,ts2vec_22,ts2vec_23,ts2vec_24,ts2vec_25,ts2vec_26,ts2vec_27,ts2vec_28,ts2vec_29,ts2vec_30,ts2vec_31
-0.17904206,-0.39630017,-0.27863476,-0.6102972,-0.40452754,-0.27419892,0.19579917,0.20500356,0.080384135,-0.07749422,-0.39990377,-0.4621201,0.09080519,0.47726616,0.16257589,-0.23414002,-0.3942861,-0.42649233,-0.429851,-0.33778554,-0.21244673,-0.1846436,-0.24862446,-0.217474,0.21329546,-0.45360106,-0.59587675,-0.062103104,0.30515814,0.36514604,-0.08605758,-0.30985478
