ts2vec_0,ts2vec_1,ts2vec_2,ts2vec_3,ts2vec_4,ts2vec_5,ts2vec_6,ts2vec_7,ts2vec_8,ts2vec_9,ts2vec_10,ts2vec_11,ts2vec_12,ts2vec_13,ts2vec_14,ts2vec_15,ts2vec_16,ts2vec_17,ts2vec_18,ts2vec_19,ts2vec_20,ts2vec_21,ts2vec_22,ts2vec_23,ts2vec_24,ts2vec_25,ts2vec_26,ts2vec_27,ts2vec_28,ts2vec_29,ts2vec_30,ts2vec_31
-0.21072716,-0.5556636,-0.65058947,-0.63569975,-0.6605069,-0.115444265,0.43134844,-0.14825058,-0.22599289,0.030904137,0.49414417,-0.09463353,-0.029639943,-0.003099958,-0.10112851,0.10539267,-0.39746395,-0.38611734,0.11011261,0.16776262,-0.42961147,-0.17138119,-0.39636958,-0.90131456,-0.095199786,0.15748784,-0.37460473,-0.28455168,-0.30140248,0.25257897,-0.058871515,-0.38378048
