ts2vec_0,ts2vec_1,ts2vec_2,ts2vec_3,ts2vec_4,ts2vec_5,ts2vec_6,ts2vec_7,ts2vec_8,ts2vec_9,ts2vec_10,ts2vec_11,ts2vec_12,ts2vec_13,ts2vec_14,ts2vec_15,ts2vec_16,ts2vec_17,ts2vec_18,ts2vec_19,ts2vec_20,ts2vec_21,ts2vec_22,ts2vec_23,ts2vec_24,ts2vec_25,ts2vec_26,ts2vec_27,ts2vec_28,ts2vec_29,ts2vec_30,ts2vec_31
-0.31885612,-0.44333673,-0.6167837,-0.5712559,-0.57870233,-0.205012,0.26643682,0.09884552,-0.11565734,0.1415547,-0.09472653,-0.06383633,-0.043316312,0.23517823,0.11949223,0.062725425,-0.42893857,-0.18256107,-0.27105483,-0.03259268,-0.3803303,-0.09313399,-0.47915512,-0.6037019,-0.15884311,-0.37868243,-0.41150165,-0.19923982,0.08769037,0.25117925,0.06619722,-0.45108017
