ts2vec_0,ts2vec_1,ts2vec_2,ts2vec_3,ts2vec_4,ts2vec_5,ts2vec_6,ts2vec_7,ts2vec_8,ts2vec_9,ts2vec_10,ts2vec_11,ts2vec_12,ts2vec_13,ts2vec_14,ts2vec_15,ts2vec_16,ts2vec_17,ts2vec_18,ts2vec_19,ts2vec_20,ts2vec_21,ts2vec_22,ts2vec_23,ts2vec_24,ts2vec_25,ts2vec_26,ts2vec_27,ts2vec_28,ts2vec_29,ts2vec_30,ts2vec_31
-0.29658845,-0.6222099,-0.5630751,-0.55737984,-0.62295175,-0.014202008,0.39179567,-0.34944463,-0.3045737,-0.24749385,0.5491801,-0.1841959,-0.0053502014,-0.039070778,-0.19499397,0.032910783,-0.39424697,-0.28405902,0.34051132,0.08270686,-0.41586423,-0.27340376,-0.24507712,-0.8149214,-0.16170743,0.27797675,-0.26830706,-0.2747197,-0.50494206,0.14206427,-0.20118758,-0.3098495
