ts2vec_0,ts2vec_1,ts2vec_2,ts2vec_3,ts2vec_4,ts2vec_5,ts2vec_6,ts2vec_7,ts2vec_8,ts2vec_9,ts2vec_10,ts2vec_11,ts2vec_12,ts2vec_13,ts2vec_14,ts2vec_15,ts2vec_16,ts2vec_17,ts2vec_18,ts2vec_19,ts2vec_20,ts2vec_21,ts2vec_22,ts2vec_23,ts2vec_24,ts2vec_25,ts2vec_26,ts2vec_27,ts2vec_28,ts2vec_29,ts2vec_30,ts2vec_31
-0.25966,-0.6179941,-0.5458724,-0.60915303,-0.63366395,-0.050046213,0.3956948,-0.35998026,-0.2954516,-0.23681284,0.64200735,-0.20471084,0.0031943258,-0.08030745,-0.25541663,0.015555563,-0.37609524,-0.38018516,0.37184748,0.13184428,-0.42745972,-0.27686197,-0.22334883,-0.8387541,-0.12993886,0.36432013,-0.32187483,-0.28735086,-0.55164623,0.1652917,-0.23628397,-0.3044856
