ts2vec_0,ts2vec_1,ts2vec_2,ts2vec_3,ts2vec_4,ts2vec_5,ts2vec_6,ts2vec_7,ts2vec_8,ts2vec_9,ts2vec_10,ts2vec_11,ts2vec_12,ts2vec_13,ts2vec_14,ts2vec_15,ts2vec_16,ts2vec_17,ts2vec_18,ts2vec_19,ts2vec_20,ts2vec_21,ts2vec_22,ts2vec_23,ts2vec_24,ts2vec_25,ts2vec_26,ts2vec_27,ts2vec_28,ts2vec_29,ts2vec_30,ts2vec_31
-0.2521387,-0.60656047,-0.5967891,-0.6078474,-0.65216386,-0.058051333,0.41192633,-0.2933513,-0.2726183,-0.13754782,0.5951434,-0.15219192,-0.010420492,-0.049467113,-0.19510396,0.055766284,-0.38689405,-0.36908984,0.29580128,0.1607759,-0.44096798,-0.2340968,-0.2924502,-0.8622397,-0.12745494,0.28393936,-0.33067536,-0.29458335,-0.48194495,0.19259408,-0.16399877,-0.33614105
