ts2vec_0,ts2vec_1,ts2vec_2,ts2vec_3,ts2vec_4,ts2vec_5,ts2vec_6,ts2vec_7,ts2vec_8,ts2vec_9,ts2vec_10,ts2vec_11,ts2vec_12,ts2vec_13,ts2vec_14,ts2vec_15,ts2vec_16,ts2vec_17,ts2vec_18,ts2vec_19,ts2vec_20,ts2vec_21,ts2vec_22,ts2vec_23,ts2vec_24,ts2vec_25,ts2vec_26,ts2vec_27,ts2vec_28,ts2vec_29,ts2vec_30,ts2vec_31
-0.2491772,-0.14667936,0.24771325,-0.5360275,-0.042837895,-0.22431497,-0.24196477,0.27224627,0.2375639,-0.29617745,-0.71395785,-0.8017669,0.067229025,0.4911652,-0.09526285,-0.5454167,-0.34451443,-0.48104817,-0.32344085,-0.55292547,-0.16517933,-0.19645587,0.12877028,0.4859177,0.24016814,-0.641752,-0.7184466,-0.064471744,0.24472931,0.1658093,-0.32571664,-0.16448145
