ts2vec_0,ts2vec_1,ts2vec_2,ts2vec_3,ts2vec_4,ts2vec_5,ts2vec_6,ts2vec_7,ts2vec_8,ts2vec_9,ts2vec_10,ts2vec_11,ts2vec_12,ts2vec_13,ts2vec_14,ts2vec_15,ts2vec_16,ts2vec_17,ts2vec_18,ts2vec_19,ts2vec_20,ts2vec_21,ts2vec_22,ts2vec_23,ts2vec_24,ts2vec_25,ts2vec_26,ts2vec_27,ts2vec_28,ts2vec_29,ts2vec_30,ts2vec_31
-0.6167443,-0.6062206,-0.5868831,-0.10691585,-0.6019484,0.17371778,0.22084095,-0.5025875,-0.45349738,-0.5061946,0.16061762,-0.07246169,-0.04821918,0.098501734,-0.09168875,0.078281604,-0.5074261,0.4291697,0.34732828,-0.2012285,-0.3222904,-0.33549255,-0.3773646,-0.6062339,-0.5147895,-0.11273743,0.12109542,-0.175784,-0.44407573,-0.06427455,-0.19105808,-0.3495173
