ts2vec_0,ts2vec_1,ts2vec_2,ts2vec_3,ts2vec_4,ts2vec_5,ts2vec_6,ts2vec_7,ts2vec_8,ts2vec_9,ts2vec_10,ts2vec_11,ts2vec_12,ts2vec_13,ts2vec_14,ts2vec_15,ts2vec_16,ts2vec_17,ts2vec_18,ts2vec_19,ts2vec_20,ts2vec_21,ts2vec_22,ts2vec_23,ts2vec_24,ts2vec_25,ts2vec_26,ts2vec_27,ts2vec_28,ts2vec_29,ts2vec_30,ts2vec_31
-0.19245094,-0.21371476,-0.057753064,-0.5622365,-0.17644937,-0.24046905,-0.1025959,0.25087267,0.12733547,-0.11330931,-0.5597296,-0.5227337,0.0016701401,0.38700777,-0.008795229,-0.32294786,-0.35342208,-0.3937036,-0.38920408,-0.4177129,-0.21910368,-0.1017733,-0.08711265,0.11638066,0.14571948,-0.5352578,-0.61101353,-0.10127054,0.22138871,0.17561747,-0.14427665,-0.26160482
