ts2vec_0,ts2vec_1,ts2vec_2,ts2vec_3,ts2vec_4,ts2vec_5,ts2vec_6,ts2vec_7,ts2vec_8,ts2vec_9,ts2vec_10,ts2vec_11,ts2vec_12,ts2vec_13,ts2vec_14,ts2vec_15,ts2vec_16,ts2vec_17,ts2vec_18,ts2vec_19,ts2vec_20,ts2vec_21,ts2vec_22,ts2vec_23,ts2vec_24,ts2vec_25,ts2vec_26,ts2vec_27,ts2vec_28,ts2vec_29,ts2vec_30,ts2vec_31
-0.2787283,-0.56329304,-0.67053854,-0.5927816,-0.67842686,-0.07963586,0.41253155,-0.17989244,-0.24611801,0.004979769,0.4542139,-0.05898071,-0.025171235,0.018689219,-0.0712847,0.11573493,-0.40298417,-0.288551,0.13831574,0.15805939,-0.44680986,-0.18302523,-0.4014561,-0.8627232,-0.15621644,0.09253927,-0.3151002,-0.27761883,-0.31139907,0.21655723,-0.05268299,-0.391321
