ts2vec_0,ts2vec_1,ts2vec_2,ts2vec_3,ts2vec_4,ts2vec_5,ts2vec_6,ts2vec_7,ts2vec_8,ts2vec_9,ts2vec_10,ts2vec_11,ts2vec_12,ts2vec_13,ts2vec_14,ts2vec_15,ts2vec_16,ts2vec_17,ts2vec_18,ts2vec_19,ts2vec_20,ts2vec_21,ts2vec_22,ts2vec_23,ts2vec_24,ts2vec_25,ts2vec_26,ts2vec_27,ts2vec_28,ts2vec_29,ts2vec_30,ts2vec_31
-0.09093295,-0.32022664,0.038409643,-0.4871595,-0.1334628,-0.24519011,0.002418941,0.012185208,0.13262738,-0.4367503,-0.70652574,-0.73732466,0.19125727,0.6548514,0.13757281,-0.5510663,-0.33621374,-0.5698296,-0.44005138,-0.73101395,-0.031268727,-0.34073827,0.008279348,0.3117561,0.4672219,-0.53400105,-0.59458137,0.022133492,0.19160928,0.29800683,-0.18950081,-0.095254295
