ts2vec_0,ts2vec_1,ts2vec_2,ts2vec_3,ts2vec_4,ts2vec_5,ts2vec_6,ts2vec_7,ts2vec_8,ts2vec_9,ts2vec_10,ts2vec_11,ts2vec_12,ts2vec_13,ts2vec_14,ts2vec_15,ts2vec_16,ts2vec_17,ts2vec_18,ts2vec_19,ts2vec_20,ts2vec_21,ts2vec_22,ts2vec_23,ts2vec_24,ts2vec_25,ts2vec_26,ts2vec_27,ts2vec_28,ts2vec_29,ts2vec_30,ts2vec_31
-0.25919205,-0.61440444,-0.5712784,-0.60061663,-0.63906604,-0.042601768,0.41022232,-0.3236168,-0.2864502,-0.19272868,0.6107329,-0.17512408,0.0007380856,-0.05045713,-0.21115835,0.039848797,-0.3874332,-0.35631397,0.3437358,0.14743175,-0.42855123,-0.25449985,-0.24902295,-0.8403646,-0.1223993,0.31489334,-0.31004968,-0.2820238,-0.5137285,0.18455021,-0.19280313,-0.31765997
