ts2vec_0,ts2vec_1,ts2vec_2,ts2vec_3,ts2vec_4,ts2vec_5,ts2vec_6,ts2vec_7,ts2vec_8,ts2vec_9,ts2vec_10,ts2vec_11,ts2vec_12,ts2vec_13,ts2vec_14,ts2vec_15,ts2vec_16,ts2vec_17,ts2vec_18,ts2vec_19,ts2vec_20,ts2vec_21,ts2vec_22,ts2vec_23,ts2vec_24,ts2vec_25,ts2vec_26,ts2vec_27,ts2vec_28,ts2vec_29,ts2vec_30,ts2vec_31
-0.3934743,-0.36384293,-0.6584046,-0.48372185,-0.47974744,-0.20005889,0.13423872,0.045679566,-0.17567131,0.11870475,-0.28571212,0.03961151,-0.08469102,0.24643087,0.11303844,0.068795934,-0.4358195,-0.03506407,-0.36282697,-0.17328691,-0.4068362,-0.07279587,-0.5299468,-0.48244357,-0.3104414,-0.5474524,-0.30883744,-0.19457363,0.091470495,0.15124328,0.1423541,-0.464654
