ts2vec_0,ts2vec_1,ts2vec_2,ts2vec_3,ts2vec_4,ts2vec_5,ts2vec_6,ts2vec_7,ts2vec_8,ts2vec_9,ts2vec_10,ts2vec_11,ts2vec_12,ts2vec_13,ts2vec_14,ts2vec_15,ts2vec_16,ts2vec_17,ts2vec_18,ts2vec_19,ts2vec_20,ts2vec_21,ts2vec_22,ts2vec_23,ts2vec_24,ts2vec_25,ts2vec_26,ts2vec_27,ts2vec_28,ts2vec_29,ts2vec_30,ts2vec_31
-0.50952995,0.17907602,-0.5116624,-0.20658222,0.036500435,-0.354589,-0.4624754,-0.1071453,-0.34717122,0.011298593,-0.63372964,0.4474473,-0.36926252,0.03848748,-0.19296817,0.26852667,-0.4036448,0.3649861,-0.35779566,-0.28538555,-0.29432976,-0.019467007,-0.45599103,-0.014825161,-0.6910403,-0.8692944,0.104049675,-0.26299644,-0.19065847,-0.091730416,0.3588811,-0.50345135
