ts2vec_0,ts2vec_1,ts2vec_2,ts2vec_3,ts2vec_4,ts2vec_5,ts2vec_6,ts2vec_7,ts2vec_8,ts2vec_9,ts2vec_10,ts2vec_11,ts2vec_12,ts2vec_13,ts2vec_14,ts2vec_15,ts2vec_16,ts2vec_17,ts2vec_18,ts2vec_19,ts2vec_20,ts2vec_21,ts2vec_22,ts2vec_23,ts2vec_24,ts2vec_25,ts2vec_26,ts2vec_27,ts2vec_28,ts2vec_29,ts2vec_30,ts2vec_31
-0.21752082,-0.49567807,-0.66974527,-0.63946044,-0.6375355,-0.19022007,0.3965864,0.036590602,-0.15345424,0.17060675,0.20020749,-0.067392126,-0.037765678,0.12061297,0.054363914,0.10679477,-0.4093579,-0.3400711,-0.15793741,0.08021487,-0.39486858,-0.11026775,-0.4911256,-0.83846366,-0.087976396,-0.11143892,-0.4300524,-0.24094453,-0.032060526,0.2948962,0.055158794,-0.4290167
