ts2vec_0,ts2vec_1,ts2vec_2,ts2vec_3,ts2vec_4,ts2vec_5,ts2vec_6,ts2vec_7,ts2vec_8,ts2vec_9,ts2vec_10,ts2vec_11,ts2vec_12,ts2vec_13,ts2vec_14,ts2vec_15,ts2vec_16,ts2vec_17,ts2vec_18,ts2vec_19,ts2vec_20,ts2vec_21,ts2vec_22,ts2vec_23,ts2vec_24,ts2vec_25,ts2vec_26,ts2vec_27,ts2vec_28,ts2vec_29,ts2vec_30,ts2vec_31
-0.28362608,-0.62496465,-0.535474,-0.5857713,-0.62499094,-0.029256407,0.38972035,-0.37566936,-0.3091622,-0.2679316,0.6237655,-0.20964769,0.004797974,-0.07534246,-0.25249866,0.0072228634,-0.38207123,-0.34271616,0.3911633,0.113064244,-0.4230193,-0.28456956,-0.21173781,-0.82427424,-0.15310715,0.35720113,-0.29884744,-0.28234777,-0.5665879,0.14583863,-0.24316691,-0.30041793
