ts2vec_0,ts2vec_1,ts2vec_2,ts2vec_3,ts2vec_4,ts2vec_5,ts2vec_6,ts2vec_7,ts2vec_8,ts2vec_9,ts2vec_10,ts2vec_11,ts2vec_12,ts2vec_13,ts2vec_14,ts2vec_15,ts2vec_16,ts2vec_17,ts2vec_18,ts2vec_19,ts2vec_20,ts2vec_21,ts2vec_22,ts2vec_23,ts2vec_24,ts2vec_25,ts2vec_26,ts2vec_27,ts2vec_28,ts2vec_29,ts2vec_30,ts2vec_31
-0.22379626,-0.42423224,-0.49930352,-0.62264276,-0.5113982,-0.26233226,0.25869066,0.17114869,-0.03230718,0.10088801,-0.21879156,-0.22468683,-0.00016544142,0.3083721,0.15935722,-0.058798946,-0.4011698,-0.33484197,-0.3853917,-0.14964992,-0.31313524,-0.1143414,-0.40994397,-0.48830435,0.009258252,-0.39454442,-0.5256226,-0.15644889,0.20026907,0.3058826,0.029667404,-0.3921661
