ts2vec_0,ts2vec_1,ts2vec_2,ts2vec_3,ts2vec_4,ts2vec_5,ts2vec_6,ts2vec_7,ts2vec_8,ts2vec_9,ts2vec_10,ts2vec_11,ts2vec_12,ts2vec_13,ts2vec_14,ts2vec_15,ts2vec_16,ts2vec_17,ts2vec_18,ts2vec_19,ts2vec_20,ts2vec_21,ts2vec_22,ts2vec_23,ts2vec_24,ts2vec_25,ts2vec_26,ts2vec_27,ts2vec_28,ts2vec_29,ts2vec_30,ts2vec_31
-0.13424441,-0.46821642,-0.5348132,-0.64699674,-0.5495154,-0.25046557,0.35510862,0.14026779,-0.058083493,0.11611159,-0.06536566,-0.22739135,0.011714756,0.24672441,0.15161519,-0.024804996,-0.38900545,-0.41822326,-0.34037387,-0.10283505,-0.29008037,-0.12748536,-0.4356117,-0.67043805,0.06861518,-0.22106607,-0.52641124,-0.17290443,0.14614688,0.3515752,0.034325574,-0.37256938
