ts2vec_0,ts2vec_1,ts2vec_2,ts2vec_3,ts2vec_4,ts2vec_5,ts2vec_6,ts2vec_7,ts2vec_8,ts2vec_9,ts2vec_10,ts2vec_11,ts2vec_12,ts2vec_13,ts2vec_14,ts2vec_15,ts2vec_16,ts2vec_17,ts2vec_18,ts2vec_19,ts2vec_20,ts2vec_21,ts2vec_22,ts2vec_23,ts2vec_24,ts2vec_25,ts2vec_26,ts2vec_27,ts2vec_28,ts2vec_29,ts2vec_30,ts2vec_31
-0.21888122,-0.5812287,-0.64408505,-0.6389054,-0.6757429,-0.09743021,0.4375628,-0.20505156,-0.24437869,-0.020367827,0.561133,-0.11054946,-0.01495428,-0.020196173,-0.13181154,0.09553506,-0.3899241,-0.39855167,0.19254759,0.19730526,-0.4441974,-0.1957602,-0.35202095,-0.88625026,-0.08936701,0.21133494,-0.36235267,-0.28739133,-0.37128237,0.25177622,-0.09663302,-0.36116907
