ts2vec_0,ts2vec_1,ts2vec_2,ts2vec_3,ts2vec_4,ts2vec_5,ts2vec_6,ts2vec_7,ts2vec_8,ts2vec_9,ts2vec_10,ts2vec_11,ts2vec_12,ts2vec_13,ts2vec_14,ts2vec_15,ts2vec_16,ts2vec_17,ts2vec_18,ts2vec_19,ts2vec_20,ts2vec_21,ts2vec_22,ts2vec_23,ts2vec_24,ts2vec_25,ts2vec_26,ts2vec_27,ts2vec_28,ts2vec_29,ts2vec_30,ts2vec_31
-0.30184025,-0.58559394,-0.64940786,-0.47251636,-0.6400069,-0.016116926,0.36917084,-0.27826273,-0.26775956,-0.1525059,0.29253787,-0.07822746,-0.02536074,0.07757026,-0.010867685,0.071306534,-0.41802984,-0.14186707,0.13913934,0.016702829,-0.3787201,-0.22822778,-0.37572858,-0.7620042,-0.16045232,0.024369644,-0.21193665,-0.25683367,-0.3290392,0.1509965,-0.055981766,-0.34952626
