ts2vec_0,ts2vec_1,ts2vec_2,ts2vec_3,ts2vec_4,ts2vec_5,ts2vec_6,ts2vec_7,ts2vec_8,ts2vec_9,ts2vec_10,ts2vec_11,ts2vec_12,ts2vec_13,ts2vec_14,ts2vec_15,ts2vec_16,ts2vec_17,ts2vec_18,ts2vec_19,ts2vec_20,ts2vec_21,ts2vec_22,ts2vec_23,ts2vec_24,ts2vec_25,ts2vec_26,ts2vec_27,ts2vec_28,ts2vec_29,ts2vec_30,ts2vec_31
-0.60004056,-0.6328648,-0.52682394,-0.12597537,-0.5859182,0.20105936,0.2482039,-0.5241888,-0.46190584,-0.54510736,0.23299004,-0.1466498,-0.029004073,0.05773929,-0.12486983,0.041059528,-0.5011322,0.369351,0.41228065,-0.19957201,-0.3044271,-0.34924418,-0.32626072,-0.64239705,-0.49288157,-0.0025681215,0.09104598,-0.17995682,-0.492999,-0.072931774,-0.23969656,-0.32042447
