ts2vec_0,ts2vec_1,ts2vec_2,ts2vec_3,ts2vec_4,ts2vec_5,ts2vec_6,ts2vec_7,ts2vec_8,ts2vec_9,ts2vec_10,ts2vec_11,ts2vec_12,ts2vec_13,ts2vec_14,ts2vec_15,ts2vec_16,ts2vec_17,ts2vec_18,ts2vec_19,ts2vec_20,ts2vec_21,ts2vec_22,ts2vec_23,ts2vec_24,ts2vec_25,ts2vec_26,ts2vec_27,ts2vec_28,ts2vec_29,ts2vec_30,ts2vec_31
-0.26063368,-0.47738847,-0.6464771,-0.6147885,-0.61512995,-0.19975433,0.34094098,0.091788985,-0.12341742,0.16995014,0.037553087,-0.057956707,-0.039232206,0.18553258,0.11024942,0.085050955,-0.41738862,-0.26447895,-0.23177505,0.02852371,-0.386908,-0.09699673,-0.49198866,-0.7218022,-0.11451285,-0.25926578,-0.43099916,-0.21642077,0.045174684,0.28098866,0.07564109,-0.4412216
