ts2vec_0,ts2vec_1,ts2vec_2,ts2vec_3,ts2vec_4,ts2vec_5,ts2vec_6,ts2vec_7,ts2vec_8,ts2vec_9,ts2vec_10,ts2vec_11,ts2vec_12,ts2vec_13,ts2vec_14,ts2vec_15,ts2vec_16,ts2vec_17,ts2vec_18,ts2vec_19,ts2vec_20,ts2vec_21,ts2vec_22,ts2vec_23,ts2vec_24,ts2vec_25,ts2vec_26,ts2vec_27,ts2vec_28,ts2vec_29,ts2vec_30,ts2vec_31
-0.27233768,-0.21482229,0.28084686,-0.52996355,-0.11803897,-0.2065948,-0.20184192,0.30873108,0.316677,-0.36632562,-0.7332578,-0.869835,0.13600592,0.6428369,-0.056847345,-0.5705369,-0.37471884,-0.47116604,-0.2928249,-0.5602257,-0.14730263,-0.2743214,0.16677229,0.60232794,0.33111215,-0.697136,-0.75276124,0.006503168,0.35132155,0.2542683,-0.38652298,-0.16359964
