ts2vec_0,ts2vec_1,ts2vec_2,ts2vec_3,ts2vec_4,ts2vec_5,ts2vec_6,ts2vec_7,ts2vec_8,ts2vec_9,ts2vec_10,ts2vec_11,ts2vec_12,ts2vec_13,ts2vec_14,ts2vec_15,ts2vec_16,ts2vec_17,ts2vec_18,ts2vec_19,ts2vec_20,ts2vec_21,ts2vec_22,ts2vec_23,ts2vec_24,ts2vec_25,ts2vec_26,ts2vec_27,ts2vec_28,ts2vec_29,ts2vec_30,ts2vec_31
-0.29920715,-0.6546504,-0.4380829,-0.6074029,-0.5794028,-0.031827822,0.36428165,-0.47974575,-0.3348006,-0.43910494,0.6919848,-0.2986321,0.030605976,-0.11475267,-0.36251673,-0.06909169,-0.36914772,-0.3703271,0.52197665,0.06365359,-0.39412934,-0.3420462,-0.0872035,-0.7843207,-0.15197,0.49109247,-0.30545065,-0.2677713,-0.70755726,0.11538217,-0.35442558,-0.2632505
