ts2vec_0,ts2vec_1,ts2vec_2,ts2vec_3,ts2vec_4,ts2vec_5,ts2vec_6,ts2vec_7,ts2vec_8,ts2vec_9,ts2vec_10,ts2vec_11,ts2vec_12,ts2vec_13,ts2vec_14,ts2vec_15,ts2vec_16,ts2vec_17,ts2vec_18,ts2vec_19,ts2vec_20,ts2vec_21,ts2vec_22,ts2vec_23,ts2vec_24,ts2vec_25,ts2vec_26,ts2vec_27,ts2vec_28,ts2vec_29,ts2vec_30,ts2vec_31
-0.1184859,-0.39722335,-0.19289401,-0.56429446,-0.34662187,-0.30949387,0.23261786,0.05121466,0.08823471,-0.28922498,-0.42709273,-0.6124865,0.169392,0.60709876,0.20707716,-0.41543686,-0.3833596,-0.5545126,-0.5060879,-0.5165114,-0.09049928,-0.32486933,-0.1666869,-0.07071332,0.44948635,-0.42375845,-0.5752318,0.0021499463,0.31492352,0.39256132,-0.1900423,-0.20918383
