ts2vec_0,ts2vec_1,ts2vec_2,ts2vec_3,ts2vec_4,ts2vec_5,ts2vec_6,ts2vec_7,ts2vec_8,ts2vec_9,ts2vec_10,ts2vec_11,ts2vec_12,ts2vec_13,ts2vec_14,ts2vec_15,ts2vec_16,ts2vec_17,ts2vec_18,ts2vec_19,ts2vec_20,ts2vec_21,ts2vec_22,ts2vec_23,ts2vec_24,ts2vec_25,ts2vec_26,ts2vec_27,ts2vec_28,ts2vec_29,ts2vec_30,ts2vec_31
-0.12456709,-0.405953,-0.2307062,-0.57472795,-0.37224764,-0.3074218,0.24405687,0.060730632,0.054166045,-0.25068197,-0.4094677,-0.58755827,0.16900326,0.56602436,0.20817234,-0.3839394,-0.38502145,-0.53898865,-0.5011968,-0.48160112,-0.109919176,-0.31749323,-0.19803262,-0.10532251,0.40056503,-0.4113525,-0.56685495,0.0038584934,0.30630076,0.38440406,-0.19065398,-0.21314351
