ts2vec_0,ts2vec_1,ts2vec_2,ts2vec_3,ts2vec_4,ts2vec_5,ts2vec_6,ts2vec_7,ts2vec_8,ts2vec_9,ts2vec_10,ts2vec_11,ts2vec_12,ts2vec_13,ts2vec_14,ts2vec_15,ts2vec_16,ts2vec_17,ts2vec_18,ts2vec_19,ts2vec_20,ts2vec_21,ts2vec_22,ts2vec_23,ts2vec_24,ts2vec_25,ts2vec_26,ts2vec_27,ts2vec_28,ts2vec_29,ts2vec_30,ts2vec_31
-0.3232361,-0.64856386,-0.23397256,-0.46463966,-0.5052337,-0.026989672,0.28460863,-0.6294044,-0.402316,-0.68825686,0.6353922,-0.44953033,0.014733437,-0.21578449,-0.4236824,-0.27451316,-0.37064555,-0.32975638,0.52050096,-0.155274,-0.22586231,-0.43919227,0.04989249,-0.69469446,-0.2047407,0.64886653,-0.29505852,-0.24336857,-0.7883806,-0.060757507,-0.5203169,-0.18276632
