ts2vec_0,ts2vec_1,ts2vec_2,ts2vec_3,ts2vec_4,ts2vec_5,ts2vec_6,ts2vec_7,ts2vec_8,ts2vec_9,ts2vec_10,ts2vec_11,ts2vec_12,ts2vec_13,ts2vec_14,ts2vec_15,ts2vec_16,ts2vec_17,ts2vec_18,ts2vec_19,ts2vec_20,ts2vec_21,ts2vec_22,ts2vec_23,ts2vec_24,ts2vec_25,ts2vec_26,ts2vec_27,ts2vec_28,ts2vec_29,ts2vec_30,ts2vec_31
-0.32972303,-0.6371985,-0.45156896,-0.47565204,-0.6007003,0.009913511,0.36884442,-0.4569978,-0.3617633,-0.39636877,0.5992167,-0.2541798,-0.005056066,-0.0871676,-0.24096681,-0.0679819,-0.42242208,-0.23344754,0.42583704,0.036947012,-0.35295442,-0.33125317,-0.15457416,-0.74522835,-0.18682335,0.37985674,-0.24562429,-0.26591244,-0.595667,0.05940227,-0.3199602,-0.2735403
