ts2vec_0,ts2vec_1,ts2vec_2,ts2vec_3,ts2vec_4,ts2vec_5,ts2vec_6,ts2vec_7,ts2vec_8,ts2vec_9,ts2vec_10,ts2vec_11,ts2vec_12,ts2vec_13,ts2vec_14,ts2vec_15,ts2vec_16,ts2vec_17,ts2vec_18,ts2vec_19,ts2vec_20,ts2vec_21,ts2vec_22,ts2vec_23,ts2vec_24,ts2vec_25,ts2vec_26,ts2vec_27,ts2vec_28,ts2vec_29,ts2vec_30,ts2vec_31
-0.57179886,-0.27635872,-0.66522336,-0.03169762,-0.34095848,-0.08343667,-0.15590398,-0.36471042,-0.37075657,-0.29549333,-0.4430784,0.22130592,-0.25788915,0.11167637,-0.029532963,0.15924606,-0.4566655,0.5267049,-0.1387424,-0.36730233,-0.2522306,-0.26437292,-0.52055335,-0.24689025,-0.6498637,-0.6770749,0.13728398,-0.24173684,-0.2407445,-0.09221912,0.14261901,-0.43199617
