ts2vec_0,ts2vec_1,ts2vec_2,ts2vec_3,ts2vec_4,ts2vec_5,ts2vec_6,ts2vec_7,ts2vec_8,ts2vec_9,ts2vec_10,ts2vec_11,ts2vec_12,ts2vec_13,ts2vec_14,ts2vec_15,ts2vec_16,ts2vec_17,ts2vec_18,ts2vec_19,ts2vec_20,ts2vec_21,ts2vec_22,ts2vec_23,ts2vec_24,ts2vec_25,ts2vec_26,ts2vec_27,ts2vec_28,ts2vec_29,ts2vec_30,ts2vec_31
-0.32045594,-0.27442062,-0.452979,-0.42747658,-0.316497,-0.26233453,0.026317747,-0.08296157,-0.12015943,-0.06736334,-0.42498112,-0.17656942,-0.07929411,0.27457464,0.15056252,-0.14251502,-0.41220987,-0.13026789,-0.488346,-0.3663786,-0.2535269,-0.20663217,-0.41480717,-0.14364849,-0.11913455,-0.58461845,-0.35171524,-0.18942244,0.13252203,0.13705896,-0.008487866,-0.33407822
