ts2vec_0,ts2vec_1,ts2vec_2,ts2vec_3,ts2vec_4,ts2vec_5,ts2vec_6,ts2vec_7,ts2vec_8,ts2vec_9,ts2vec_10,ts2vec_11,ts2vec_12,ts2vec_13,ts2vec_14,ts2vec_15,ts2vec_16,ts2vec_17,ts2vec_18,ts2vec_19,ts2vec_20,ts2vec_21,ts2vec_22,ts2vec_23,ts2vec_24,ts2vec_25,ts2vec_26,ts2vec_27,ts2vec_28,ts2vec_29,ts2vec_30,ts2vec_31
-0.4774415,0.55348915,0.34624544,-0.5410716,0.40883315,-0.32855278,-0.58486414,0.4773275,0.06716051,0.24969067,-0.5421501,-0.3227915,-0.33181912,-0.027242156,-0.38120568,-0.22493128,-0.3597856,-0.14850092,-0.33317253,-0.16171275,-0.3835886,0.28727424,0.0035582532,0.35088906,-0.398061,-0.70629734,-0.5081652,-0.34111384,0.12929714,-0.14952648,-0.08897478,-0.36430904
