ts2vec_0,ts2vec_1,ts2vec_2,ts2vec_3,ts2vec_4,ts2vec_5,ts2vec_6,ts2vec_7,ts2vec_8,ts2vec_9,ts2vec_10,ts2vec_11,ts2vec_12,ts2vec_13,ts2vec_14,ts2vec_15,ts2vec_16,ts2vec_17,ts2vec_18,ts2vec_19,ts2vec_20,ts2vec_21,ts2vec_22,ts2vec_23,ts2vec_24,ts2vec_25,ts2vec_26,ts2vec_27,ts2vec_28,ts2vec_29,ts2vec_30,ts2vec_31
-0.10349429,-0.46696943,-0.5931008,-0.66995335,-0.6451671,-0.29667225,0.43843603,0.01896351,-0.1479949,0.1514457,0.2654633,-0.18589583,-0.028355772,0.095260836,0.10657369,0.0065718573,-0.41592306,-0.49955714,-0.29548678,0.05433623,-0.31913146,-0.17735733,-0.46324867,-0.7882827,0.07735843,-0.021627557,-0.50987405,-0.23361558,0.08874348,0.32950202,-0.058617298,-0.36746073
