ts2vec_0,ts2vec_1,ts2vec_2,ts2vec_3,ts2vec_4,ts2vec_5,ts2vec_6,ts2vec_7,ts2vec_8,ts2vec_9,ts2vec_10,ts2vec_11,ts2vec_12,ts2vec_13,ts2vec_14,ts2vec_15,ts2vec_16,ts2vec_17,ts2vec_18,ts2vec_19,ts2vec_20,ts2vec_21,ts2vec_22,ts2vec_23,ts2vec_24,ts2vec_25,ts2vec_26,ts2vec_27,ts2vec_28,ts2vec_29,ts2vec_30,ts2vec_31
-0.4891928,0.9497029,1.1338217,-0.46021792,0.92972803,-0.2556277,-0.6418993,0.62739575,0.05009391,0.10929445,-0.33286145,-0.8541686,-0.27145696,-0.23980667,-0.6347705,-0.6315219,-0.18515678,-0.4775304,-0.26545376,-0.33089867,-0.3921053,0.46425605,0.44547647,0.3196289,-0.40576366,-0.2789481,-0.63059384,-0.32691702,0.03323258,-0.34690052,-0.38198304,-0.17851298
