ts2vec_0,ts2vec_1,ts2vec_2,ts2vec_3,ts2vec_4,ts2vec_5,ts2vec_6,ts2vec_7,ts2vec_8,ts2vec_9,ts2vec_10,ts2vec_11,ts2vec_12,ts2vec_13,ts2vec_14,ts2vec_15,ts2vec_16,ts2vec_17,ts2vec_18,ts2vec_19,ts2vec_20,ts2vec_21,ts2vec_22,ts2vec_23,ts2vec_24,ts2vec_25,ts2vec_26,ts2vec_27,ts2vec_28,ts2vec_29,ts2vec_30,ts2vec_31
-0.37831405,-0.13522491,-0.4354888,-0.44306636,-0.28989798,-0.310235,-0.074796215,0.013988085,-0.14127263,-0.005463643,-0.4371392,-0.05977222,-0.075345926,0.2929816,0.022075014,-0.11357317,-0.4250122,-0.067980066,-0.4658117,-0.3296341,-0.29306722,-0.0881866,-0.40524322,-0.09782015,-0.16786008,-0.6014959,-0.31838447,-0.17106226,0.10720557,0.112682626,0.015590895,-0.42983684
