ts2vec_0,ts2vec_1,ts2vec_2,ts2vec_3,ts2vec_4,ts2vec_5,ts2vec_6,ts2vec_7,ts2vec_8,ts2vec_9,ts2vec_10,ts2vec_11,ts2vec_12,ts2vec_13,ts2vec_14,ts2vec_15,ts2vec_16,ts2vec_17,ts2vec_18,ts2vec_19,ts2vec_20,ts2vec_21,ts2vec_22,ts2vec_23,ts2vec_24,ts2vec_25,ts2vec_26,ts2vec_27,ts2vec_28,ts2vec_29,ts2vec_30,ts2vec_31
-0.4052494,-0.58358616,-0.6214625,-0.33214164,-0.64396226,0.012297904,0.32990244,-0.40153673,-0.37342128,-0.2509313,0.3246644,-0.10272478,-0.040544834,0.017326681,-0.016025834,0.010190329,-0.44342455,-0.013618579,0.123926565,-0.05874165,-0.3749591,-0.2847822,-0.36657602,-0.7076241,-0.29659855,0.03833917,-0.11957079,-0.25592116,-0.3542155,0.024425013,-0.16074112,-0.32849127
