ts2vec_0,ts2vec_1,ts2vec_2,ts2vec_3,ts2vec_4,ts2vec_5,ts2vec_6,ts2vec_7,ts2vec_8,ts2vec_9,ts2vec_10,ts2vec_11,ts2vec_12,ts2vec_13,ts2vec_14,ts2vec_15,ts2vec_16,ts2vec_17,ts2vec_18,ts2vec_19,ts2vec_20,ts2vec_21,ts2vec_22,ts2vec_23,ts2vec_24,ts2vec_25,ts2vec_26,ts2vec_27,ts2vec_28,ts2vec_29,ts2vec_30,ts2vec_31
-0.64260393,-0.2522914,-0.6911776,0.0005277789,-0.3817359,-0.07588555,-0.16741484,-0.3428468,-0.3747426,-0.33307582,-0.38869253,0.34795967,-0.27399555,0.16929209,-0.0765684,0.27602783,-0.4854052,0.6618175,-0.031996388,-0.26503742,-0.27689028,-0.24684043,-0.503009,-0.19836232,-0.686489,-0.7512074,0.25188336,-0.18356255,-0.263824,-0.07895364,0.15555988,-0.46113005
