ts2vec_0,ts2vec_1,ts2vec_2,ts2vec_3,ts2vec_4,ts2vec_5,ts2vec_6,ts2vec_7,ts2vec_8,ts2vec_9,ts2vec_10,ts2vec_11,ts2vec_12,ts2vec_13,ts2vec_14,ts2vec_15,ts2vec_16,ts2vec_17,ts2vec_18,ts2vec_19,ts2vec_20,ts2vec_21,ts2vec_22,ts2vec_23,ts2vec_24,ts2vec_25,ts2vec_26,ts2vec_27,ts2vec_28,ts2vec_29,ts2vec_30,ts2vec_31
-0.37677303,-0.56488585,-0.72907555,-0.45458728,-0.6298056,-0.023107093,0.3227957,-0.18217216,-0.25820157,-0.038561206,0.14645052,0.027176088,-0.05757081,0.12693635,0.014631393,0.14940202,-0.43635777,-0.030801995,0.037310973,-0.009136464,-0.43149126,-0.16798407,-0.4830542,-0.7711601,-0.28909615,-0.16643865,-0.19122209,-0.24883813,-0.23356204,0.13675623,0.049722265,-0.4274708
