ts2vec_0,ts2vec_1,ts2vec_2,ts2vec_3,ts2vec_4,ts2vec_5,ts2vec_6,ts2vec_7,ts2vec_8,ts2vec_9,ts2vec_10,ts2vec_11,ts2vec_12,ts2vec_13,ts2vec_14,ts2vec_15,ts2vec_16,ts2vec_17,ts2vec_18,ts2vec_19,ts2vec_20,ts2vec_21,ts2vec_22,ts2vec_23,ts2vec_24,ts2vec_25,ts2vec_26,ts2vec_27,ts2vec_28,ts2vec_29,ts2vec_30,ts2vec_31
-0.4578563,-0.53626555,-0.7864612,-0.46051994,-0.6700243,-0.051336553,0.28437516,-0.11746536,-0.25873205,0.042929,0.09492388,0.13840184,-0.08102263,0.15377861,0.04078469,0.20991798,-0.4505458,0.053755462,0.002393184,0.06483086,-0.48495716,-0.12180287,-0.5231146,-0.72090834,-0.3690169,-0.31481847,-0.17120516,-0.23975018,-0.18647029,0.13095635,0.106072724,-0.48066416
