ts2vec_0,ts2vec_1,ts2vec_2,ts2vec_3,ts2vec_4,ts2vec_5,ts2vec_6,ts2vec_7,ts2vec_8,ts2vec_9,ts2vec_10,ts2vec_11,ts2vec_12,ts2vec_13,ts2vec_14,ts2vec_15,ts2vec_16,ts2vec_17,ts2vec_18,ts2vec_19,ts2vec_20,ts2vec_21,ts2vec_22,ts2vec_23,ts2vec_24,ts2vec_25,ts2vec_26,ts2vec_27,ts2vec_28,ts2vec_29,ts2vec_30,ts2vec_31
-0.40593642,-0.37359446,-0.6352108,-0.49192864,-0.49085662,-0.19028632,0.101558656,0.08242868,-0.13733344,0.11365402,-0.31313628,0.042974845,-0.10530206,0.26773077,0.0965384,0.09910899,-0.43808904,-0.0049738884,-0.32024926,-0.12788859,-0.40020007,-0.070201054,-0.50995594,-0.4400691,-0.30258507,-0.58976334,-0.31201693,-0.18713328,0.084478505,0.15690716,0.1452421,-0.4763629
