ts2vec_0,ts2vec_1,ts2vec_2,ts2vec_3,ts2vec_4,ts2vec_5,ts2vec_6,ts2vec_7,ts2vec_8,ts2vec_9,ts2vec_10,ts2vec_11,ts2vec_12,ts2vec_13,ts2vec_14,ts2vec_15,ts2vec_16,ts2vec_17,ts2vec_18,ts2vec_19,ts2vec_20,ts2vec_21,ts2vec_22,ts2vec_23,ts2vec_24,ts2vec_25,ts2vec_26,ts2vec_27,ts2vec_28,ts2vec_29,ts2vec_30,ts2vec_31
-0.37528387,0.69399756,0.31376484,-0.5001278,0.63062936,-0.40875375,-0.5754187,0.25695297,-0.11490281,0.20617417,-0.5663225,-0.19971454,-0.3879746,-0.12068904,-0.4159794,-0.13585043,-0.3434961,-0.18795945,-0.42009246,-0.29277596,-0.34094507,0.31604385,-0.038408484,0.14366253,-0.4485596,-0.5435068,-0.32782543,-0.36215952,-0.035411324,-0.22503643,0.09506179,-0.35387596
