ts2vec_0,ts2vec_1,ts2vec_2,ts2vec_3,ts2vec_4,ts2vec_5,ts2vec_6,ts2vec_7,ts2vec_8,ts2vec_9,ts2vec_10,ts2vec_11,ts2vec_12,ts2vec_13,ts2vec_14,ts2vec_15,ts2vec_16,ts2vec_17,ts2vec_18,ts2vec_19,ts2vec_20,ts2vec_21,ts2vec_22,ts2vec_23,ts2vec_24,ts2vec_25,ts2vec_26,ts2vec_27,ts2vec_28,ts2vec_29,ts2vec_30,ts2vec_31
-0.25567558,0.46619958,0.2992037,-0.5138457,0.51992273,-0.3624393,-0.4101417,0.20107786,-0.045732807,0.053490236,-0.5502022,-0.3570805,-0.25939193,0.013491325,-0.2857346,-0.26054734,-0.32848448,-0.3364275,-0.4327377,-0.4100054,-0.27499223,0.20599456,0.004732681,0.07285931,-0.21299173,-0.42108053,-0.41389963,-0.30838826,-0.009576648,-0.11845535,0.052239846,-0.28529945
