ts2vec_0,ts2vec_1,ts2vec_2,ts2vec_3,ts2vec_4,ts2vec_5,ts2vec_6,ts2vec_7,ts2vec_8,ts2vec_9,ts2vec_10,ts2vec_11,ts2vec_12,ts2vec_13,ts2vec_14,ts2vec_15,ts2vec_16,ts2vec_17,ts2vec_18,ts2vec_19,ts2vec_20,ts2vec_21,ts2vec_22,ts2vec_23,ts2vec_24,ts2vec_25,ts2vec_26,ts2vec_27,ts2vec_28,ts2vec_29,ts2vec_30,ts2vec_31
-0.3354854,0.13733451,0.45094958,-0.53420395,0.21355107,-0.25359246,-0.44957843,0.33600044,0.18627766,-0.20597595,-0.7542524,-0.7940594,-0.014749748,0.35379085,-0.27625695,-0.56392664,-0.33793458,-0.4480228,-0.33017895,-0.5409051,-0.25424153,-0.06257182,0.20408939,0.61453587,0.046724085,-0.68128085,-0.7034185,-0.107124805,0.19846605,0.011012055,-0.33684945,-0.18079576
