ts2vec_0,ts2vec_1,ts2vec_2,ts2vec_3,ts2vec_4,ts2vec_5,ts2vec_6,ts2vec_7,ts2vec_8,ts2vec_9,ts2vec_10,ts2vec_11,ts2vec_12,ts2vec_13,ts2vec_14,ts2vec_15,ts2vec_16,ts2vec_17,ts2vec_18,ts2vec_19,ts2vec_20,ts2vec_21,ts2vec_22,ts2vec_23,ts2vec_24,ts2vec_25,ts2vec_26,ts2vec_27,ts2vec_28,ts2vec_29,ts2vec_30,ts2vec_31
-0.4139911,-0.59364575,-0.6946842,-0.4272107,-0.6420677,0.026399799,0.3308792,-0.2658157,-0.3095735,-0.14241824,0.25543553,-0.00823837,-0.040086675,0.08643377,-0.05107109,0.1386641,-0.44151896,0.00011396256,0.18113108,0.0089461915,-0.43717885,-0.2053585,-0.42425072,-0.7758936,-0.31624153,-0.06404514,-0.14270772,-0.24359891,-0.34399307,0.101985425,-0.02709655,-0.40051594
