ts2vec_0,ts2vec_1,ts2vec_2,ts2vec_3,ts2vec_4,ts2vec_5,ts2vec_6,ts2vec_7,ts2vec_8,ts2vec_9,ts2vec_10,ts2vec_11,ts2vec_12,ts2vec_13,ts2vec_14,ts2vec_15,ts2vec_16,ts2vec_17,ts2vec_18,ts2vec_19,ts2vec_20,ts2vec_21,ts2vec_22,ts2vec_23,ts2vec_24,ts2vec_25,ts2vec_26,ts2vec_27,ts2vec_28,ts2vec_29,ts2vec_30,ts2vec_31
-0.4801908,0.04549026,-0.48042142,-0.30387157,-0.068597496,-0.29413176,-0.37172818,-0.027893828,-0.22036529,0.025954477,-0.6393596,0.26726982,-0.32934648,0.095064074,-0.123747975,0.15333714,-0.4135537,0.24282816,-0.36665785,-0.27277672,-0.3295252,-0.032433517,-0.44380334,-0.030300869,-0.5747273,-0.8608714,-0.07856859,-0.27406907,-0.081490844,-0.05322399,0.2811256,-0.4679121
