ts2vec_0,ts2vec_1,ts2vec_2,ts2vec_3,ts2vec_4,ts2vec_5,ts2vec_6,ts2vec_7,ts2vec_8,ts2vec_9,ts2vec_10,ts2vec_11,ts2vec_12,ts2vec_13,ts2vec_14,ts2vec_15,ts2vec_16,ts2vec_17,ts2vec_18,ts2vec_19,ts2vec_20,ts2vec_21,ts2vec_22,ts2vec_23,ts2vec_24,ts2vec_25,ts2vec_26,ts2vec_27,ts2vec_28,ts2vec_29,ts2vec_30,ts2vec_31
-0.21961527,-0.485174,-0.6318039,-0.5346482,-0.52540064,-0.17359844,0.2828245,0.009703182,-0.13312933,0.0536008,-0.15800624,-0.090517245,-0.027260344,0.2456813,0.14406532,0.032478493,-0.4010538,-0.22559737,-0.30346176,-0.1802467,-0.32739332,-0.13061456,-0.4924801,-0.65568686,-0.09044118,-0.30475464,-0.37648338,-0.19200647,0.033009887,0.2434124,0.11954254,-0.40538305
