ts2vec_0,ts2vec_1,ts2vec_2,ts2vec_3,ts2vec_4,ts2vec_5,ts2vec_6,ts2vec_7,ts2vec_8,ts2vec_9,ts2vec_10,ts2vec_11,ts2vec_12,ts2vec_13,ts2vec_14,ts2vec_15,ts2vec_16,ts2vec_17,ts2vec_18,ts2vec_19,ts2vec_20,ts2vec_21,ts2vec_22,ts2vec_23,ts2vec_24,ts2vec_25,ts2vec_26,ts2vec_27,ts2vec_28,ts2vec_29,ts2vec_30,ts2vec_31
-0.38729876,0.7882553,0.27192563,-0.27512187,0.7619968,-0.4229883,-0.59423095,0.19376203,-0.18960989,0.15675847,-0.46431223,0.12514323,-0.48304948,-0.29025096,-0.35003772,0.005351436,-0.2941239,0.026918296,-0.39359266,-0.22099301,-0.17948215,0.3024574,-0.083730035,0.09201427,-0.5559479,-0.4702585,-0.111290075,-0.4864454,-0.17978077,-0.22851007,0.25999624,-0.37352234
