ts2vec_0,ts2vec_1,ts2vec_2,ts2vec_3,ts2vec_4,ts2vec_5,ts2vec_6,ts2vec_7,ts2vec_8,ts2vec_9,ts2vec_10,ts2vec_11,ts2vec_12,ts2vec_13,ts2vec_14,ts2vec_15,ts2vec_16,ts2vec_17,ts2vec_18,ts2vec_19,ts2vec_20,ts2vec_21,ts2vec_22,ts2vec_23,ts2vec_24,ts2vec_25,ts2vec_26,ts2vec_27,ts2vec_28,ts2vec_29,ts2vec_30,ts2vec_31
-0.49963123,0.62519825,0.2981637,-0.3085839,0.646422,-0.34549186,-0.50581545,0.30203304,-0.14725508,0.2488813,-0.41017845,-0.014291063,-0.31507564,-0.1642429,-0.29356578,-0.115439564,-0.32617205,-0.075038634,-0.46397266,-0.2796328,-0.3010932,0.3744909,-0.024554163,0.25815368,-0.5186009,-0.53817683,-0.2875979,-0.37306276,-0.03270946,-0.17909165,0.027285844,-0.41130263
