ts2vec_0,ts2vec_1,ts2vec_2,ts2vec_3,ts2vec_4,ts2vec_5,ts2vec_6,ts2vec_7,ts2vec_8,ts2vec_9,ts2vec_10,ts2vec_11,ts2vec_12,ts2vec_13,ts2vec_14,ts2vec_15,ts2vec_16,ts2vec_17,ts2vec_18,ts2vec_19,ts2vec_20,ts2vec_21,ts2vec_22,ts2vec_23,ts2vec_24,ts2vec_25,ts2vec_26,ts2vec_27,ts2vec_28,ts2vec_29,ts2vec_30,ts2vec_31
-0.4947257,0.8910771,0.947841,-0.5222879,0.7806076,-0.27682984,-0.6822476,0.6609117,0.08884224,0.20482466,-0.38619417,-0.69957674,-0.33780238,-0.24137989,-0.6080705,-0.49652898,-0.23816772,-0.35742125,-0.24592018,-0.2036093,-0.41495964,0.47897148,0.3251166,0.29342502,-0.44034508,-0.38329166,-0.63051564,-0.39229417,0.06625841,-0.32759473,-0.29487628,-0.25103366
