ts2vec_0,ts2vec_1,ts2vec_2,ts2vec_3,ts2vec_4,ts2vec_5,ts2vec_6,ts2vec_7,ts2vec_8,ts2vec_9,ts2vec_10,ts2vec_11,ts2vec_12,ts2vec_13,ts2vec_14,ts2vec_15,ts2vec_16,ts2vec_17,ts2vec_18,ts2vec_19,ts2vec_20,ts2vec_21,ts2vec_22,ts2vec_23,ts2vec_24,ts2vec_25,ts2vec_26,ts2vec_27,ts2vec_28,ts2vec_29,ts2vec_30,ts2vec_31
-0.32692423,0.7526634,0.5162081,-0.42029873,0.807589,-0.330752,-0.5221246,0.3044585,-0.16512229,0.24010836,-0.33564365,-0.3295368,-0.3628579,-0.25850987,-0.38842952,-0.26786166,-0.24694331,-0.28798115,-0.42734548,-0.3355193,-0.3130515,0.40351126,0.11392724,0.10508398,-0.43053016,-0.32190996,-0.36475477,-0.37626353,-0.08956645,-0.31826556,-0.05733266,-0.27784032
