ts2vec_0,ts2vec_1,ts2vec_2,ts2vec_3,ts2vec_4,ts2vec_5,ts2vec_6,ts2vec_7,ts2vec_8,ts2vec_9,ts2vec_10,ts2vec_11,ts2vec_12,ts2vec_13,ts2vec_14,ts2vec_15,ts2vec_16,ts2vec_17,ts2vec_18,ts2vec_19,ts2vec_20,ts2vec_21,ts2vec_22,ts2vec_23,ts2vec_24,ts2vec_25,ts2vec_26,ts2vec_27,ts2vec_28,ts2vec_29,ts2vec_30,ts2vec_31
-0.4240893,1.1143874,1.1157131,-0.4564688,1.1209556,-0.31786615,-0.56661576,0.5301044,-0.09489399,0.22933389,-0.21072839,-0.6982576,-0.34410983,-0.33671921,-0.6069349,-0.50129694,-0.21169469,-0.4651009,-0.337539,-0.29313865,-0.39252573,0.58547,0.37419364,0.095428675,-0.4556985,-0.09240921,-0.5039028,-0.38694263,-0.009710857,-0.42294195,-0.25012782,-0.1904871
