ts2vec_0,ts2vec_1,ts2vec_2,ts2vec_3,ts2vec_4,ts2vec_5,ts2vec_6,ts2vec_7,ts2vec_8,ts2vec_9,ts2vec_10,ts2vec_11,ts2vec_12,ts2vec_13,ts2vec_14,ts2vec_15,ts2vec_16,ts2vec_17,ts2vec_18,ts2vec_19,ts2vec_20,ts2vec_21,ts2vec_22,ts2vec_23,ts2vec_24,ts2vec_25,ts2vec_26,ts2vec_27,ts2vec_28,ts2vec_29,ts2vec_30,ts2vec_31
-0.309596,0.36778826,0.02512622,-0.36074084,0.42647865,-0.36835313,-0.42876616,0.054774523,-0.15176818,0.073073134,-0.5526375,-0.065031715,-0.33300662,-0.07585507,-0.18173529,-0.12578522,-0.3255013,-0.1380652,-0.5004001,-0.393952,-0.23233145,0.101854086,-0.15515663,0.08053146,-0.37479278,-0.5722803,-0.27471107,-0.4022754,-0.0790568,-0.10639475,0.15224867,-0.33561587
