ts2vec_0,ts2vec_1,ts2vec_2,ts2vec_3,ts2vec_4,ts2vec_5,ts2vec_6,ts2vec_7,ts2vec_8,ts2vec_9,ts2vec_10,ts2vec_11,ts2vec_12,ts2vec_13,ts2vec_14,ts2vec_15,ts2vec_16,ts2vec_17,ts2vec_18,ts2vec_19,ts2vec_20,ts2vec_21,ts2vec_22,ts2vec_23,ts2vec_24,ts2vec_25,ts2vec_26,ts2vec_27,ts2vec_28,ts2vec_29,ts2vec_30,ts2vec_31
-0.40578628,0.982107,0.6495126,-0.41704628,0.9375924,-0.3849526,-0.58813673,0.42266503,-0.093375795,0.2736827,-0.3088883,-0.20595841,-0.47253376,-0.33525017,-0.47579747,-0.17769648,-0.26802513,-0.18488415,-0.37278277,-0.18371665,-0.31462282,0.5289065,0.12118785,0.022045068,-0.5204769,-0.28433928,-0.30562204,-0.49282053,-0.0679651,-0.32258335,0.07395532,-0.33142692
