ts2vec_0,ts2vec_1,ts2vec_2,ts2vec_3,ts2vec_4,ts2vec_5,ts2vec_6,ts2vec_7,ts2vec_8,ts2vec_9,ts2vec_10,ts2vec_11,ts2vec_12,ts2vec_13,ts2vec_14,ts2vec_15,ts2vec_16,ts2vec_17,ts2vec_18,ts2vec_19,ts2vec_20,ts2vec_21,ts2vec_22,ts2vec_23,ts2vec_24,ts2vec_25,ts2vec_26,ts2vec_27,ts2vec_28,ts2vec_29,ts2vec_30,ts2vec_31
-0.5098108,0.010932385,-0.3588458,-0.36127114,-0.10786543,-0.2712202,-0.33088124,0.08333647,-0.104024746,0.12426458,-0.5632109,0.08960698,-0.28630477,0.0652167,-0.016106304,0.018750515,-0.4140838,0.12801668,-0.3952098,-0.18232264,-0.34121656,-0.03035684,-0.4112717,0.113733456,-0.47024122,-0.8477146,-0.28827208,-0.34788463,0.03635451,-0.013370035,0.10789758,-0.4489957
