ts2vec_0,ts2vec_1,ts2vec_2,ts2vec_3,ts2vec_4,ts2vec_5,ts2vec_6,ts2vec_7,ts2vec_8,ts2vec_9,ts2vec_10,ts2vec_11,ts2vec_12,ts2vec_13,ts2vec_14,ts2vec_15,ts2vec_16,ts2vec_17,ts2vec_18,ts2vec_19,ts2vec_20,ts2vec_21,ts2vec_22,ts2vec_23,ts2vec_24,ts2vec_25,ts2vec_26,ts2vec_27,ts2vec_28,ts2vec_29,ts2vec_30,ts2vec_31
-0.46935362,-0.0012926931,0.43406877,-0.49057284,-0.010046933,-0.21903637,-0.36511835,0.36327833,0.35963032,-0.41263965,-0.72940665,-0.944989,0.09225639,0.53367907,-0.21970108,-0.72317654,-0.31949928,-0.49337772,-0.24099287,-0.5104825,-0.16777751,-0.29280496,0.24457568,0.78420955,0.20955831,-0.8035207,-0.71941704,-0.029326757,0.2684868,0.17812544,-0.5356328,-0.16563101
