ts2vec_0,ts2vec_1,ts2vec_2,ts2vec_3,ts2vec_4,ts2vec_5,ts2vec_6,ts2vec_7,ts2vec_8,ts2vec_9,ts2vec_10,ts2vec_11,ts2vec_12,ts2vec_13,ts2vec_14,ts2vec_15,ts2vec_16,ts2vec_17,ts2vec_18,ts2vec_19,ts2vec_20,ts2vec_21,ts2vec_22,ts2vec_23,ts2vec_24,ts2vec_25,ts2vec_26,ts2vec_27,ts2vec_28,ts2vec_29,ts2vec_30,ts2vec_31
-0.55115044,-0.42030692,-0.62008834,-0.032573443,-0.46533284,0.016285948,0.06946109,-0.37578428,-0.36826423,-0.25406006,-0.205256,0.0708733,-0.14376101,0.07250275,0.14111944,0.08388016,-0.48433828,0.40773597,-0.09836831,-0.20862314,-0.24087147,-0.33370918,-0.5059259,-0.3206353,-0.51402247,-0.4616097,0.028991442,-0.2370348,-0.20672421,-0.053176515,0.004469146,-0.3924112
