ts2vec_0,ts2vec_1,ts2vec_2,ts2vec_3,ts2vec_4,ts2vec_5,ts2vec_6,ts2vec_7,ts2vec_8,ts2vec_9,ts2vec_10,ts2vec_11,ts2vec_12,ts2vec_13,ts2vec_14,ts2vec_15,ts2vec_16,ts2vec_17,ts2vec_18,ts2vec_19,ts2vec_20,ts2vec_21,ts2vec_22,ts2vec_23,ts2vec_24,ts2vec_25,ts2vec_26,ts2vec_27,ts2vec_28,ts2vec_29,ts2vec_30,ts2vec_31
-0.27125713,-0.026906729,-0.14326479,-0.48331216,0.007377938,-0.30859873,-0.1668703,0.09455771,-0.03618872,-0.01859412,-0.50615287,-0.33211675,-0.12703696,0.18054521,-0.006909191,-0.28043702,-0.33938327,-0.285584,-0.49904856,-0.42060938,-0.23199686,-0.050098784,-0.16268496,0.116944365,-0.058283206,-0.6071134,-0.45053342,-0.21602939,0.08795588,0.023607278,-0.09627917,-0.28254032
