ts2vec_0,ts2vec_1,ts2vec_2,ts2vec_3,ts2vec_4,ts2vec_5,ts2vec_6,ts2vec_7,ts2vec_8,ts2vec_9,ts2vec_10,ts2vec_11,ts2vec_12,ts2vec_13,ts2vec_14,ts2vec_15,ts2vec_16,ts2vec_17,ts2vec_18,ts2vec_19,ts2vec_20,ts2vec_21,ts2vec_22,ts2vec_23,ts2vec_24,ts2vec_25,ts2vec_26,ts2vec_27,ts2vec_28,ts2vec_29,ts2vec_30,ts2vec_31
-0.500394,0.26228935,-0.41098076,0.014042739,0.1727248,-0.32814932,-0.4967943,-0.21635485,-0.3920077,-0.08449378,-0.593115,0.4812485,-0.397745,-0.11843043,-0.11297123,0.22017914,-0.37924263,0.49273148,-0.33615,-0.3122776,-0.08756567,-0.110874906,-0.4323603,0.12605576,-0.69258916,-0.7426663,0.16239998,-0.3456556,-0.29446205,-0.13041662,0.33429492,-0.47388458
