ts2vec_0,ts2vec_1,ts2vec_2,ts2vec_3,ts2vec_4,ts2vec_5,ts2vec_6,ts2vec_7,ts2vec_8,ts2vec_9,ts2vec_10,ts2vec_11,ts2vec_12,ts2vec_13,ts2vec_14,ts2vec_15,ts2vec_16,ts2vec_17,ts2vec_18,ts2vec_19,ts2vec_20,ts2vec_21,ts2vec_22,ts2vec_23,ts2vec_24,ts2vec_25,ts2vec_26,ts2vec_27,ts2vec_28,ts2vec_29,ts2vec_30,ts2vec_31
-0.5548601,-0.0841827,-0.42926744,-0.5083269,-0.3122242,-0.28697482,-0.14245819,0.24170475,-0.059541173,0.25138608,-0.37440756,0.03122949,-0.13931122,0.16777542,0.020218432,0.009474095,-0.44198474,0.02447655,-0.40726167,-0.055827733,-0.4336015,0.040629722,-0.4067453,0.014810494,-0.40017602,-0.7828084,-0.39413458,-0.23896262,0.16788995,0.05982395,-0.029713554,-0.5050476
