ts2vec_0,ts2vec_1,ts2vec_2,ts2vec_3,ts2vec_4,ts2vec_5,ts2vec_6,ts2vec_7,ts2vec_8,ts2vec_9,ts2vec_10,ts2vec_11,ts2vec_12,ts2vec_13,ts2vec_14,ts2vec_15,ts2vec_16,ts2vec_17,ts2vec_18,ts2vec_19,ts2vec_20,ts2vec_21,ts2vec_22,ts2vec_23,ts2vec_24,ts2vec_25,ts2vec_26,ts2vec_27,ts2vec_28,ts2vec_29,ts2vec_30,ts2vec_31
-0.4339728,-0.5958597,-0.309085,-0.17366117,-0.5879394,0.06237396,0.3026485,-0.61523944,-0.4434489,-0.56841516,0.5183675,-0.3261302,-0.04432844,-0.16365862,-0.15122452,-0.24088676,-0.43084896,0.0016024117,0.37502444,-0.1050924,-0.21777314,-0.4461088,-0.097831294,-0.6173951,-0.3365774,0.3942484,-0.106037505,-0.27356556,-0.62268203,-0.17217295,-0.45466635,-0.21490407
