ts2vec_0,ts2vec_1,ts2vec_2,ts2vec_3,ts2vec_4,ts2vec_5,ts2vec_6,ts2vec_7,ts2vec_8,ts2vec_9,ts2vec_10,ts2vec_11,ts2vec_12,ts2vec_13,ts2vec_14,ts2vec_15,ts2vec_16,ts2vec_17,ts2vec_18,ts2vec_19,ts2vec_20,ts2vec_21,ts2vec_22,ts2vec_23,ts2vec_24,ts2vec_25,ts2vec_26,ts2vec_27,ts2vec_28,ts2vec_29,ts2vec_30,ts2vec_31
-0.3328285,-0.5970679,-0.5244348,-0.33588052,-0.66966206,-0.03940902,0.3691928,-0.43927386,-0.35441515,-0.2513689,0.48177055,-0.15602909,-0.053413734,-0.051411346,-0.019721294,-0.084428534,-0.4328204,-0.15786462,0.16757682,0.047285672,-0.35933045,-0.34312558,-0.27036035,-0.69214773,-0.22807495,0.1968905,-0.20422515,-0.31104618,-0.42696175,0.01680046,-0.26157144,-0.31402436
