ts2vec_0,ts2vec_1,ts2vec_2,ts2vec_3,ts2vec_4,ts2vec_5,ts2vec_6,ts2vec_7,ts2vec_8,ts2vec_9,ts2vec_10,ts2vec_11,ts2vec_12,ts2vec_13,ts2vec_14,ts2vec_15,ts2vec_16,ts2vec_17,ts2vec_18,ts2vec_19,ts2vec_20,ts2vec_21,ts2vec_22,ts2vec_23,ts2vec_24,ts2vec_25,ts2vec_26,ts2vec_27,ts2vec_28,ts2vec_29,ts2vec_30,ts2vec_31
-0.5101788,-0.1869327,-0.51618594,-0.24809392,-0.28644824,-0.19983824,-0.1765338,-0.09799595,-0.19745319,-0.013412898,-0.47137564,0.115475826,-0.21585383,0.14190237,0.08652503,0.08511664,-0.44135663,0.21533269,-0.3313724,-0.19661558,-0.28940472,-0.17110562,-0.4666883,-0.022558296,-0.4394581,-0.7457348,-0.16620803,-0.2708218,-0.010216311,0.029070372,0.113917366,-0.4586
