ts2vec_0,ts2vec_1,ts2vec_2,ts2vec_3,ts2vec_4,ts2vec_5,ts2vec_6,ts2vec_7,ts2vec_8,ts2vec_9,ts2vec_10,ts2vec_11,ts2vec_12,ts2vec_13,ts2vec_14,ts2vec_15,ts2vec_16,ts2vec_17,ts2vec_18,ts2vec_19,ts2vec_20,ts2vec_21,ts2vec_22,ts2vec_23,ts2vec_24,ts2vec_25,ts2vec_26,ts2vec_27,ts2vec_28,ts2vec_29,ts2vec_30,ts2vec_31
-0.45107067,0.96234185,1.017505,-0.5095954,0.9096982,-0.29532337,-0.6382396,0.61772114,0.047290646,0.19504319,-0.31718463,-0.70967156,-0.3660344,-0.28325367,-0.6066699,-0.49804297,-0.2191795,-0.40370873,-0.28049684,-0.23623534,-0.40521184,0.52547157,0.35277584,0.16202924,-0.4322226,-0.25009143,-0.59021527,-0.4091509,0.040297516,-0.36170405,-0.25039563,-0.22533746
