ts2vec_0,ts2vec_1,ts2vec_2,ts2vec_3,ts2vec_4,ts2vec_5,ts2vec_6,ts2vec_7,ts2vec_8,ts2vec_9,ts2vec_10,ts2vec_11,ts2vec_12,ts2vec_13,ts2vec_14,ts2vec_15,ts2vec_16,ts2vec_17,ts2vec_18,ts2vec_19,ts2vec_20,ts2vec_21,ts2vec_22,ts2vec_23,ts2vec_24,ts2vec_25,ts2vec_26,ts2vec_27,ts2vec_28,ts2vec_29,ts2vec_30,ts2vec_31
-0.40006033,0.91064763,1.0525806,-0.4721328,0.9315418,-0.31666356,-0.5370443,0.46670017,-0.017493673,0.033296954,-0.30817446,-0.83315253,-0.26210058,-0.2105829,-0.5638172,-0.62304497,-0.1857101,-0.52625895,-0.34352922,-0.40081534,-0.34871393,0.42616835,0.38926604,0.17614889,-0.29940838,-0.16008794,-0.56800026,-0.3260581,0.012013427,-0.34575024,-0.33569667,-0.1287611
