ts2vec_0,ts2vec_1,ts2vec_2,ts2vec_3,ts2vec_4,ts2vec_5,ts2vec_6,ts2vec_7,ts2vec_8,ts2vec_9,ts2vec_10,ts2vec_11,ts2vec_12,ts2vec_13,ts2vec_14,ts2vec_15,ts2vec_16,ts2vec_17,ts2vec_18,ts2vec_19,ts2vec_20,ts2vec_21,ts2vec_22,ts2vec_23,ts2vec_24,ts2vec_25,ts2vec_26,ts2vec_27,ts2vec_28,ts2vec_29,ts2vec_30,ts2vec_31
-0.15667222,-0.48212972,-0.59438336,-0.57734984,-0.58920854,-0.2975277,0.40099385,-0.0006812523,-0.14202544,0.11988264,0.08694601,-0.16477107,-0.026007209,0.1448687,0.20070519,-0.017438648,-0.41561645,-0.38150084,-0.38404903,-0.033894632,-0.31633073,-0.19382006,-0.44785938,-0.6278418,0.015625075,-0.18603005,-0.44878858,-0.20945837,0.13508777,0.2603014,-0.06074875,-0.3534994
