ts2vec_0,ts2vec_1,ts2vec_2,ts2vec_3,ts2vec_4,ts2vec_5,ts2vec_6,ts2vec_7,ts2vec_8,ts2vec_9,ts2vec_10,ts2vec_11,ts2vec_12,ts2vec_13,ts2vec_14,ts2vec_15,ts2vec_16,ts2vec_17,ts2vec_18,ts2vec_19,ts2vec_20,ts2vec_21,ts2vec_22,ts2vec_23,ts2vec_24,ts2vec_25,ts2vec_26,ts2vec_27,ts2vec_28,ts2vec_29,ts2vec_30,ts2vec_31
-0.34632817,-0.41040176,-0.5048993,-0.47888482,-0.46458516,-0.25613406,0.15576148,-0.08655778,-0.088506155,-0.020622285,-0.30256397,-0.21569972,-0.07021414,0.2557344,0.2013306,-0.15109304,-0.4210158,-0.21148524,-0.4609791,-0.24094541,-0.33835843,-0.23003909,-0.44619274,-0.27288485,-0.10924295,-0.5567384,-0.45106423,-0.2562249,0.13452278,0.17134097,-0.06790436,-0.36076593
