ts2vec_0,ts2vec_1,ts2vec_2,ts2vec_3,ts2vec_4,ts2vec_5,ts2vec_6,ts2vec_7,ts2vec_8,ts2vec_9,ts2vec_10,ts2vec_11,ts2vec_12,ts2vec_13,ts2vec_14,ts2vec_15,ts2vec_16,ts2vec_17,ts2vec_18,ts2vec_19,ts2vec_20,ts2vec_21,ts2vec_22,ts2vec_23,ts2vec_24,ts2vec_25,ts2vec_26,ts2vec_27,ts2vec_28,ts2vec_29,ts2vec_30,ts2vec_31
-0.48008424,-0.5118091,-0.6565458,-0.13988312,-0.5740408,0.029851839,0.1572936,-0.3571718,-0.34016922,-0.18911518,0.0065040193,0.088707946,-0.12083961,0.03400339,0.13323945,0.112243846,-0.46471295,0.29229683,0.029308343,-0.046666056,-0.2957253,-0.3118576,-0.45321497,-0.4516959,-0.44010028,-0.30085668,-0.02972939,-0.2536718,-0.2992683,-0.045561362,-0.012558457,-0.40221807
