ts2vec_0,ts2vec_1,ts2vec_2,ts2vec_3,ts2vec_4,ts2vec_5,ts2vec_6,ts2vec_7,ts2vec_8,ts2vec_9,ts2vec_10,ts2vec_11,ts2vec_12,ts2vec_13,ts2vec_14,ts2vec_15,ts2vec_16,ts2vec_17,ts2vec_18,ts2vec_19,ts2vec_20,ts2vec_21,ts2vec_22,ts2vec_23,ts2vec_24,ts2vec_25,ts2vec_26,ts2vec_27,ts2vec_28,ts2vec_29,ts2vec_30,ts2vec_31
-0.41805845,1.2344581,1.4574826,-0.46574482,1.2706906,-0.29111403,-0.61511785,0.6122351,-0.057021197,0.12146656,-0.15334345,-0.9865281,-0.3228551,-0.39712307,-0.7398262,-0.714326,-0.12729685,-0.59871405,-0.27587086,-0.34756914,-0.40733948,0.6234091,0.5914153,0.06157902,-0.4307879,0.08570317,-0.5968448,-0.37525123,-0.031855185,-0.51032907,-0.38533843,-0.109164506
