ts2vec_0,ts2vec_1,ts2vec_2,ts2vec_3,ts2vec_4,ts2vec_5,ts2vec_6,ts2vec_7,ts2vec_8,ts2vec_9,ts2vec_10,ts2vec_11,ts2vec_12,ts2vec_13,ts2vec_14,ts2vec_15,ts2vec_16,ts2vec_17,ts2vec_18,ts2vec_19,ts2vec_20,ts2vec_21,ts2vec_22,ts2vec_23,ts2vec_24,ts2vec_25,ts2vec_26,ts2vec_27,ts2vec_28,ts2vec_29,ts2vec_30,ts2vec_31
-0.49948078,-0.34231013,-0.6271991,-0.32755443,-0.4614319,-0.16375467,-0.0059222765,-0.099182054,-0.18111056,0.03405895,-0.29030263,0.12618689,-0.1818299,0.13007233,0.15327598,0.09513749,-0.44402003,0.15040113,-0.27711344,-0.061064467,-0.3772179,-0.1770524,-0.49774233,-0.2286709,-0.4111277,-0.6609901,-0.21990997,-0.31175488,-0.026461724,0.055685245,0.08108726,-0.47733897
