ts2vec_0,ts2vec_1,ts2vec_2,ts2vec_3,ts2vec_4,ts2vec_5,ts2vec_6,ts2vec_7,ts2vec_8,ts2vec_9,ts2vec_10,ts2vec_11,ts2vec_12,ts2vec_13,ts2vec_14,ts2vec_15,ts2vec_16,ts2vec_17,ts2vec_18,ts2vec_19,ts2vec_20,ts2vec_21,ts2vec_22,ts2vec_23,ts2vec_24,ts2vec_25,ts2vec_26,ts2vec_27,ts2vec_28,ts2vec_29,ts2vec_30,ts2vec_31
-0.50130576,0.7862485,1.1644186,-0.49224544,0.76113904,-0.22338697,-0.694491,0.6225869,0.1491744,-0.076717794,-0.50236714,-1.0597594,-0.15658912,-0.07488514,-0.65456796,-0.79572487,-0.18859656,-0.52933025,-0.20532422,-0.40716133,-0.36016747,0.26390168,0.52740175,0.59378046,-0.27128097,-0.41630533,-0.72858876,-0.22946021,0.0696626,-0.27082494,-0.5307981,-0.123545945
