ts2vec_0,ts2vec_1,ts2vec_2,ts2vec_3,ts2vec_4,ts2vec_5,ts2vec_6,ts2vec_7,ts2vec_8,ts2vec_9,ts2vec_10,ts2vec_11,ts2vec_12,ts2vec_13,ts2vec_14,ts2vec_15,ts2vec_16,ts2vec_17,ts2vec_18,ts2vec_19,ts2vec_20,ts2vec_21,ts2vec_22,ts2vec_23,ts2vec_24,ts2vec_25,ts2vec_26,ts2vec_27,ts2vec_28,ts2vec_29,ts2vec_30,ts2vec_31
-0.22052309,-0.29371363,-0.2698357,-0.5533054,-0.2800477,-0.32730258,0.1595821,0.07022459,0.037012495,-0.10125603,-0.38542336,-0.44057393,0.045606077,0.40855402,0.19734102,-0.302493,-0.39663178,-0.41858608,-0.5289172,-0.37521052,-0.17681012,-0.24847294,-0.2438839,-0.05660612,0.18530641,-0.5369574,-0.5239629,-0.10668724,0.29683927,0.3077241,-0.14396772,-0.25616333
