ts2vec_0,ts2vec_1,ts2vec_2,ts2vec_3,ts2vec_4,ts2vec_5,ts2vec_6,ts2vec_7,ts2vec_8,ts2vec_9,ts2vec_10,ts2vec_11,ts2vec_12,ts2vec_13,ts2vec_14,ts2vec_15,ts2vec_16,ts2vec_17,ts2vec_18,ts2vec_19,ts2vec_20,ts2vec_21,ts2vec_22,ts2vec_23,ts2vec_24,ts2vec_25,ts2vec_26,ts2vec_27,ts2vec_28,ts2vec_29,ts2vec_30,ts2vec_31
-0.55502594,-0.52727205,-0.71043694,-0.2617574,-0.68031067,-0.0047651576,0.21792091,-0.29586363,-0.29509783,-0.07821154,0.068175316,0.11896906,-0.11370653,0.1053409,0.17833754,0.11726696,-0.48186243,0.24694265,-0.011959955,0.058039494,-0.4295557,-0.2619287,-0.519936,-0.4829698,-0.4420695,-0.37207988,-0.078730665,-0.27592024,-0.2155402,0.013821811,-0.03229095,-0.4665301
