ts2vec_0,ts2vec_1,ts2vec_2,ts2vec_3,ts2vec_4,ts2vec_5,ts2vec_6,ts2vec_7,ts2vec_8,ts2vec_9,ts2vec_10,ts2vec_11,ts2vec_12,ts2vec_13,ts2vec_14,ts2vec_15,ts2vec_16,ts2vec_17,ts2vec_18,ts2vec_19,ts2vec_20,ts2vec_21,ts2vec_22,ts2vec_23,ts2vec_24,ts2vec_25,ts2vec_26,ts2vec_27,ts2vec_28,ts2vec_29,ts2vec_30,ts2vec_31
-0.6408565,-0.34489086,-0.6680185,0.045039352,-0.46203896,0.014974543,-0.056001406,-0.40804958,-0.39938703,-0.24841678,-0.2605589,0.26446658,-0.18512863,0.07120884,0.11901781,0.18932545,-0.4859236,0.6116632,-0.038376573,-0.16592403,-0.2465241,-0.31708717,-0.53492,-0.21648462,-0.6495401,-0.57043976,0.1502402,-0.23158997,-0.2807711,-0.08358301,0.08331381,-0.4818702
