ts2vec_0,ts2vec_1,ts2vec_2,ts2vec_3,ts2vec_4,ts2vec_5,ts2vec_6,ts2vec_7,ts2vec_8,ts2vec_9,ts2vec_10,ts2vec_11,ts2vec_12,ts2vec_13,ts2vec_14,ts2vec_15,ts2vec_16,ts2vec_17,ts2vec_18,ts2vec_19,ts2vec_20,ts2vec_21,ts2vec_22,ts2vec_23,ts2vec_24,ts2vec_25,ts2vec_26,ts2vec_27,ts2vec_28,ts2vec_29,ts2vec_30,ts2vec_31
-0.391392,1.2394581,1.3832525,-0.50672966,1.2541372,-0.31294134,-0.58917326,0.6644865,0.0076557496,0.19104525,-0.07358279,-0.8771395,-0.43848908,-0.4538827,-0.7159095,-0.59850883,-0.1367869,-0.5473602,-0.267549,-0.25058103,-0.42436463,0.71726465,0.5381841,-0.18132125,-0.44792452,0.16014095,-0.58553547,-0.47689992,-0.0056616515,-0.5225052,-0.25502056,-0.15768914
