ts2vec_0,ts2vec_1,ts2vec_2,ts2vec_3,ts2vec_4,ts2vec_5,ts2vec_6,ts2vec_7,ts2vec_8,ts2vec_9,ts2vec_10,ts2vec_11,ts2vec_12,ts2vec_13,ts2vec_14,ts2vec_15,ts2vec_16,ts2vec_17,ts2vec_18,ts2vec_19,ts2vec_20,ts2vec_21,ts2vec_22,ts2vec_23,ts2vec_24,ts2vec_25,ts2vec_26,ts2vec_27,ts2vec_28,ts2vec_29,ts2vec_30,ts2vec_31
-0.4626708,0.35701966,-0.1898572,-0.228498,0.2730112,-0.3447585,-0.52251095,0.03715574,-0.20794924,0.09050034,-0.6028339,0.2503719,-0.40418082,-0.10690846,-0.16341673,0.0914445,-0.36822024,0.21304622,-0.38926536,-0.23401971,-0.21276145,0.044986054,-0.32769898,0.17633113,-0.57906085,-0.76395804,-0.0963212,-0.40991703,-0.13934043,-0.11289239,0.26214516,-0.4308377
