ts2vec_0,ts2vec_1,ts2vec_2,ts2vec_3,ts2vec_4,ts2vec_5,ts2vec_6,ts2vec_7,ts2vec_8,ts2vec_9,ts2vec_10,ts2vec_11,ts2vec_12,ts2vec_13,ts2vec_14,ts2vec_15,ts2vec_16,ts2vec_17,ts2vec_18,ts2vec_19,ts2vec_20,ts2vec_21,ts2vec_22,ts2vec_23,ts2vec_24,ts2vec_25,ts2vec_26,ts2vec_27,ts2vec_28,ts2vec_29,ts2vec_30,ts2vec_31
-0.3852006,0.67476773,0.32619986,-0.40009943,0.6737913,-0.3624606,-0.5530015,0.2796561,-0.1139627,0.20535156,-0.4638083,-0.14605217,-0.39145273,-0.20822974,-0.34633663,-0.16411152,-0.29249635,-0.14577895,-0.44829315,-0.31451178,-0.2654042,0.32194903,-0.006539865,0.164456,-0.4640658,-0.50406665,-0.30914474,-0.4139585,-0.05643467,-0.22235136,0.054951012,-0.3213345
