ts2vec_0,ts2vec_1,ts2vec_2,ts2vec_3,ts2vec_4,ts2vec_5,ts2vec_6,ts2vec_7,ts2vec_8,ts2vec_9,ts2vec_10,ts2vec_11,ts2vec_12,ts2vec_13,ts2vec_14,ts2vec_15,ts2vec_16,ts2vec_17,ts2vec_18,ts2vec_19,ts2vec_20,ts2vec_21,ts2vec_22,ts2vec_23,ts2vec_24,ts2vec_25,ts2vec_26,ts2vec_27,ts2vec_28,ts2vec_29,ts2vec_30,ts2vec_31
-0.29057798,0.027367854,-0.5281605,-0.14891511,-0.20167549,-0.30822754,-0.24894202,-0.35026464,-0.3162764,-0.22394948,-0.43097866,0.24795105,-0.25190413,0.057350747,-0.035600543,0.040892806,-0.38265526,0.23551187,-0.38039494,-0.4005554,-0.06941549,-0.19180533,-0.510045,-0.13322124,-0.28756857,-0.4299458,0.07258569,-0.2939919,-0.24366185,-0.051144212,0.17123915,-0.4204133
