ts2vec_0,ts2vec_1,ts2vec_2,ts2vec_3,ts2vec_4,ts2vec_5,ts2vec_6,ts2vec_7,ts2vec_8,ts2vec_9,ts2vec_10,ts2vec_11,ts2vec_12,ts2vec_13,ts2vec_14,ts2vec_15,ts2vec_16,ts2vec_17,ts2vec_18,ts2vec_19,ts2vec_20,ts2vec_21,ts2vec_22,ts2vec_23,ts2vec_24,ts2vec_25,ts2vec_26,ts2vec_27,ts2vec_28,ts2vec_29,ts2vec_30,ts2vec_31
-0.4277532,0.834008,0.45276266,-0.39624664,0.76339,-0.3809439,-0.60665435,0.38479933,-0.093439184,0.27042297,-0.4044559,-0.07974885,-0.45497337,-0.27364093,-0.4150512,-0.09742751,-0.30009168,-0.09517788,-0.36540303,-0.1551574,-0.30210772,0.43182474,0.009664605,0.11717188,-0.53732216,-0.45072076,-0.2894546,-0.4723275,-0.07450861,-0.26124057,0.118951224,-0.3744667
