ts2vec_0,ts2vec_1,ts2vec_2,ts2vec_3,ts2vec_4,ts2vec_5,ts2vec_6,ts2vec_7,ts2vec_8,ts2vec_9,ts2vec_10,ts2vec_11,ts2vec_12,ts2vec_13,ts2vec_14,ts2vec_15,ts2vec_16,ts2vec_17,ts2vec_18,ts2vec_19,ts2vec_20,ts2vec_21,ts2vec_22,ts2vec_23,ts2vec_24,ts2vec_25,ts2vec_26,ts2vec_27,ts2vec_28,ts2vec_29,ts2vec_30,ts2vec_31
-0.48259673,-0.3291174,-0.60904926,-0.22102822,-0.46774018,-0.111961655,0.064957425,-0.29445586,-0.27122787,-0.12234985,-0.22106889,0.022709116,-0.1363464,0.112860754,0.15271167,-0.010867825,-0.4477968,0.2071163,-0.2658559,-0.23092331,-0.2821813,-0.27759007,-0.49323502,-0.29325694,-0.412971,-0.49534076,-0.12499236,-0.27279168,-0.083001286,0.01238465,-0.025258876,-0.40889335
