ts2vec_0,ts2vec_1,ts2vec_2,ts2vec_3,ts2vec_4,ts2vec_5,ts2vec_6,ts2vec_7,ts2vec_8,ts2vec_9,ts2vec_10,ts2vec_11,ts2vec_12,ts2vec_13,ts2vec_14,ts2vec_15,ts2vec_16,ts2vec_17,ts2vec_18,ts2vec_19,ts2vec_20,ts2vec_21,ts2vec_22,ts2vec_23,ts2vec_24,ts2vec_25,ts2vec_26,ts2vec_27,ts2vec_28,ts2vec_29,ts2vec_30,ts2vec_31
-0.64098024,-0.43862346,-0.64256746,0.029049972,-0.5678308,0.0941795,0.08247386,-0.47257298,-0.4131818,-0.33635968,-0.0833911,0.13735388,-0.13441114,0.05600183,0.13429882,0.09739848,-0.49094296,0.58057207,0.07180925,-0.15100001,-0.26112607,-0.3639963,-0.50265485,-0.34400424,-0.6030694,-0.40346867,0.1433811,-0.22538951,-0.32128584,-0.12065333,-0.06043401,-0.4042877
