ts2vec_0,ts2vec_1,ts2vec_2,ts2vec_3,ts2vec_4,ts2vec_5,ts2vec_6,ts2vec_7,ts2vec_8,ts2vec_9,ts2vec_10,ts2vec_11,ts2vec_12,ts2vec_13,ts2vec_14,ts2vec_15,ts2vec_16,ts2vec_17,ts2vec_18,ts2vec_19,ts2vec_20,ts2vec_21,ts2vec_22,ts2vec_23,ts2vec_24,ts2vec_25,ts2vec_26,ts2vec_27,ts2vec_28,ts2vec_29,ts2vec_30,ts2vec_31
-0.60479903,-0.41210577,-0.6165961,0.07360237,-0.47570518,0.076452814,0.011292321,-0.4464119,-0.41560772,-0.3187335,-0.22552226,0.13732648,-0.15605101,0.06850381,0.12716796,0.13667545,-0.49650863,0.56233835,0.0003927641,-0.20238556,-0.21225856,-0.36465243,-0.5145121,-0.28138134,-0.6030262,-0.474183,0.13164668,-0.22400679,-0.2927713,-0.084426604,0.023839442,-0.41741797
