ts2vec_0,ts2vec_1,ts2vec_2,ts2vec_3,ts2vec_4,ts2vec_5,ts2vec_6,ts2vec_7,ts2vec_8,ts2vec_9,ts2vec_10,ts2vec_11,ts2vec_12,ts2vec_13,ts2vec_14,ts2vec_15,ts2vec_16,ts2vec_17,ts2vec_18,ts2vec_19,ts2vec_20,ts2vec_21,ts2vec_22,ts2vec_23,ts2vec_24,ts2vec_25,ts2vec_26,ts2vec_27,ts2vec_28,ts2vec_29,ts2vec_30,ts2vec_31
-0.3579458,0.5489307,0.48787752,-0.46587977,0.5854502,-0.29106084,-0.5131879,0.39132944,-0.020652268,0.15733047,-0.43902725,-0.4644511,-0.2876885,-0.12315525,-0.35599598,-0.32209915,-0.27222812,-0.3184884,-0.3726391,-0.32571092,-0.28658307,0.2601887,0.1255899,0.25101626,-0.32864097,-0.46933448,-0.4962524,-0.31076658,0.025653746,-0.19851002,-0.14599468,-0.25953853
