ts2vec_0,ts2vec_1,ts2vec_2,ts2vec_3,ts2vec_4,ts2vec_5,ts2vec_6,ts2vec_7,ts2vec_8,ts2vec_9,ts2vec_10,ts2vec_11,ts2vec_12,ts2vec_13,ts2vec_14,ts2vec_15,ts2vec_16,ts2vec_17,ts2vec_18,ts2vec_19,ts2vec_20,ts2vec_21,ts2vec_22,ts2vec_23,ts2vec_24,ts2vec_25,ts2vec_26,ts2vec_27,ts2vec_28,ts2vec_29,ts2vec_30,ts2vec_31
-0.30373046,-0.35144943,-0.3040983,-0.6008059,-0.43156576,-0.3254387,0.20969799,0.17900226,0.066108115,-0.034495883,-0.29013938,-0.45873785,0.053244177,0.41943687,0.15976503,-0.2525878,-0.41658252,-0.42075104,-0.4782302,-0.24798615,-0.27932897,-0.21245438,-0.26745266,-0.16793814,0.12640412,-0.518733,-0.5800048,-0.09707349,0.3502727,0.3339579,-0.19911408,-0.33337978
