ts2vec_0,ts2vec_1,ts2vec_2,ts2vec_3,ts2vec_4,ts2vec_5,ts2vec_6,ts2vec_7,ts2vec_8,ts2vec_9,ts2vec_10,ts2vec_11,ts2vec_12,ts2vec_13,ts2vec_14,ts2vec_15,ts2vec_16,ts2vec_17,ts2vec_18,ts2vec_19,ts2vec_20,ts2vec_21,ts2vec_22,ts2vec_23,ts2vec_24,ts2vec_25,ts2vec_26,ts2vec_27,ts2vec_28,ts2vec_29,ts2vec_30,ts2vec_31
-0.4514545,0.5726148,0.9701538,-0.5139701,0.59498197,-0.20622505,-0.64869654,0.56547046,0.19863561,-0.10297143,-0.5458056,-1.0420815,-0.14587681,-0.0094850045,-0.53948355,-0.78257275,-0.19150707,-0.50659233,-0.20883232,-0.4367815,-0.3065287,0.14170623,0.4760137,0.6136436,-0.18418534,-0.5058857,-0.76440585,-0.21686618,0.07202644,-0.21277769,-0.53159595,-0.12681115
