ts2vec_0,ts2vec_1,ts2vec_2,ts2vec_3,ts2vec_4,ts2vec_5,ts2vec_6,ts2vec_7,ts2vec_8,ts2vec_9,ts2vec_10,ts2vec_11,ts2vec_12,ts2vec_13,ts2vec_14,ts2vec_15,ts2vec_16,ts2vec_17,ts2vec_18,ts2vec_19,ts2vec_20,ts2vec_21,ts2vec_22,ts2vec_23,ts2vec_24,ts2vec_25,ts2vec_26,ts2vec_27,ts2vec_28,ts2vec_29,ts2vec_30,ts2vec_31
-0.39229953,1.2303711,1.2815899,-0.49899098,1.236766,-0.32449386,-0.58028895,0.63060707,-0.01595175,0.2287709,-0.08734497,-0.76752794,-0.4528781,-0.4469958,-0.6820849,-0.51778644,-0.16316783,-0.49447367,-0.2908486,-0.2273009,-0.41844597,0.71959245,0.47294185,-0.17609353,-0.46669748,0.11672592,-0.5343102,-0.48958558,-0.010674782,-0.5027743,-0.19382821,-0.19070548
