ts2vec_0,ts2vec_1,ts2vec_2,ts2vec_3,ts2vec_4,ts2vec_5,ts2vec_6,ts2vec_7,ts2vec_8,ts2vec_9,ts2vec_10,ts2vec_11,ts2vec_12,ts2vec_13,ts2vec_14,ts2vec_15,ts2vec_16,ts2vec_17,ts2vec_18,ts2vec_19,ts2vec_20,ts2vec_21,ts2vec_22,ts2vec_23,ts2vec_24,ts2vec_25,ts2vec_26,ts2vec_27,ts2vec_28,ts2vec_29,ts2vec_30,ts2vec_31
-0.5291681,-0.110454015,-0.0022315378,-0.5754335,-0.22686924,-0.2580486,-0.12090722,0.42526343,0.1596972,0.022288293,-0.4598857,-0.55924165,0.023438232,0.39026427,-0.0517136,-0.34174475,-0.41117007,-0.31485167,-0.3651653,-0.21863155,-0.379634,-0.071607985,-0.09371313,0.28988412,-0.09076348,-0.76683205,-0.6577479,-0.081096694,0.38038203,0.19738464,-0.33397797,-0.3476244
