ts2vec_0,ts2vec_1,ts2vec_2,ts2vec_3,ts2vec_4,ts2vec_5,ts2vec_6,ts2vec_7,ts2vec_8,ts2vec_9,ts2vec_10,ts2vec_11,ts2vec_12,ts2vec_13,ts2vec_14,ts2vec_15,ts2vec_16,ts2vec_17,ts2vec_18,ts2vec_19,ts2vec_20,ts2vec_21,ts2vec_22,ts2vec_23,ts2vec_24,ts2vec_25,ts2vec_26,ts2vec_27,ts2vec_28,ts2vec_29,ts2vec_30,ts2vec_31
-0.3975293,1.1205006,1.354046,-0.41529483,1.279661,-0.29998156,-0.5858854,0.6720396,0.017491717,0.17557414,-0.04473176,-0.7773548,-0.45728853,-0.42954072,-0.6688887,-0.54416275,-0.10121967,-0.5403357,-0.29390898,-0.2962711,-0.40846542,0.74945354,0.5772382,-0.21077575,-0.44152236,0.13670121,-0.5892941,-0.47071728,-0.01937711,-0.47930002,-0.18745501,-0.18183456
