ts2vec_0,ts2vec_1,ts2vec_2,ts2vec_3,ts2vec_4,ts2vec_5,ts2vec_6,ts2vec_7,ts2vec_8,ts2vec_9,ts2vec_10,ts2vec_11,ts2vec_12,ts2vec_13,ts2vec_14,ts2vec_15,ts2vec_16,ts2vec_17,ts2vec_18,ts2vec_19,ts2vec_20,ts2vec_21,ts2vec_22,ts2vec_23,ts2vec_24,ts2vec_25,ts2vec_26,ts2vec_27,ts2vec_28,ts2vec_29,ts2vec_30,ts2vec_31
-0.41160914,1.1547625,1.330534,-0.46898386,1.1896981,-0.30021846,-0.5907857,0.58330154,-0.05516723,0.14112411,-0.1910633,-0.91211355,-0.31797448,-0.36208683,-0.6746994,-0.6629024,-0.15222557,-0.561333,-0.29838684,-0.34167817,-0.38893762,0.582768,0.5172262,0.0931981,-0.41324347,0.0026713707,-0.5842501,-0.36748388,-0.015870025,-0.46625334,-0.35627195,-0.12489571
