ts2vec_0,ts2vec_1,ts2vec_2,ts2vec_3,ts2vec_4,ts2vec_5,ts2vec_6,ts2vec_7,ts2vec_8,ts2vec_9,ts2vec_10,ts2vec_11,ts2vec_12,ts2vec_13,ts2vec_14,ts2vec_15,ts2vec_16,ts2vec_17,ts2vec_18,ts2vec_19,ts2vec_20,ts2vec_21,ts2vec_22,ts2vec_23,ts2vec_24,ts2vec_25,ts2vec_26,ts2vec_27,ts2vec_28,ts2vec_29,ts2vec_30,ts2vec_31
-0.30198935,-0.3234361,-0.3887526,-0.58934724,-0.47608492,-0.33504942,0.1770506,0.11705129,0.031597007,0.019468969,-0.260178,-0.32797778,-0.008120851,0.32846984,0.1578291,-0.21670853,-0.42333063,-0.35105562,-0.4671833,-0.20541434,-0.27267575,-0.18095815,-0.34749046,-0.21352053,0.08308229,-0.52570987,-0.553932,-0.18938486,0.28383142,0.26337337,-0.1601644,-0.34170583
