ts2vec_0,ts2vec_1,ts2vec_2,ts2vec_3,ts2vec_4,ts2vec_5,ts2vec_6,ts2vec_7,ts2vec_8,ts2vec_9,ts2vec_10,ts2vec_11,ts2vec_12,ts2vec_13,ts2vec_14,ts2vec_15,ts2vec_16,ts2vec_17,ts2vec_18,ts2vec_19,ts2vec_20,ts2vec_21,ts2vec_22,ts2vec_23,ts2vec_24,ts2vec_25,ts2vec_26,ts2vec_27,ts2vec_28,ts2vec_29,ts2vec_30,ts2vec_31
-0.54849267,-0.34855354,-0.6625292,-0.043738842,-0.49898925,-0.0013464001,-0.019469956,-0.40894005,-0.35509974,-0.24444467,-0.20338488,0.15428856,-0.17305006,0.022587188,0.12927069,0.07138715,-0.43496296,0.50440294,-0.093270876,-0.23626937,-0.19323958,-0.32327363,-0.50509685,-0.24073033,-0.55471134,-0.48456985,0.08269882,-0.2381639,-0.26504067,-0.12736864,-0.03528417,-0.4166879
