ts2vec_0,ts2vec_1,ts2vec_2,ts2vec_3,ts2vec_4,ts2vec_5,ts2vec_6,ts2vec_7,ts2vec_8,ts2vec_9,ts2vec_10,ts2vec_11,ts2vec_12,ts2vec_13,ts2vec_14,ts2vec_15,ts2vec_16,ts2vec_17,ts2vec_18,ts2vec_19,ts2vec_20,ts2vec_21,ts2vec_22,ts2vec_23,ts2vec_24,ts2vec_25,ts2vec_26,ts2vec_27,ts2vec_28,ts2vec_29,ts2vec_30,ts2vec_31
-0.4893116,0.083095096,-0.28234503,-0.4018259,-0.078072645,-0.3092209,-0.32884237,0.13264193,-0.07606736,0.1197381,-0.5489798,0.008388464,-0.24378386,0.10709748,-0.057676554,-0.051351015,-0.39907676,0.035573255,-0.4180898,-0.21014664,-0.33123466,0.0033117242,-0.33780098,0.1570467,-0.39688134,-0.8069832,-0.32363012,-0.31414324,0.055831626,0.012786729,0.034513216,-0.42922398
