ts2vec_0,ts2vec_1,ts2vec_2,ts2vec_3,ts2vec_4,ts2vec_5,ts2vec_6,ts2vec_7,ts2vec_8,ts2vec_9,ts2vec_10,ts2vec_11,ts2vec_12,ts2vec_13,ts2vec_14,ts2vec_15,ts2vec_16,ts2vec_17,ts2vec_18,ts2vec_19,ts2vec_20,ts2vec_21,ts2vec_22,ts2vec_23,ts2vec_24,ts2vec_25,ts2vec_26,ts2vec_27,ts2vec_28,ts2vec_29,ts2vec_30,ts2vec_31
-0.40552238,0.9583153,0.5997845,-0.40510646,0.9125943,-0.38985196,-0.5898966,0.39988673,-0.1020818,0.26656076,-0.3287115,-0.1626426,-0.4738454,-0.32726693,-0.46005657,-0.15276244,-0.27364615,-0.15885611,-0.37693778,-0.18425718,-0.3021421,0.50596726,0.09424733,0.03471982,-0.5250401,-0.31294787,-0.28443116,-0.49244797,-0.07753318,-0.30895287,0.09687314,-0.33981445
