ts2vec_0,ts2vec_1,ts2vec_2,ts2vec_3,ts2vec_4,ts2vec_5,ts2vec_6,ts2vec_7,ts2vec_8,ts2vec_9,ts2vec_10,ts2vec_11,ts2vec_12,ts2vec_13,ts2vec_14,ts2vec_15,ts2vec_16,ts2vec_17,ts2vec_18,ts2vec_19,ts2vec_20,ts2vec_21,ts2vec_22,ts2vec_23,ts2vec_24,ts2vec_25,ts2vec_26,ts2vec_27,ts2vec_28,ts2vec_29,ts2vec_30,ts2vec_31
-0.44649076,0.96206385,0.9895177,-0.4928151,0.91616994,-0.29660028,-0.6231738,0.5680235,-0.02001876,0.20637098,-0.3278863,-0.701696,-0.32173464,-0.28856274,-0.58373874,-0.51880443,-0.21807118,-0.41718706,-0.30682725,-0.27534536,-0.38379043,0.49054036,0.33882943,0.24929596,-0.43451643,-0.27772424,-0.5757654,-0.37060097,0.016271956,-0.37652227,-0.29678544,-0.20430562
