ts2vec_0,ts2vec_1,ts2vec_2,ts2vec_3,ts2vec_4,ts2vec_5,ts2vec_6,ts2vec_7,ts2vec_8,ts2vec_9,ts2vec_10,ts2vec_11,ts2vec_12,ts2vec_13,ts2vec_14,ts2vec_15,ts2vec_16,ts2vec_17,ts2vec_18,ts2vec_19,ts2vec_20,ts2vec_21,ts2vec_22,ts2vec_23,ts2vec_24,ts2vec_25,ts2vec_26,ts2vec_27,ts2vec_28,ts2vec_29,ts2vec_30,ts2vec_31
-0.5694353,-0.06329666,-0.4907786,-0.38426638,-0.29054987,-0.25752708,-0.21776496,0.119695574,-0.10918866,0.1817515,-0.42876232,0.16998589,-0.22064407,0.12323737,0.03155058,0.081475854,-0.4407732,0.2043121,-0.33986956,-0.06530592,-0.3847275,-0.020951424,-0.4564246,0.041454777,-0.4837029,-0.821673,-0.2631814,-0.27628955,0.06299412,0.014414045,0.07389571,-0.51329356
