ts2vec_0,ts2vec_1,ts2vec_2,ts2vec_3,ts2vec_4,ts2vec_5,ts2vec_6,ts2vec_7,ts2vec_8,ts2vec_9,ts2vec_10,ts2vec_11,ts2vec_12,ts2vec_13,ts2vec_14,ts2vec_15,ts2vec_16,ts2vec_17,ts2vec_18,ts2vec_19,ts2vec_20,ts2vec_21,ts2vec_22,ts2vec_23,ts2vec_24,ts2vec_25,ts2vec_26,ts2vec_27,ts2vec_28,ts2vec_29,ts2vec_30,ts2vec_31
-0.36581343,-0.3601706,-0.4727597,-0.543997,-0.4675193,-0.2851451,0.1187467,0.0729048,-0.030926283,0.07578303,-0.2870508,-0.19425319,-0.07325755,0.2692155,0.16307317,-0.09821569,-0.42919716,-0.21077286,-0.44664603,-0.14650561,-0.36352992,-0.14662324,-0.41954446,-0.24753541,-0.10808024,-0.5911817,-0.48682797,-0.23921213,0.20917532,0.19418465,-0.060410112,-0.412713
