ts2vec_0,ts2vec_1,ts2vec_2,ts2vec_3,ts2vec_4,ts2vec_5,ts2vec_6,ts2vec_7,ts2vec_8,ts2vec_9,ts2vec_10,ts2vec_11,ts2vec_12,ts2vec_13,ts2vec_14,ts2vec_15,ts2vec_16,ts2vec_17,ts2vec_18,ts2vec_19,ts2vec_20,ts2vec_21,ts2vec_22,ts2vec_23,ts2vec_24,ts2vec_25,ts2vec_26,ts2vec_27,ts2vec_28,ts2vec_29,ts2vec_30,ts2vec_31
-0.4140211,-0.5922697,-0.28481632,-0.18070479,-0.5714831,0.051256586,0.29650715,-0.62149745,-0.44854182,-0.5841686,0.53584,-0.34681982,-0.040335044,-0.19159535,-0.18549421,-0.26185316,-0.4242673,-0.03783345,0.37077838,-0.12756519,-0.20456551,-0.45204833,-0.074426025,-0.62732565,-0.3304113,0.4489226,-0.12765296,-0.26969162,-0.63524956,-0.17714275,-0.47679594,-0.20166095
