ts2vec_0,ts2vec_1,ts2vec_2,ts2vec_3,ts2vec_4,ts2vec_5,ts2vec_6,ts2vec_7,ts2vec_8,ts2vec_9,ts2vec_10,ts2vec_11,ts2vec_12,ts2vec_13,ts2vec_14,ts2vec_15,ts2vec_16,ts2vec_17,ts2vec_18,ts2vec_19,ts2vec_20,ts2vec_21,ts2vec_22,ts2vec_23,ts2vec_24,ts2vec_25,ts2vec_26,ts2vec_27,ts2vec_28,ts2vec_29,ts2vec_30,ts2vec_31
-0.42576802,0.4250886,0.006039513,-0.33103067,0.35092616,-0.3002083,-0.4559735,0.12267951,-0.1867709,0.15979774,-0.43383732,0.035864554,-0.3325366,-0.16364585,-0.22374956,-0.046704248,-0.33784488,0.050274853,-0.3708509,-0.24395405,-0.25150725,0.1708363,-0.18939005,0.10249738,-0.5215243,-0.55559415,-0.21982603,-0.38801202,-0.12510113,-0.19181947,0.08628049,-0.37947825
