ts2vec_0,ts2vec_1,ts2vec_2,ts2vec_3,ts2vec_4,ts2vec_5,ts2vec_6,ts2vec_7,ts2vec_8,ts2vec_9,ts2vec_10,ts2vec_11,ts2vec_12,ts2vec_13,ts2vec_14,ts2vec_15,ts2vec_16,ts2vec_17,ts2vec_18,ts2vec_19,ts2vec_20,ts2vec_21,ts2vec_22,ts2vec_23,ts2vec_24,ts2vec_25,ts2vec_26,ts2vec_27,ts2vec_28,ts2vec_29,ts2vec_30,ts2vec_31
-0.37237054,-0.5603981,-0.60557586,-0.34399846,-0.6834417,-0.067186385,0.34892184,-0.39788762,-0.33276492,-0.16845402,0.3362799,-0.10965679,-0.06507446,-0.029268522,0.056831017,-0.068997055,-0.43400007,-0.09154587,0.04091742,0.014747392,-0.37877324,-0.32778764,-0.3662995,-0.6648416,-0.27941665,0.030076291,-0.22323191,-0.3138507,-0.3179405,-0.0011613675,-0.20752735,-0.31809565
