ts2vec_0,ts2vec_1,ts2vec_2,ts2vec_3,ts2vec_4,ts2vec_5,ts2vec_6,ts2vec_7,ts2vec_8,ts2vec_9,ts2vec_10,ts2vec_11,ts2vec_12,ts2vec_13,ts2vec_14,ts2vec_15,ts2vec_16,ts2vec_17,ts2vec_18,ts2vec_19,ts2vec_20,ts2vec_21,ts2vec_22,ts2vec_23,ts2vec_24,ts2vec_25,ts2vec_26,ts2vec_27,ts2vec_28,ts2vec_29,ts2vec_30,ts2vec_31
-0.4677124,0.9790217,0.93819505,-0.4707531,0.9278132,-0.31160703,-0.61415684,0.5494907,-0.046539735,0.23368615,-0.32148024,-0.6110057,-0.33147785,-0.27027664,-0.57716954,-0.43840668,-0.24609478,-0.374234,-0.32576826,-0.2499694,-0.40658003,0.5212439,0.2904575,0.22822814,-0.47064427,-0.28574997,-0.5220827,-0.37367627,0.019854855,-0.35236427,-0.2355437,-0.2484131
