ts2vec_0,ts2vec_1,ts2vec_2,ts2vec_3,ts2vec_4,ts2vec_5,ts2vec_6,ts2vec_7,ts2vec_8,ts2vec_9,ts2vec_10,ts2vec_11,ts2vec_12,ts2vec_13,ts2vec_14,ts2vec_15,ts2vec_16,ts2vec_17,ts2vec_18,ts2vec_19,ts2vec_20,ts2vec_21,ts2vec_22,ts2vec_23,ts2vec_24,ts2vec_25,ts2vec_26,ts2vec_27,ts2vec_28,ts2vec_29,ts2vec_30,ts2vec_31
-0.33236575,-0.5663126,-0.52705157,-0.30991068,-0.6575553,-0.032131378,0.3374834,-0.47355655,-0.3764817,-0.28598458,0.40500528,-0.17645502,-0.058690682,-0.08560052,-0.0319307,-0.131513,-0.41856343,-0.12314359,0.110694066,-0.042031974,-0.33369127,-0.36031684,-0.30899504,-0.69066715,-0.26886988,0.19041644,-0.19691773,-0.32571888,-0.41804412,-0.04324977,-0.27860704,-0.28120455
