ts2vec_0,ts2vec_1,ts2vec_2,ts2vec_3,ts2vec_4,ts2vec_5,ts2vec_6,ts2vec_7,ts2vec_8,ts2vec_9,ts2vec_10,ts2vec_11,ts2vec_12,ts2vec_13,ts2vec_14,ts2vec_15,ts2vec_16,ts2vec_17,ts2vec_18,ts2vec_19,ts2vec_20,ts2vec_21,ts2vec_22,ts2vec_23,ts2vec_24,ts2vec_25,ts2vec_26,ts2vec_27,ts2vec_28,ts2vec_29,ts2vec_30,ts2vec_31
-0.523524,0.49965188,0.3809749,-0.4934829,0.37359068,-0.2907507,-0.5887253,0.492211,0.0782111,0.21739666,-0.5432202,-0.36634028,-0.300775,-0.037019428,-0.36323673,-0.26187897,-0.34033108,-0.16572013,-0.32207477,-0.17919463,-0.3985361,0.2700992,0.02060915,0.38425848,-0.42167342,-0.7151691,-0.54085314,-0.34553975,0.1238106,-0.13349043,-0.13976288,-0.35761786
