ts2vec_0,ts2vec_1,ts2vec_2,ts2vec_3,ts2vec_4,ts2vec_5,ts2vec_6,ts2vec_7,ts2vec_8,ts2vec_9,ts2vec_10,ts2vec_11,ts2vec_12,ts2vec_13,ts2vec_14,ts2vec_15,ts2vec_16,ts2vec_17,ts2vec_18,ts2vec_19,ts2vec_20,ts2vec_21,ts2vec_22,ts2vec_23,ts2vec_24,ts2vec_25,ts2vec_26,ts2vec_27,ts2vec_28,ts2vec_29,ts2vec_30,ts2vec_31
-0.17154795,-0.49133942,-0.6442299,-0.5681508,-0.7288498,-0.24684964,0.45630747,-0.17343587,-0.24635832,0.10077916,0.50898063,-0.08764171,-0.057821866,-0.046347532,0.049952593,-0.01600101,-0.42366198,-0.4006429,-0.12311809,0.16944087,-0.38301572,-0.23249525,-0.4228742,-0.7879837,-0.07119234,0.11011611,-0.40371957,-0.3103253,-0.13275112,0.17895687,-0.17193434,-0.3485306
