ts2vec_0,ts2vec_1,ts2vec_2,ts2vec_3,ts2vec_4,ts2vec_5,ts2vec_6,ts2vec_7,ts2vec_8,ts2vec_9,ts2vec_10,ts2vec_11,ts2vec_12,ts2vec_13,ts2vec_14,ts2vec_15,ts2vec_16,ts2vec_17,ts2vec_18,ts2vec_19,ts2vec_20,ts2vec_21,ts2vec_22,ts2vec_23,ts2vec_24,ts2vec_25,ts2vec_26,ts2vec_27,ts2vec_28,ts2vec_29,ts2vec_30,ts2vec_31
-0.41694617,1.0996985,1.343735,-0.46421126,1.1516205,-0.27754885,-0.60676193,0.5725245,-0.027791392,0.08195033,-0.23291749,-0.97881377,-0.29123545,-0.30261204,-0.6869853,-0.7114132,-0.14989148,-0.59156656,-0.28075,-0.37782314,-0.39560017,0.51956767,0.55443615,0.1506044,-0.3819295,-0.041479222,-0.6124955,-0.34285837,-0.005485489,-0.43255633,-0.37747246,-0.104411155
