ts2vec_0,ts2vec_1,ts2vec_2,ts2vec_3,ts2vec_4,ts2vec_5,ts2vec_6,ts2vec_7,ts2vec_8,ts2vec_9,ts2vec_10,ts2vec_11,ts2vec_12,ts2vec_13,ts2vec_14,ts2vec_15,ts2vec_16,ts2vec_17,ts2vec_18,ts2vec_19,ts2vec_20,ts2vec_21,ts2vec_22,ts2vec_23,ts2vec_24,ts2vec_25,ts2vec_26,ts2vec_27,ts2vec_28,ts2vec_29,ts2vec_30,ts2vec_31
-0.38374513,-0.40444908,-0.61600393,-0.28670114,-0.43494064,-0.15595953,0.075040154,-0.2049138,-0.21218145,-0.06821251,-0.26280522,0.022423433,-0.14568071,0.1155997,0.15940602,0.013943123,-0.42048958,0.06845802,-0.303772,-0.19326435,-0.286722,-0.23475812,-0.4683027,-0.33066267,-0.29822147,-0.49223584,-0.22942963,-0.2845384,-0.061288025,0.0118514905,0.06251261,-0.4007986
