ts2vec_0,ts2vec_1,ts2vec_2,ts2vec_3,ts2vec_4,ts2vec_5,ts2vec_6,ts2vec_7,ts2vec_8,ts2vec_9,ts2vec_10,ts2vec_11,ts2vec_12,ts2vec_13,ts2vec_14,ts2vec_15,ts2vec_16,ts2vec_17,ts2vec_18,ts2vec_19,ts2vec_20,ts2vec_21,ts2vec_22,ts2vec_23,ts2vec_24,ts2vec_25,ts2vec_26,ts2vec_27,ts2vec_28,ts2vec_29,ts2vec_30,ts2vec_31
-0.47583967,0.07316186,-0.47351965,0.055481065,0.03865749,-0.23800212,-0.44986925,-0.3052435,-0.3524065,-0.18324853,-0.5989139,0.38426456,-0.41773093,-0.1044874,-0.05404857,0.18261294,-0.37575272,0.5371304,-0.27877873,-0.345045,-0.07089129,-0.21692234,-0.44267207,0.06100067,-0.66636705,-0.7302568,0.124670185,-0.36247092,-0.31184137,-0.15531854,0.3024942,-0.4507933
