ts2vec_0,ts2vec_1,ts2vec_2,ts2vec_3,ts2vec_4,ts2vec_5,ts2vec_6,ts2vec_7,ts2vec_8,ts2vec_9,ts2vec_10,ts2vec_11,ts2vec_12,ts2vec_13,ts2vec_14,ts2vec_15,ts2vec_16,ts2vec_17,ts2vec_18,ts2vec_19,ts2vec_20,ts2vec_21,ts2vec_22,ts2vec_23,ts2vec_24,ts2vec_25,ts2vec_26,ts2vec_27,ts2vec_28,ts2vec_29,ts2vec_30,ts2vec_31
-0.63380945,-0.36374852,-0.6908683,-0.075756714,-0.52541703,-0.0065494333,-0.00027321122,-0.36804792,-0.37034196,-0.18446708,-0.18495125,0.22265065,-0.17479932,0.059923995,0.12754317,0.13870852,-0.475151,0.49608067,-0.056972474,-0.11257214,-0.3270432,-0.28011194,-0.53685665,-0.27491564,-0.61507815,-0.5419603,0.058165073,-0.26728952,-0.25210133,-0.10250609,0.027647177,-0.44458726
