ts2vec_0,ts2vec_1,ts2vec_2,ts2vec_3,ts2vec_4,ts2vec_5,ts2vec_6,ts2vec_7,ts2vec_8,ts2vec_9,ts2vec_10,ts2vec_11,ts2vec_12,ts2vec_13,ts2vec_14,ts2vec_15,ts2vec_16,ts2vec_17,ts2vec_18,ts2vec_19,ts2vec_20,ts2vec_21,ts2vec_22,ts2vec_23,ts2vec_24,ts2vec_25,ts2vec_26,ts2vec_27,ts2vec_28,ts2vec_29,ts2vec_30,ts2vec_31
-0.6164546,-0.14428036,-0.6610229,-0.02851893,-0.33716738,-0.110686004,-0.27537635,-0.25222093,-0.31556454,-0.11945425,-0.40706226,0.45914516,-0.30572066,0.010893308,0.05181718,0.26292717,-0.44445527,0.64344585,-0.110261776,-0.08839026,-0.24476375,-0.2067507,-0.5242643,-0.026407842,-0.67510515,-0.75370854,0.12903544,-0.30165038,-0.27996725,-0.11423999,0.2198024,-0.53686917
