ts2vec_0,ts2vec_1,ts2vec_2,ts2vec_3,ts2vec_4,ts2vec_5,ts2vec_6,ts2vec_7,ts2vec_8,ts2vec_9,ts2vec_10,ts2vec_11,ts2vec_12,ts2vec_13,ts2vec_14,ts2vec_15,ts2vec_16,ts2vec_17,ts2vec_18,ts2vec_19,ts2vec_20,ts2vec_21,ts2vec_22,ts2vec_23,ts2vec_24,ts2vec_25,ts2vec_26,ts2vec_27,ts2vec_28,ts2vec_29,ts2vec_30,ts2vec_31
-0.65993536,-0.31669056,-0.64909536,0.047481827,-0.47142717,0.033509094,-0.12104896,-0.38995343,-0.36232957,-0.25556234,-0.27439597,0.29871988,-0.2244278,0.045939118,0.10536061,0.19356203,-0.4774451,0.6737114,0.0353968,-0.09878019,-0.24265346,-0.3145995,-0.51182914,-0.13402084,-0.6563642,-0.6221609,0.15322287,-0.26627734,-0.32571256,-0.1184567,0.07937877,-0.47926298
