ts2vec_0,ts2vec_1,ts2vec_2,ts2vec_3,ts2vec_4,ts2vec_5,ts2vec_6,ts2vec_7,ts2vec_8,ts2vec_9,ts2vec_10,ts2vec_11,ts2vec_12,ts2vec_13,ts2vec_14,ts2vec_15,ts2vec_16,ts2vec_17,ts2vec_18,ts2vec_19,ts2vec_20,ts2vec_21,ts2vec_22,ts2vec_23,ts2vec_24,ts2vec_25,ts2vec_26,ts2vec_27,ts2vec_28,ts2vec_29,ts2vec_30,ts2vec_31
-0.4539734,0.69098145,0.34914252,-0.40097865,0.65485764,-0.3602546,-0.5343188,0.32122687,-0.13044727,0.26019526,-0.4453112,-0.14616325,-0.36064753,-0.14720982,-0.34446174,-0.13840996,-0.33630148,-0.1355129,-0.43574354,-0.24923578,-0.33906347,0.35118523,-0.032803155,0.21762799,-0.49251664,-0.5506228,-0.32056886,-0.37534735,-0.00033015528,-0.1940579,0.037586406,-0.3610617
