ts2vec_0,ts2vec_1,ts2vec_2,ts2vec_3,ts2vec_4,ts2vec_5,ts2vec_6,ts2vec_7,ts2vec_8,ts2vec_9,ts2vec_10,ts2vec_11,ts2vec_12,ts2vec_13,ts2vec_14,ts2vec_15,ts2vec_16,ts2vec_17,ts2vec_18,ts2vec_19,ts2vec_20,ts2vec_21,ts2vec_22,ts2vec_23,ts2vec_24,ts2vec_25,ts2vec_26,ts2vec_27,ts2vec_28,ts2vec_29,ts2vec_30,ts2vec_31
-0.4433159,0.79133993,0.29685315,-0.33175918,0.73549306,-0.40220988,-0.56809837,0.24722952,-0.22255684,0.2629238,-0.4341895,0.043965448,-0.40306884,-0.23113632,-0.3545001,-0.040482838,-0.3278967,-0.046643052,-0.42936036,-0.21932417,-0.28678793,0.36267594,-0.08210856,0.17560041,-0.5711416,-0.5123564,-0.18833554,-0.41742823,-0.10986781,-0.23105066,0.14119765,-0.3862452
